-- Generated by Craft v2.6.2997 on Jan 30, 2018, 5:56:37 AM.

--
-- Disable foreign key checks and autocommit.
--

SET FOREIGN_KEY_CHECKS = 0;
SET SQL_MODE = "NO_AUTO_VALUE_ON_ZERO";
SET AUTOCOMMIT = 0;
SET NAMES utf8;


DROP TABLE IF EXISTS `craft_assetfiles`;


--
-- Schema for table `craft_assetfiles`
--
CREATE TABLE `craft_assetfiles` (
  `id` int(11) NOT NULL,
  `sourceId` int(11) DEFAULT NULL,
  `folderId` int(11) NOT NULL,
  `filename` varchar(255) COLLATE utf8_unicode_ci NOT NULL,
  `kind` varchar(50) COLLATE utf8_unicode_ci NOT NULL DEFAULT 'unknown',
  `width` int(11) unsigned DEFAULT NULL,
  `height` int(11) unsigned DEFAULT NULL,
  `size` bigint(20) unsigned DEFAULT NULL,
  `dateModified` datetime DEFAULT NULL,
  `dateCreated` datetime NOT NULL,
  `dateUpdated` datetime NOT NULL,
  `uid` char(36) COLLATE utf8_unicode_ci NOT NULL DEFAULT '0',
  PRIMARY KEY (`id`),
  UNIQUE KEY `craft_assetfiles_filename_folderId_unq_idx` (`filename`,`folderId`),
  KEY `craft_assetfiles_sourceId_fk` (`sourceId`),
  KEY `craft_assetfiles_folderId_fk` (`folderId`)
) ENGINE=InnoDB DEFAULT CHARSET=utf8 COLLATE=utf8_unicode_ci;

--
-- Data for table `craft_assetfiles`
--

INSERT INTO `craft_assetfiles` (`id`, `sourceId`, `folderId`, `filename`, `kind`, `width`, `height`, `size`, `dateModified`, `dateCreated`, `dateUpdated`, `uid`) VALUES
 ('60', '1', '1', 'Home_Topleft_Melanin.jpg', 'image', '515', '453', '208859', '2018-01-24 05:33:34', '2018-01-24 05:33:35', '2018-01-24 05:33:35', '0ab0cda0-689a-45ac-87d6-df3f0f84eb4d'),
 ('61', '1', '1', 'Home_Bottomleft_Blog.jpg', 'image', '515', '453', '150935', '2018-01-24 05:34:09', '2018-01-24 05:34:09', '2018-01-24 05:34:09', 'ad9b3de9-bc33-4e0d-aff0-877dc2ece574'),
 ('62', '1', '1', 'Home_TopRight_CPDallas.jpg', 'image', '955', '905', '413599', '2018-01-24 05:34:10', '2018-01-24 05:34:10', '2018-01-24 05:34:10', '65271280-bb1a-451a-b02b-7652104cd76b'),
 ('67', '1', '1', 'PP_Assets_Logo.svg', 'image', '480', '192', '493275', '2018-01-26 04:49:51', '2018-01-26 04:47:08', '2018-01-26 04:47:08', '3b156072-f61f-4b8c-bd29-3ea84afc777d'),
 ('74', '1', '1', '1.jpg', 'image', '369', '324', '18152', '2018-01-30 05:18:17', '2018-01-30 05:18:08', '2018-01-30 05:18:08', 'b50d9afb-ad93-407b-bf7a-88a33f913134'),
 ('75', '1', '1', '2.jpg', 'image', '368', '324', '18167', '2018-01-30 05:18:18', '2018-01-30 05:18:09', '2018-01-30 05:18:09', 'f5cd9a9e-2d22-47df-ac85-31509b43f737'),
 ('76', '1', '1', '3.jpg', 'image', '368', '324', '18867', '2018-01-30 05:18:18', '2018-01-30 05:18:09', '2018-01-30 05:18:09', '2b48daa0-dd6b-4088-ae24-bf5385a97402'),
 ('77', '1', '1', '4.jpg', 'image', '368', '324', '14568', '2018-01-30 05:18:19', '2018-01-30 05:18:10', '2018-01-30 05:18:10', '80968581-8e91-4b17-801b-aa5793271b3a');



DROP TABLE IF EXISTS `craft_assetfolders`;


--
-- Schema for table `craft_assetfolders`
--
CREATE TABLE `craft_assetfolders` (
  `id` int(11) NOT NULL AUTO_INCREMENT,
  `parentId` int(11) DEFAULT NULL,
  `sourceId` int(11) DEFAULT NULL,
  `name` varchar(255) COLLATE utf8_unicode_ci NOT NULL,
  `path` varchar(255) COLLATE utf8_unicode_ci DEFAULT NULL,
  `dateCreated` datetime NOT NULL,
  `dateUpdated` datetime NOT NULL,
  `uid` char(36) COLLATE utf8_unicode_ci NOT NULL DEFAULT '0',
  PRIMARY KEY (`id`),
  UNIQUE KEY `craft_assetfolders_name_parentId_sourceId_unq_idx` (`name`,`parentId`,`sourceId`),
  KEY `craft_assetfolders_parentId_fk` (`parentId`),
  KEY `craft_assetfolders_sourceId_fk` (`sourceId`)
) ENGINE=InnoDB AUTO_INCREMENT=2 DEFAULT CHARSET=utf8 COLLATE=utf8_unicode_ci;

--
-- Data for table `craft_assetfolders`
--

INSERT INTO `craft_assetfolders` (`id`, `parentId`, `sourceId`, `name`, `path`, `dateCreated`, `dateUpdated`, `uid`) VALUES
 ('1', NULL, '1', 'Images', '', '2017-11-17 07:02:06', '2017-11-17 07:02:06', 'f4978ce1-4317-4a22-80d1-72a63f675efc');



DROP TABLE IF EXISTS `craft_assetindexdata`;


--
-- Schema for table `craft_assetindexdata`
--
CREATE TABLE `craft_assetindexdata` (
  `id` int(11) NOT NULL AUTO_INCREMENT,
  `sessionId` varchar(36) COLLATE utf8_unicode_ci NOT NULL DEFAULT '',
  `sourceId` int(10) NOT NULL,
  `offset` int(10) NOT NULL,
  `uri` varchar(255) COLLATE utf8_unicode_ci DEFAULT NULL,
  `size` varchar(255) COLLATE utf8_unicode_ci DEFAULT NULL,
  `recordId` int(10) DEFAULT NULL,
  `dateCreated` datetime NOT NULL,
  `dateUpdated` datetime NOT NULL,
  `uid` char(36) COLLATE utf8_unicode_ci NOT NULL DEFAULT '0',
  PRIMARY KEY (`id`),
  UNIQUE KEY `craft_assetindexdata_sessionId_sourceId_offset_unq_idx` (`sessionId`,`sourceId`,`offset`),
  KEY `craft_assetindexdata_sourceId_fk` (`sourceId`)
) ENGINE=InnoDB DEFAULT CHARSET=utf8 COLLATE=utf8_unicode_ci;

DROP TABLE IF EXISTS `craft_assetsources`;


--
-- Schema for table `craft_assetsources`
--
CREATE TABLE `craft_assetsources` (
  `id` int(11) NOT NULL AUTO_INCREMENT,
  `name` varchar(255) COLLATE utf8_unicode_ci NOT NULL,
  `handle` varchar(255) COLLATE utf8_unicode_ci NOT NULL,
  `type` varchar(150) COLLATE utf8_unicode_ci NOT NULL,
  `settings` text COLLATE utf8_unicode_ci,
  `sortOrder` smallint(6) unsigned DEFAULT NULL,
  `fieldLayoutId` int(10) DEFAULT NULL,
  `dateCreated` datetime NOT NULL,
  `dateUpdated` datetime NOT NULL,
  `uid` char(36) COLLATE utf8_unicode_ci NOT NULL DEFAULT '0',
  PRIMARY KEY (`id`),
  UNIQUE KEY `craft_assetsources_name_unq_idx` (`name`),
  UNIQUE KEY `craft_assetsources_handle_unq_idx` (`handle`),
  KEY `craft_assetsources_fieldLayoutId_fk` (`fieldLayoutId`)
) ENGINE=InnoDB AUTO_INCREMENT=2 DEFAULT CHARSET=utf8 COLLATE=utf8_unicode_ci;

--
-- Data for table `craft_assetsources`
--

INSERT INTO `craft_assetsources` (`id`, `name`, `handle`, `type`, `settings`, `sortOrder`, `fieldLayoutId`, `dateCreated`, `dateUpdated`, `uid`) VALUES
 ('1', 'Images', 'images', 'Local', '{\"path\":\"{fileSystemPath}uploads\\/images\\/\",\"publicURLs\":\"1\",\"url\":\"\\/uploads\\/images\\/\"}', '1', '6', '2017-11-17 07:02:06', '2017-11-17 07:02:06', '6692a010-d191-4c32-b6b6-d0da71dbaaf7');



DROP TABLE IF EXISTS `craft_assettransformindex`;


--
-- Schema for table `craft_assettransformindex`
--
CREATE TABLE `craft_assettransformindex` (
  `id` int(11) NOT NULL AUTO_INCREMENT,
  `fileId` int(11) NOT NULL,
  `filename` varchar(255) COLLATE utf8_unicode_ci DEFAULT NULL,
  `format` varchar(255) COLLATE utf8_unicode_ci DEFAULT NULL,
  `location` varchar(255) COLLATE utf8_unicode_ci NOT NULL,
  `sourceId` int(11) DEFAULT NULL,
  `fileExists` tinyint(1) DEFAULT NULL,
  `inProgress` tinyint(1) DEFAULT NULL,
  `dateIndexed` datetime DEFAULT NULL,
  `dateCreated` datetime NOT NULL,
  `dateUpdated` datetime NOT NULL,
  `uid` char(36) COLLATE utf8_unicode_ci NOT NULL DEFAULT '0',
  PRIMARY KEY (`id`),
  KEY `craft_assettransformindex_sourceId_fileId_location_idx` (`sourceId`,`fileId`,`location`)
) ENGINE=InnoDB DEFAULT CHARSET=utf8 COLLATE=utf8_unicode_ci;

DROP TABLE IF EXISTS `craft_assettransforms`;


--
-- Schema for table `craft_assettransforms`
--
CREATE TABLE `craft_assettransforms` (
  `id` int(11) NOT NULL AUTO_INCREMENT,
  `name` varchar(255) COLLATE utf8_unicode_ci NOT NULL,
  `handle` varchar(255) COLLATE utf8_unicode_ci NOT NULL,
  `mode` enum('stretch','fit','crop') COLLATE utf8_unicode_ci NOT NULL DEFAULT 'crop',
  `position` enum('top-left','top-center','top-right','center-left','center-center','center-right','bottom-left','bottom-center','bottom-right') COLLATE utf8_unicode_ci NOT NULL DEFAULT 'center-center',
  `height` int(10) DEFAULT NULL,
  `width` int(10) DEFAULT NULL,
  `format` varchar(255) COLLATE utf8_unicode_ci DEFAULT NULL,
  `quality` int(10) DEFAULT NULL,
  `dimensionChangeTime` datetime DEFAULT NULL,
  `dateCreated` datetime NOT NULL,
  `dateUpdated` datetime NOT NULL,
  `uid` char(36) COLLATE utf8_unicode_ci NOT NULL DEFAULT '0',
  PRIMARY KEY (`id`),
  UNIQUE KEY `craft_assettransforms_name_unq_idx` (`name`),
  UNIQUE KEY `craft_assettransforms_handle_unq_idx` (`handle`)
) ENGINE=InnoDB DEFAULT CHARSET=utf8 COLLATE=utf8_unicode_ci;

DROP TABLE IF EXISTS `craft_categories`;


--
-- Schema for table `craft_categories`
--
CREATE TABLE `craft_categories` (
  `id` int(11) NOT NULL,
  `groupId` int(11) NOT NULL,
  `dateCreated` datetime NOT NULL,
  `dateUpdated` datetime NOT NULL,
  `uid` char(36) COLLATE utf8_unicode_ci NOT NULL DEFAULT '0',
  PRIMARY KEY (`id`),
  KEY `craft_categories_groupId_fk` (`groupId`)
) ENGINE=InnoDB DEFAULT CHARSET=utf8 COLLATE=utf8_unicode_ci;

DROP TABLE IF EXISTS `craft_categorygroups`;


--
-- Schema for table `craft_categorygroups`
--
CREATE TABLE `craft_categorygroups` (
  `id` int(11) NOT NULL AUTO_INCREMENT,
  `structureId` int(11) NOT NULL,
  `fieldLayoutId` int(11) DEFAULT NULL,
  `name` varchar(255) COLLATE utf8_unicode_ci NOT NULL,
  `handle` varchar(255) COLLATE utf8_unicode_ci NOT NULL,
  `hasUrls` tinyint(1) unsigned NOT NULL DEFAULT '1',
  `template` varchar(500) COLLATE utf8_unicode_ci DEFAULT NULL,
  `dateCreated` datetime NOT NULL,
  `dateUpdated` datetime NOT NULL,
  `uid` char(36) COLLATE utf8_unicode_ci NOT NULL DEFAULT '0',
  PRIMARY KEY (`id`),
  UNIQUE KEY `craft_categorygroups_name_unq_idx` (`name`),
  UNIQUE KEY `craft_categorygroups_handle_unq_idx` (`handle`),
  KEY `craft_categorygroups_structureId_fk` (`structureId`),
  KEY `craft_categorygroups_fieldLayoutId_fk` (`fieldLayoutId`)
) ENGINE=InnoDB DEFAULT CHARSET=utf8 COLLATE=utf8_unicode_ci;

DROP TABLE IF EXISTS `craft_categorygroups_i18n`;


--
-- Schema for table `craft_categorygroups_i18n`
--
CREATE TABLE `craft_categorygroups_i18n` (
  `id` int(11) NOT NULL AUTO_INCREMENT,
  `groupId` int(11) NOT NULL,
  `locale` char(12) COLLATE utf8_unicode_ci NOT NULL,
  `urlFormat` text COLLATE utf8_unicode_ci,
  `nestedUrlFormat` text COLLATE utf8_unicode_ci,
  `dateCreated` datetime NOT NULL,
  `dateUpdated` datetime NOT NULL,
  `uid` char(36) COLLATE utf8_unicode_ci NOT NULL DEFAULT '0',
  PRIMARY KEY (`id`),
  UNIQUE KEY `craft_categorygroups_i18n_groupId_locale_unq_idx` (`groupId`,`locale`),
  KEY `craft_categorygroups_i18n_locale_fk` (`locale`)
) ENGINE=InnoDB DEFAULT CHARSET=utf8 COLLATE=utf8_unicode_ci;

DROP TABLE IF EXISTS `craft_content`;


--
-- Schema for table `craft_content`
--
CREATE TABLE `craft_content` (
  `id` int(11) NOT NULL AUTO_INCREMENT,
  `elementId` int(11) NOT NULL,
  `locale` char(12) COLLATE utf8_unicode_ci NOT NULL,
  `title` varchar(255) COLLATE utf8_unicode_ci DEFAULT NULL,
  `field_body` text COLLATE utf8_unicode_ci,
  `field_titleText` text COLLATE utf8_unicode_ci,
  `field_titleRich` text COLLATE utf8_unicode_ci,
  `field_text` text COLLATE utf8_unicode_ci,
  `field_textAuthor` text COLLATE utf8_unicode_ci,
  `field_linkText` text COLLATE utf8_unicode_ci,
  `field_linkAddress` text COLLATE utf8_unicode_ci,
  `field_servicesTitle` text COLLATE utf8_unicode_ci,
  `field_servicesBody` text COLLATE utf8_unicode_ci,
  `field_training` text COLLATE utf8_unicode_ci,
  `field_metaTitle` text COLLATE utf8_unicode_ci,
  `field_metaDescription` text COLLATE utf8_unicode_ci,
  `field_facebook` text COLLATE utf8_unicode_ci,
  `field_instagram` text COLLATE utf8_unicode_ci,
  `field_twitter` text COLLATE utf8_unicode_ci,
  `field_pinterest` text COLLATE utf8_unicode_ci,
  `field_contactName` text COLLATE utf8_unicode_ci,
  `field_contactEmail` text COLLATE utf8_unicode_ci,
  `field_contactPhone` text COLLATE utf8_unicode_ci,
  `field_contactMessage` text COLLATE utf8_unicode_ci,
  `field_location` text COLLATE utf8_unicode_ci,
  `field_tel` text COLLATE utf8_unicode_ci,
  `field_email` text COLLATE utf8_unicode_ci,
  `field_youtube` text COLLATE utf8_unicode_ci,
  `field_googlePlus` text COLLATE utf8_unicode_ci,
  `field_linkedin` text COLLATE utf8_unicode_ci,
  `field_testProduct` varchar(255) COLLATE utf8_unicode_ci DEFAULT NULL,
  `field_slidesLeftUpHeading` text COLLATE utf8_unicode_ci,
  `field_slidesLeftBottomHeading` text COLLATE utf8_unicode_ci,
  `field_slidesLeftUpLink` text COLLATE utf8_unicode_ci,
  `field_slidesLeftBottomLink` text COLLATE utf8_unicode_ci,
  `field_slidesRightHeading` text COLLATE utf8_unicode_ci,
  `field_slidesRightLink` text COLLATE utf8_unicode_ci,
  `dateCreated` datetime NOT NULL,
  `dateUpdated` datetime NOT NULL,
  `uid` char(36) COLLATE utf8_unicode_ci NOT NULL DEFAULT '0',
  PRIMARY KEY (`id`),
  UNIQUE KEY `craft_content_elementId_locale_unq_idx` (`elementId`,`locale`),
  KEY `craft_content_title_idx` (`title`),
  KEY `craft_content_locale_fk` (`locale`)
) ENGINE=InnoDB AUTO_INCREMENT=68 DEFAULT CHARSET=utf8 COLLATE=utf8_unicode_ci;

--
-- Data for table `craft_content`
--

INSERT INTO `craft_content` (`id`, `elementId`, `locale`, `title`, `field_body`, `field_titleText`, `field_titleRich`, `field_text`, `field_textAuthor`, `field_linkText`, `field_linkAddress`, `field_servicesTitle`, `field_servicesBody`, `field_training`, `field_metaTitle`, `field_metaDescription`, `field_facebook`, `field_instagram`, `field_twitter`, `field_pinterest`, `field_contactName`, `field_contactEmail`, `field_contactPhone`, `field_contactMessage`, `field_location`, `field_tel`, `field_email`, `field_youtube`, `field_googlePlus`, `field_linkedin`, `field_testProduct`, `field_slidesLeftUpHeading`, `field_slidesLeftBottomHeading`, `field_slidesLeftUpLink`, `field_slidesLeftBottomLink`, `field_slidesRightHeading`, `field_slidesRightLink`, `dateCreated`, `dateUpdated`, `uid`) VALUES
 ('1', '1', 'en_us', NULL, NULL, NULL, NULL, NULL, NULL, NULL, NULL, NULL, NULL, NULL, NULL, NULL, NULL, NULL, NULL, NULL, NULL, NULL, NULL, NULL, NULL, NULL, NULL, NULL, NULL, NULL, NULL, NULL, NULL, NULL, NULL, NULL, NULL, '2017-11-17 06:35:15', '2017-11-17 06:35:15', 'd6ba7a5b-f54f-401e-9625-fa8821a8909e'),
 ('2', '2', 'en_us', 'Homepage', '<p>It’s true, this site doesn’t have a whole lot of content yet, but don’t worry. Our web developers have just installed the CMS, and they’re setting things up for the content editors this very moment. Soon Localhost will be an oasis of fresh perspectives, sharp analyses, and astute opinions that will keep you coming back again and again.</p>', NULL, NULL, NULL, NULL, NULL, NULL, 'Services', '<h5>Working out, eating healthy, and losing weight does not have to be a chore. </h5>\n<p>It should be an energizing, enjoyable, and empowering experience that you look forward to every day. Together, we will overcome your obstacles, push your boundaries and have a ton of fun, making your fitness dreams a reality.</p>', NULL, NULL, NULL, NULL, NULL, NULL, NULL, NULL, NULL, NULL, NULL, '5555 E. Mockingbird Lane S-200\r\nDallas, Texas 75206', '254.214.2618', 'bodybyrobbie@gmail.com', NULL, NULL, NULL, NULL, NULL, NULL, NULL, NULL, NULL, NULL, '2017-11-17 06:35:17', '2017-12-13 13:03:26', '2aba6aaf-0d2e-4446-8c00-ee14abed3d05'),
 ('6', '6', 'en_us', NULL, NULL, NULL, NULL, NULL, NULL, NULL, NULL, NULL, NULL, NULL, NULL, NULL, '', 'https://www.instagram.com/bodybyrobbie/', '', '', NULL, NULL, NULL, NULL, NULL, NULL, NULL, '', '', '', NULL, NULL, NULL, NULL, NULL, NULL, NULL, '2017-12-03 06:22:01', '2018-01-26 04:47:14', '964a3432-0545-4d45-afb2-67e3248ce727'),
 ('7', '7', 'en_us', NULL, NULL, NULL, NULL, NULL, NULL, NULL, NULL, NULL, NULL, NULL, NULL, NULL, NULL, NULL, NULL, NULL, NULL, NULL, NULL, NULL, NULL, NULL, NULL, NULL, NULL, NULL, NULL, NULL, NULL, NULL, NULL, NULL, NULL, '2017-12-03 06:38:13', '2017-12-03 06:38:13', 'ccea4637-2f77-4b9f-9728-4e5e61b911b9'),
 ('50', '52', 'en_us', 'Name: Yulu Zhang; Email: daituzhang@gmail.com; Phone: 4698036177; Message: dd; Date: 1514349692', NULL, NULL, NULL, NULL, NULL, NULL, NULL, NULL, NULL, NULL, NULL, NULL, NULL, NULL, NULL, NULL, 'Yulu Zhang', 'daituzhang@gmail.com', '4698036177', 'dd', NULL, NULL, NULL, NULL, NULL, NULL, NULL, NULL, NULL, NULL, NULL, NULL, NULL, '2017-12-27 04:41:32', '2017-12-27 04:41:32', '6d731e17-bb5c-472f-8014-5a2a44352c97'),
 ('51', '53', 'en_us', 'Name: Yulu Zhang; Email: daituzhang@gmail.com; Phone: 4698036177; Message: ff; Date: 1514349703', NULL, NULL, NULL, NULL, NULL, NULL, NULL, NULL, NULL, NULL, NULL, NULL, NULL, NULL, NULL, NULL, 'Yulu Zhang', 'daituzhang@gmail.com', '4698036177', 'ff', NULL, NULL, NULL, NULL, NULL, NULL, NULL, NULL, NULL, NULL, NULL, NULL, NULL, '2017-12-27 04:41:43', '2017-12-27 04:41:43', 'ef885093-1691-4feb-8ba2-db2a81222d3b'),
 ('52', '54', 'en_us', 'Name: Yulu Zhang; Email: daituzhang@gmail.com; Phone: 4698036177; Message: dd; Date: 1514351327', NULL, NULL, NULL, NULL, NULL, NULL, NULL, NULL, NULL, NULL, NULL, NULL, NULL, NULL, NULL, NULL, 'Yulu Zhang', 'daituzhang@gmail.com', '4698036177', 'dd', NULL, NULL, NULL, NULL, NULL, NULL, NULL, NULL, NULL, NULL, NULL, NULL, NULL, '2017-12-27 05:08:48', '2017-12-27 05:08:48', 'fd42c735-a6b8-494c-bf10-db7324aa8f1d'),
 ('53', '55', 'en_us', 'Name: Yulu Zhang; Email: daituzhang@gmail.com; Phone: 4698036177; Message: ff; Date: 1514351333', NULL, NULL, NULL, NULL, NULL, NULL, NULL, NULL, NULL, NULL, NULL, NULL, NULL, NULL, NULL, NULL, 'Yulu Zhang', 'daituzhang@gmail.com', '4698036177', 'ff', NULL, NULL, NULL, NULL, NULL, NULL, NULL, NULL, NULL, NULL, NULL, NULL, NULL, '2017-12-27 05:08:53', '2017-12-27 05:08:53', '08914ec3-221e-40c7-8bc4-f09b03caec60'),
 ('54', '56', 'en_us', 'Name: Yulu Zhang; Email: daituzhang@gmail.com; Phone: 4698036177; Message: dd; Date: 1514351713', NULL, NULL, NULL, NULL, NULL, NULL, NULL, NULL, NULL, NULL, NULL, NULL, NULL, NULL, NULL, NULL, 'Yulu Zhang', 'daituzhang@gmail.com', '4698036177', 'dd', NULL, NULL, NULL, NULL, NULL, NULL, NULL, NULL, NULL, NULL, NULL, NULL, NULL, '2017-12-27 05:15:13', '2017-12-27 05:15:13', '6351d386-d46d-4051-ab52-5a80e9efee06'),
 ('55', '57', 'en_us', 'Name: Yulu Zhang; Email: daituzhang@gmail.com; Phone: 4698036177; Message: dd; Date: 1514352358', NULL, NULL, NULL, NULL, NULL, NULL, NULL, NULL, NULL, NULL, NULL, NULL, NULL, NULL, NULL, NULL, 'Yulu Zhang', 'daituzhang@gmail.com', '4698036177', 'dd', NULL, NULL, NULL, NULL, NULL, NULL, NULL, NULL, NULL, NULL, NULL, NULL, NULL, '2017-12-27 05:25:58', '2017-12-27 05:25:58', 'ea890ebb-3973-42ad-a7a6-d95bd169d720'),
 ('56', '58', 'en_us', 'Name: Yulu Zhang; Email: daituzhang@gmail.com; Phone: 4698036177; Message: dd; Date: 1514352491', NULL, NULL, NULL, NULL, NULL, NULL, NULL, NULL, NULL, NULL, NULL, NULL, NULL, NULL, NULL, NULL, 'Yulu Zhang', 'daituzhang@gmail.com', '4698036177', 'dd', NULL, NULL, NULL, NULL, NULL, NULL, NULL, NULL, NULL, NULL, NULL, NULL, NULL, '2017-12-27 05:28:11', '2017-12-27 05:28:11', '8a686610-5a21-4424-a4b0-350f45765ce9'),
 ('57', '59', 'en_us', 'Shopify product', NULL, NULL, NULL, NULL, NULL, NULL, NULL, NULL, NULL, NULL, NULL, NULL, NULL, NULL, NULL, NULL, NULL, NULL, NULL, NULL, NULL, NULL, NULL, NULL, NULL, NULL, '633661489195', NULL, NULL, NULL, NULL, NULL, NULL, '2017-12-28 02:31:43', '2017-12-28 02:31:43', 'a5f2ec9e-2476-43de-82eb-6778dda2e1ef'),
 ('58', '60', 'en_us', 'Home Topleft Melanin', NULL, NULL, NULL, NULL, NULL, NULL, NULL, NULL, NULL, NULL, NULL, NULL, NULL, NULL, NULL, NULL, NULL, NULL, NULL, NULL, NULL, NULL, NULL, NULL, NULL, NULL, NULL, NULL, NULL, NULL, NULL, NULL, NULL, '2018-01-24 05:33:35', '2018-01-24 05:33:35', 'e6c6875f-71bb-4ce6-bc58-0b2f16fe19db'),
 ('59', '61', 'en_us', 'Home Bottomleft Blog', NULL, NULL, NULL, NULL, NULL, NULL, NULL, NULL, NULL, NULL, NULL, NULL, NULL, NULL, NULL, NULL, NULL, NULL, NULL, NULL, NULL, NULL, NULL, NULL, NULL, NULL, NULL, NULL, NULL, NULL, NULL, NULL, NULL, '2018-01-24 05:34:09', '2018-01-24 05:34:09', 'f8a50076-15a8-463b-ba81-1aeca193884a'),
 ('60', '62', 'en_us', 'Home Top Right Cpdallas', NULL, NULL, NULL, NULL, NULL, NULL, NULL, NULL, NULL, NULL, NULL, NULL, NULL, NULL, NULL, NULL, NULL, NULL, NULL, NULL, NULL, NULL, NULL, NULL, NULL, NULL, NULL, NULL, NULL, NULL, NULL, NULL, NULL, '2018-01-24 05:34:10', '2018-01-24 05:34:10', 'a0d43efd-da6f-43b9-9baa-2b60fde1f634'),
 ('61', '63', 'en_us', 'Home', NULL, NULL, NULL, NULL, NULL, NULL, NULL, NULL, NULL, NULL, NULL, NULL, NULL, NULL, NULL, NULL, NULL, NULL, NULL, NULL, NULL, NULL, NULL, NULL, NULL, NULL, NULL, 'shop melanin', 'check out the blog', '', '', 'read the forbes interview', '', '2018-01-24 05:36:20', '2018-01-28 23:04:48', '8f721a12-2f5e-41f5-bc7d-99e170d23088'),
 ('62', '67', 'en_us', 'Pp Assets Logo', NULL, NULL, NULL, NULL, NULL, NULL, NULL, NULL, NULL, NULL, NULL, NULL, NULL, NULL, NULL, NULL, NULL, NULL, NULL, NULL, NULL, NULL, NULL, NULL, NULL, NULL, NULL, NULL, NULL, NULL, NULL, NULL, NULL, '2018-01-26 04:47:08', '2018-01-26 04:47:08', '184a4c77-c815-41eb-936f-544974448856'),
 ('63', '74', 'en_us', '1', NULL, NULL, NULL, NULL, NULL, NULL, NULL, NULL, NULL, NULL, NULL, NULL, NULL, NULL, NULL, NULL, NULL, NULL, NULL, NULL, NULL, NULL, NULL, NULL, NULL, NULL, NULL, NULL, NULL, NULL, NULL, NULL, NULL, '2018-01-30 05:18:08', '2018-01-30 05:18:08', '3c15f71c-be0e-4d25-92b6-d968cf10d3ef'),
 ('64', '75', 'en_us', '2', NULL, NULL, NULL, NULL, NULL, NULL, NULL, NULL, NULL, NULL, NULL, NULL, NULL, NULL, NULL, NULL, NULL, NULL, NULL, NULL, NULL, NULL, NULL, NULL, NULL, NULL, NULL, NULL, NULL, NULL, NULL, NULL, NULL, '2018-01-30 05:18:09', '2018-01-30 05:18:09', 'dadf1135-1251-45c1-8fc4-f5fbb19ee0f2'),
 ('65', '76', 'en_us', '3', NULL, NULL, NULL, NULL, NULL, NULL, NULL, NULL, NULL, NULL, NULL, NULL, NULL, NULL, NULL, NULL, NULL, NULL, NULL, NULL, NULL, NULL, NULL, NULL, NULL, NULL, NULL, NULL, NULL, NULL, NULL, NULL, NULL, '2018-01-30 05:18:09', '2018-01-30 05:18:09', 'd9e0c5cf-82ef-4537-ad99-d9c8d68f3b39'),
 ('66', '77', 'en_us', '4', NULL, NULL, NULL, NULL, NULL, NULL, NULL, NULL, NULL, NULL, NULL, NULL, NULL, NULL, NULL, NULL, NULL, NULL, NULL, NULL, NULL, NULL, NULL, NULL, NULL, NULL, NULL, NULL, NULL, NULL, NULL, NULL, NULL, '2018-01-30 05:18:10', '2018-01-30 05:18:10', '56725ea1-c17a-4ff4-aae9-997f24043a5b'),
 ('67', '78', 'en_us', 'Press', NULL, NULL, NULL, NULL, NULL, NULL, NULL, NULL, NULL, NULL, NULL, NULL, NULL, NULL, NULL, NULL, NULL, NULL, NULL, NULL, NULL, NULL, NULL, NULL, NULL, NULL, NULL, NULL, NULL, NULL, NULL, NULL, NULL, '2018-01-30 05:19:11', '2018-01-30 05:19:11', '5f200b24-a9d7-420f-bbfd-254fcbcb0ee8');



DROP TABLE IF EXISTS `craft_deprecationerrors`;


--
-- Schema for table `craft_deprecationerrors`
--
CREATE TABLE `craft_deprecationerrors` (
  `id` int(11) NOT NULL AUTO_INCREMENT,
  `key` varchar(255) COLLATE utf8_unicode_ci NOT NULL,
  `fingerprint` varchar(255) COLLATE utf8_unicode_ci NOT NULL,
  `lastOccurrence` datetime NOT NULL,
  `file` varchar(255) COLLATE utf8_unicode_ci NOT NULL,
  `line` smallint(6) unsigned NOT NULL,
  `class` varchar(255) COLLATE utf8_unicode_ci DEFAULT NULL,
  `method` varchar(255) COLLATE utf8_unicode_ci DEFAULT NULL,
  `template` varchar(255) COLLATE utf8_unicode_ci DEFAULT NULL,
  `templateLine` smallint(6) unsigned DEFAULT NULL,
  `message` varchar(255) COLLATE utf8_unicode_ci DEFAULT NULL,
  `traces` text COLLATE utf8_unicode_ci,
  `dateCreated` datetime NOT NULL,
  `dateUpdated` datetime NOT NULL,
  `uid` char(36) COLLATE utf8_unicode_ci NOT NULL DEFAULT '0',
  PRIMARY KEY (`id`),
  UNIQUE KEY `craft_deprecationerrors_key_fingerprint_unq_idx` (`key`,`fingerprint`)
) ENGINE=InnoDB DEFAULT CHARSET=utf8 COLLATE=utf8_unicode_ci;

DROP TABLE IF EXISTS `craft_elementindexsettings`;


--
-- Schema for table `craft_elementindexsettings`
--
CREATE TABLE `craft_elementindexsettings` (
  `id` int(11) NOT NULL AUTO_INCREMENT,
  `type` varchar(150) COLLATE utf8_unicode_ci NOT NULL,
  `settings` text COLLATE utf8_unicode_ci,
  `dateCreated` datetime NOT NULL,
  `dateUpdated` datetime NOT NULL,
  `uid` char(36) COLLATE utf8_unicode_ci NOT NULL DEFAULT '0',
  PRIMARY KEY (`id`),
  UNIQUE KEY `craft_elementindexsettings_type_unq_idx` (`type`)
) ENGINE=InnoDB DEFAULT CHARSET=utf8 COLLATE=utf8_unicode_ci;

DROP TABLE IF EXISTS `craft_elements`;


--
-- Schema for table `craft_elements`
--
CREATE TABLE `craft_elements` (
  `id` int(11) NOT NULL AUTO_INCREMENT,
  `type` varchar(150) COLLATE utf8_unicode_ci NOT NULL,
  `enabled` tinyint(1) unsigned NOT NULL DEFAULT '1',
  `archived` tinyint(1) unsigned NOT NULL DEFAULT '0',
  `dateCreated` datetime NOT NULL,
  `dateUpdated` datetime NOT NULL,
  `uid` char(36) COLLATE utf8_unicode_ci NOT NULL DEFAULT '0',
  PRIMARY KEY (`id`),
  KEY `craft_elements_type_idx` (`type`),
  KEY `craft_elements_enabled_idx` (`enabled`),
  KEY `craft_elements_archived_dateCreated_idx` (`archived`,`dateCreated`)
) ENGINE=InnoDB AUTO_INCREMENT=83 DEFAULT CHARSET=utf8 COLLATE=utf8_unicode_ci;

--
-- Data for table `craft_elements`
--

INSERT INTO `craft_elements` (`id`, `type`, `enabled`, `archived`, `dateCreated`, `dateUpdated`, `uid`) VALUES
 ('1', 'User', '1', '0', '2017-11-17 06:35:15', '2017-11-17 06:35:15', '7f6df911-b3f8-4592-bb4d-2414fb98cac0'),
 ('2', 'Entry', '1', '0', '2017-11-17 06:35:17', '2017-12-13 13:03:26', 'eedea85f-16f9-4940-aff8-a78d6abbf950'),
 ('6', 'GlobalSet', '1', '0', '2017-12-03 06:22:01', '2018-01-26 04:47:14', '3bff42c9-b61b-4f81-bffe-ef2fecdb70dc'),
 ('7', 'GlobalSet', '1', '0', '2017-12-03 06:38:13', '2017-12-03 06:38:13', '433e1914-ea41-4e3b-84ed-da09e7f7a83c'),
 ('19', 'FormBuilder_Form', '1', '0', '2017-12-08 16:15:22', '2017-12-08 16:15:22', '80372177-b68d-45dc-a474-030a5ab8bff9'),
 ('51', 'FormBuilder_Form', '1', '0', '2017-12-11 15:49:38', '2017-12-27 04:41:21', '8ba899ea-589c-44c6-bcdd-888555f78236'),
 ('52', 'FormBuilder_Entry', '1', '0', '2017-12-27 04:41:32', '2017-12-27 04:41:32', '56a4676d-bf7f-4141-8ace-4dac225924ad'),
 ('53', 'FormBuilder_Entry', '1', '0', '2017-12-27 04:41:43', '2017-12-27 04:41:43', 'dea02469-9c83-4ecb-b836-db76424d6763'),
 ('54', 'FormBuilder_Entry', '1', '0', '2017-12-27 05:08:48', '2017-12-27 05:08:48', '9485c3c2-1ede-48f2-b027-525dee4436de'),
 ('55', 'FormBuilder_Entry', '1', '0', '2017-12-27 05:08:53', '2017-12-27 05:08:53', 'acdf4c61-9036-4580-b02b-7ae86711fdca'),
 ('56', 'FormBuilder_Entry', '1', '0', '2017-12-27 05:15:13', '2017-12-27 05:15:13', 'b3d770d0-7ff5-4500-b3c7-fe26a66f0b56'),
 ('57', 'FormBuilder_Entry', '1', '0', '2017-12-27 05:25:58', '2017-12-27 05:25:58', '1ae0eabf-eb5c-4829-8d0c-0ac5a7f7518d'),
 ('58', 'FormBuilder_Entry', '1', '0', '2017-12-27 05:28:11', '2017-12-27 05:28:11', 'abc537c7-478a-456d-a448-c14f32a3716c'),
 ('59', 'Entry', '1', '0', '2017-12-28 02:31:43', '2017-12-28 02:31:43', 'd871fc4f-130e-442a-820d-d6a204fb8668'),
 ('60', 'Asset', '1', '0', '2018-01-24 05:33:35', '2018-01-24 05:33:35', '149e6398-8dac-499c-9a6e-11fb9e2de253'),
 ('61', 'Asset', '1', '0', '2018-01-24 05:34:09', '2018-01-24 05:34:09', '0c61e6af-5e79-45c6-a0bd-f23f6e56a9a2'),
 ('62', 'Asset', '1', '0', '2018-01-24 05:34:10', '2018-01-24 05:34:10', 'b7d63ff2-aa38-4538-a768-b3e94345874b'),
 ('63', 'Entry', '1', '0', '2018-01-24 05:36:20', '2018-01-28 23:04:48', '822ccc8f-7cd0-4805-93bb-ef962c191624'),
 ('67', 'Asset', '1', '0', '2018-01-26 04:47:08', '2018-01-26 04:47:08', '676e0779-9628-47f1-aa55-acfb40226e75'),
 ('68', 'MatrixBlock', '1', '0', '2018-01-27 20:31:51', '2018-01-28 23:04:48', '65c8291c-d804-4895-8c40-c09ee8a00954'),
 ('69', 'MatrixBlock', '1', '0', '2018-01-27 20:31:51', '2018-01-28 23:04:48', '6b32e351-93e2-4cc8-9f51-4c9d3be0812a'),
 ('70', 'MatrixBlock', '1', '0', '2018-01-27 20:31:51', '2018-01-28 23:04:48', '670b4786-7b23-4e47-800b-18217c571e52'),
 ('71', 'MatrixBlock', '1', '0', '2018-01-27 20:31:51', '2018-01-28 23:04:48', 'b6c4cb1e-b274-48a4-9dc7-6f1ac5950e44'),
 ('72', 'MatrixBlock', '1', '0', '2018-01-27 20:31:51', '2018-01-28 23:04:48', 'e6ccb1bb-a0b7-4005-94d9-b0d49cef0536'),
 ('73', 'MatrixBlock', '1', '0', '2018-01-27 20:31:51', '2018-01-28 23:04:48', 'a31ea54c-9fad-4a41-b10c-62680fa46577'),
 ('74', 'Asset', '1', '0', '2018-01-30 05:18:08', '2018-01-30 05:18:08', '9919c7f3-9463-47f2-9f43-04c5298a3a11'),
 ('75', 'Asset', '1', '0', '2018-01-30 05:18:09', '2018-01-30 05:18:09', '9243337f-7c04-47d0-b228-b17e75c9f572'),
 ('76', 'Asset', '1', '0', '2018-01-30 05:18:09', '2018-01-30 05:18:09', '12a14368-4b28-49ec-a510-4c982c887f47'),
 ('77', 'Asset', '1', '0', '2018-01-30 05:18:10', '2018-01-30 05:18:10', '974a697b-062e-4236-8bb8-fd05bbb5553f'),
 ('78', 'Entry', '1', '0', '2018-01-30 05:19:11', '2018-01-30 05:19:11', '75dceb13-3430-4331-9130-6fe7621a2758'),
 ('79', 'MatrixBlock', '1', '0', '2018-01-30 05:19:12', '2018-01-30 05:19:12', '43a02ee0-30bc-4489-8275-647fc36cc5cc'),
 ('80', 'MatrixBlock', '1', '0', '2018-01-30 05:19:12', '2018-01-30 05:19:12', '40da89ba-01c6-4e8d-b443-fc466c725473'),
 ('81', 'MatrixBlock', '1', '0', '2018-01-30 05:19:12', '2018-01-30 05:19:12', '8cf6711d-e9a4-49fe-b26b-51959095db31'),
 ('82', 'MatrixBlock', '1', '0', '2018-01-30 05:19:12', '2018-01-30 05:19:12', 'f481543b-eb4c-40ef-8f2d-c5eee1e4e5bd');



DROP TABLE IF EXISTS `craft_elements_i18n`;


--
-- Schema for table `craft_elements_i18n`
--
CREATE TABLE `craft_elements_i18n` (
  `id` int(11) NOT NULL AUTO_INCREMENT,
  `elementId` int(11) NOT NULL,
  `locale` char(12) COLLATE utf8_unicode_ci NOT NULL,
  `slug` varchar(255) COLLATE utf8_unicode_ci DEFAULT NULL,
  `uri` varchar(255) COLLATE utf8_unicode_ci DEFAULT NULL,
  `enabled` tinyint(1) unsigned NOT NULL DEFAULT '1',
  `dateCreated` datetime NOT NULL,
  `dateUpdated` datetime NOT NULL,
  `uid` char(36) COLLATE utf8_unicode_ci NOT NULL DEFAULT '0',
  PRIMARY KEY (`id`),
  UNIQUE KEY `craft_elements_i18n_elementId_locale_unq_idx` (`elementId`,`locale`),
  UNIQUE KEY `craft_elements_i18n_uri_locale_unq_idx` (`uri`,`locale`),
  KEY `craft_elements_i18n_slug_locale_idx` (`slug`,`locale`),
  KEY `craft_elements_i18n_enabled_idx` (`enabled`),
  KEY `craft_elements_i18n_locale_fk` (`locale`)
) ENGINE=InnoDB AUTO_INCREMENT=83 DEFAULT CHARSET=utf8 COLLATE=utf8_unicode_ci;

--
-- Data for table `craft_elements_i18n`
--

INSERT INTO `craft_elements_i18n` (`id`, `elementId`, `locale`, `slug`, `uri`, `enabled`, `dateCreated`, `dateUpdated`, `uid`) VALUES
 ('1', '1', 'en_us', '', NULL, '1', '2017-11-17 06:35:15', '2017-11-17 06:35:15', '2a96b3fc-758b-4837-941f-e31fc99d4d9c'),
 ('2', '2', 'en_us', 'homepage', '__home__', '1', '2017-11-17 06:35:17', '2017-12-13 13:03:26', '4539f8e2-b045-4c3b-afc8-07d9770ac64b'),
 ('6', '6', 'en_us', '', NULL, '1', '2017-12-03 06:22:01', '2018-01-26 04:47:14', '2af91033-12fd-41dd-ab28-242a4f853162'),
 ('7', '7', 'en_us', '', NULL, '1', '2017-12-03 06:38:13', '2017-12-03 06:38:13', '96a0463f-8fc5-4267-9a07-b7953dc23884'),
 ('19', '19', 'en_us', '', NULL, '1', '2017-12-08 16:15:22', '2017-12-08 16:15:22', 'bcfa8c77-1f81-4bba-80ff-8fac5db51857'),
 ('51', '51', 'en_us', '', NULL, '1', '2017-12-11 15:49:38', '2017-12-27 04:41:21', '862d1488-53ee-4fd9-a672-1ab049c699e5'),
 ('52', '52', 'en_us', 'name-yulu-zhang-email-daituzhang-gmail-com-phone-4698036177-message-dd-date-1514349692', NULL, '1', '2017-12-27 04:41:32', '2017-12-27 04:41:32', '53958538-e1d6-4fe0-ba42-628eb430cfa8'),
 ('53', '53', 'en_us', 'name-yulu-zhang-email-daituzhang-gmail-com-phone-4698036177-message-ff-date-1514349703', NULL, '1', '2017-12-27 04:41:43', '2017-12-27 04:41:43', '6c4bbe84-f44b-44f8-ad3b-130acf1231ca'),
 ('54', '54', 'en_us', 'name-yulu-zhang-email-daituzhang-gmail-com-phone-4698036177-message-dd-date-1514351327', NULL, '1', '2017-12-27 05:08:48', '2017-12-27 05:08:48', '455259a1-83d4-43ea-99dd-44f95623c51d'),
 ('55', '55', 'en_us', 'name-yulu-zhang-email-daituzhang-gmail-com-phone-4698036177-message-ff-date-1514351333', NULL, '1', '2017-12-27 05:08:53', '2017-12-27 05:08:53', 'f5c45378-6412-44f3-b08a-30d44e71e885'),
 ('56', '56', 'en_us', 'name-yulu-zhang-email-daituzhang-gmail-com-phone-4698036177-message-dd-date-1514351713', NULL, '1', '2017-12-27 05:15:13', '2017-12-27 05:15:13', 'cd4c4a42-246f-4f9f-84ee-2b7bd7f45f68'),
 ('57', '57', 'en_us', 'name-yulu-zhang-email-daituzhang-gmail-com-phone-4698036177-message-dd-date-1514352358', NULL, '1', '2017-12-27 05:25:58', '2017-12-27 05:25:58', '895591a4-c691-4a80-bd94-e3b2994e2c41'),
 ('58', '58', 'en_us', 'name-yulu-zhang-email-daituzhang-gmail-com-phone-4698036177-message-dd-date-1514352491', NULL, '1', '2017-12-27 05:28:11', '2017-12-27 05:28:11', '6f978ae9-be44-4c7f-a664-ddeee70ec70e'),
 ('59', '59', 'en_us', 'shopify-product', 'product/shopify-product', '1', '2017-12-28 02:31:43', '2017-12-28 02:31:43', '9691fb3e-41a0-4885-b433-710816323648'),
 ('60', '60', 'en_us', 'home-topleft-melanin', NULL, '1', '2018-01-24 05:33:35', '2018-01-24 05:33:35', 'c067b4e2-77d6-451c-8700-70c4080da3d6'),
 ('61', '61', 'en_us', 'home-bottomleft-blog', NULL, '1', '2018-01-24 05:34:09', '2018-01-24 05:34:09', 'b58934af-2e3f-47c6-9ab2-07bcb90990e3'),
 ('62', '62', 'en_us', 'home-top-right-cpdallas', NULL, '1', '2018-01-24 05:34:10', '2018-01-24 05:34:10', '5cde1cdf-0488-44b2-aef5-41ae961bc6fa'),
 ('63', '63', 'en_us', 'home', 'home', '1', '2018-01-24 05:36:20', '2018-01-28 23:04:48', '370df2e8-5bcb-42fe-a692-c3286c0b78cd'),
 ('67', '67', 'en_us', 'pp-assets-logo', NULL, '1', '2018-01-26 04:47:08', '2018-01-26 04:47:08', '1bedf42d-2cb2-4079-be88-e7d24e280176'),
 ('68', '68', 'en_us', '', NULL, '1', '2018-01-27 20:31:51', '2018-01-28 23:04:48', 'f03d2cd4-e00e-4ecb-935b-4bfd640119b8'),
 ('69', '69', 'en_us', '', NULL, '1', '2018-01-27 20:31:51', '2018-01-28 23:04:48', 'fbe0009b-0f03-44c8-b789-495e657ea18f'),
 ('70', '70', 'en_us', '', NULL, '1', '2018-01-27 20:31:51', '2018-01-28 23:04:48', 'a94c5761-4aa0-4f85-a0ec-9dbb8b28b081'),
 ('71', '71', 'en_us', '', NULL, '1', '2018-01-27 20:31:51', '2018-01-28 23:04:48', 'cae69875-d0c1-4d24-b093-0dfcbd3021ea'),
 ('72', '72', 'en_us', '', NULL, '1', '2018-01-27 20:31:51', '2018-01-28 23:04:48', '85f39e37-c070-4d8c-9f21-ddb21a55f0cb'),
 ('73', '73', 'en_us', '', NULL, '1', '2018-01-27 20:31:51', '2018-01-28 23:04:48', '7792fe8e-89e4-441c-b023-237011f85916'),
 ('74', '74', 'en_us', '1', NULL, '1', '2018-01-30 05:18:08', '2018-01-30 05:18:08', '3ee064f0-9bd6-4ba2-a017-5f29252a86d0'),
 ('75', '75', 'en_us', '2', NULL, '1', '2018-01-30 05:18:09', '2018-01-30 05:18:09', 'a7facbe5-2866-450f-9e01-49f3d880634c'),
 ('76', '76', 'en_us', '3', NULL, '1', '2018-01-30 05:18:09', '2018-01-30 05:18:09', '0ce99f72-4c87-4d03-8dcd-3f0d3215c82d'),
 ('77', '77', 'en_us', '4', NULL, '1', '2018-01-30 05:18:10', '2018-01-30 05:18:10', 'f232195e-5caa-4431-b1aa-259f6f750562'),
 ('78', '78', 'en_us', 'press', 'press', '1', '2018-01-30 05:19:12', '2018-01-30 05:19:14', 'b2fcf5aa-3527-482c-8c9a-b694d95c9d6d'),
 ('79', '79', 'en_us', '', NULL, '1', '2018-01-30 05:19:12', '2018-01-30 05:19:12', '74537825-a15c-4c53-bd21-3fd809f920ad'),
 ('80', '80', 'en_us', '', NULL, '1', '2018-01-30 05:19:12', '2018-01-30 05:19:12', '44610fe9-3b7b-41f9-a2bc-dcfa69c8f790'),
 ('81', '81', 'en_us', '', NULL, '1', '2018-01-30 05:19:12', '2018-01-30 05:19:12', '12c4ba58-236e-4faf-bfdc-8e8e4b0cbd72'),
 ('82', '82', 'en_us', '', NULL, '1', '2018-01-30 05:19:12', '2018-01-30 05:19:12', 'b0aac95f-0842-44d0-8d3f-9121b7081239');



DROP TABLE IF EXISTS `craft_emailmessages`;


--
-- Schema for table `craft_emailmessages`
--
CREATE TABLE `craft_emailmessages` (
  `id` int(11) NOT NULL AUTO_INCREMENT,
  `key` char(150) COLLATE utf8_unicode_ci NOT NULL,
  `locale` char(12) COLLATE utf8_unicode_ci NOT NULL,
  `subject` varchar(1000) COLLATE utf8_unicode_ci NOT NULL,
  `body` text COLLATE utf8_unicode_ci NOT NULL,
  `dateCreated` datetime NOT NULL,
  `dateUpdated` datetime NOT NULL,
  `uid` char(36) COLLATE utf8_unicode_ci NOT NULL DEFAULT '0',
  PRIMARY KEY (`id`),
  UNIQUE KEY `craft_emailmessages_key_locale_unq_idx` (`key`,`locale`),
  KEY `craft_emailmessages_locale_fk` (`locale`)
) ENGINE=InnoDB DEFAULT CHARSET=utf8 COLLATE=utf8_unicode_ci;

DROP TABLE IF EXISTS `craft_entries`;


--
-- Schema for table `craft_entries`
--
CREATE TABLE `craft_entries` (
  `id` int(11) NOT NULL,
  `sectionId` int(11) NOT NULL,
  `typeId` int(11) DEFAULT NULL,
  `authorId` int(11) DEFAULT NULL,
  `postDate` datetime DEFAULT NULL,
  `expiryDate` datetime DEFAULT NULL,
  `dateCreated` datetime NOT NULL,
  `dateUpdated` datetime NOT NULL,
  `uid` char(36) COLLATE utf8_unicode_ci NOT NULL DEFAULT '0',
  PRIMARY KEY (`id`),
  KEY `craft_entries_sectionId_idx` (`sectionId`),
  KEY `craft_entries_typeId_idx` (`typeId`),
  KEY `craft_entries_postDate_idx` (`postDate`),
  KEY `craft_entries_expiryDate_idx` (`expiryDate`),
  KEY `craft_entries_authorId_fk` (`authorId`)
) ENGINE=InnoDB DEFAULT CHARSET=utf8 COLLATE=utf8_unicode_ci;

--
-- Data for table `craft_entries`
--

INSERT INTO `craft_entries` (`id`, `sectionId`, `typeId`, `authorId`, `postDate`, `expiryDate`, `dateCreated`, `dateUpdated`, `uid`) VALUES
 ('2', '1', NULL, NULL, '2017-11-17 06:35:17', NULL, '2017-11-17 06:35:17', '2017-12-13 13:03:26', '2a7905ac-2583-4b85-afc7-5102dbe92a09'),
 ('59', '6', '6', '1', '2017-12-28 02:31:43', NULL, '2017-12-28 02:31:43', '2017-12-28 02:31:43', '8720de6f-079d-46ad-9b47-460030a64d85'),
 ('63', '9', '9', '1', '2018-01-24 05:36:00', NULL, '2018-01-24 05:36:20', '2018-01-28 23:04:48', 'dc7346c7-b331-435e-bdbd-98a35b96ea4d'),
 ('78', '9', '11', '1', '2018-01-30 05:19:11', NULL, '2018-01-30 05:19:12', '2018-01-30 05:19:12', '4bbda00d-13da-4aff-b957-a12b8d0f07d7');



DROP TABLE IF EXISTS `craft_entrydrafts`;


--
-- Schema for table `craft_entrydrafts`
--
CREATE TABLE `craft_entrydrafts` (
  `id` int(11) NOT NULL AUTO_INCREMENT,
  `entryId` int(11) NOT NULL,
  `sectionId` int(11) NOT NULL,
  `creatorId` int(11) NOT NULL,
  `locale` char(12) COLLATE utf8_unicode_ci NOT NULL,
  `name` varchar(255) COLLATE utf8_unicode_ci NOT NULL,
  `notes` tinytext COLLATE utf8_unicode_ci,
  `data` mediumtext COLLATE utf8_unicode_ci NOT NULL,
  `dateCreated` datetime NOT NULL,
  `dateUpdated` datetime NOT NULL,
  `uid` char(36) COLLATE utf8_unicode_ci NOT NULL DEFAULT '0',
  PRIMARY KEY (`id`),
  KEY `craft_entrydrafts_entryId_locale_idx` (`entryId`,`locale`),
  KEY `craft_entrydrafts_sectionId_fk` (`sectionId`),
  KEY `craft_entrydrafts_creatorId_fk` (`creatorId`),
  KEY `craft_entrydrafts_locale_fk` (`locale`)
) ENGINE=InnoDB DEFAULT CHARSET=utf8 COLLATE=utf8_unicode_ci;

DROP TABLE IF EXISTS `craft_entrytypes`;


--
-- Schema for table `craft_entrytypes`
--
CREATE TABLE `craft_entrytypes` (
  `id` int(11) NOT NULL AUTO_INCREMENT,
  `sectionId` int(11) NOT NULL,
  `fieldLayoutId` int(11) DEFAULT NULL,
  `name` varchar(255) COLLATE utf8_unicode_ci NOT NULL,
  `handle` varchar(255) COLLATE utf8_unicode_ci NOT NULL,
  `hasTitleField` tinyint(1) unsigned NOT NULL DEFAULT '1',
  `titleLabel` varchar(255) COLLATE utf8_unicode_ci DEFAULT 'Title',
  `titleFormat` varchar(255) COLLATE utf8_unicode_ci DEFAULT NULL,
  `sortOrder` smallint(6) unsigned DEFAULT NULL,
  `dateCreated` datetime NOT NULL,
  `dateUpdated` datetime NOT NULL,
  `uid` char(36) COLLATE utf8_unicode_ci NOT NULL DEFAULT '0',
  PRIMARY KEY (`id`),
  UNIQUE KEY `craft_entrytypes_name_sectionId_unq_idx` (`name`,`sectionId`),
  UNIQUE KEY `craft_entrytypes_handle_sectionId_unq_idx` (`handle`,`sectionId`),
  KEY `craft_entrytypes_sectionId_fk` (`sectionId`),
  KEY `craft_entrytypes_fieldLayoutId_fk` (`fieldLayoutId`)
) ENGINE=InnoDB AUTO_INCREMENT=12 DEFAULT CHARSET=utf8 COLLATE=utf8_unicode_ci;

--
-- Data for table `craft_entrytypes`
--

INSERT INTO `craft_entrytypes` (`id`, `sectionId`, `fieldLayoutId`, `name`, `handle`, `hasTitleField`, `titleLabel`, `titleFormat`, `sortOrder`, `dateCreated`, `dateUpdated`, `uid`) VALUES
 ('1', '1', '30', 'Homepage', 'homepage', '1', 'Title', NULL, '1', '2017-11-17 06:35:17', '2017-12-13 13:01:52', 'c9ace99b-8ac0-4374-826f-7be38d381ea9'),
 ('4', '4', '46', 'Service', 'service', '1', 'Title', NULL, '1', '2017-11-17 07:44:11', '2018-01-24 05:27:06', '76be70b9-c636-4189-89e2-fb06b1daa7d0'),
 ('6', '6', '35', 'Product', 'product', '1', 'Title', NULL, '1', '2017-12-28 02:16:39', '2017-12-28 02:17:17', '9af463dc-be63-4149-bd52-af1e327cc7a2'),
 ('9', '9', '57', 'Generic Page', 'genericPage', '1', 'Title', NULL, '1', '2018-01-24 05:28:14', '2018-01-27 20:33:07', '48519b12-a802-4333-ac8b-5a406b36ff30'),
 ('10', '9', '49', 'Service Page', 'servicePage', '1', 'Title', NULL, '2', '2018-01-24 05:30:35', '2018-01-24 05:30:35', '65eaf43b-b3ae-472c-85b6-de0beca49b68'),
 ('11', '9', '60', 'Press Page', 'pressPage', '1', 'Title', NULL, '3', '2018-01-30 05:16:02', '2018-01-30 05:17:04', '18694c4f-ffa6-4f95-a3b8-6f9f640a143b');



DROP TABLE IF EXISTS `craft_entryversions`;


--
-- Schema for table `craft_entryversions`
--
CREATE TABLE `craft_entryversions` (
  `id` int(11) NOT NULL AUTO_INCREMENT,
  `entryId` int(11) NOT NULL,
  `sectionId` int(11) NOT NULL,
  `creatorId` int(11) DEFAULT NULL,
  `locale` char(12) COLLATE utf8_unicode_ci NOT NULL,
  `num` smallint(6) unsigned NOT NULL,
  `notes` tinytext COLLATE utf8_unicode_ci,
  `data` mediumtext COLLATE utf8_unicode_ci NOT NULL,
  `dateCreated` datetime NOT NULL,
  `dateUpdated` datetime NOT NULL,
  `uid` char(36) COLLATE utf8_unicode_ci NOT NULL DEFAULT '0',
  PRIMARY KEY (`id`),
  KEY `craft_entryversions_entryId_locale_idx` (`entryId`,`locale`),
  KEY `craft_entryversions_sectionId_fk` (`sectionId`),
  KEY `craft_entryversions_creatorId_fk` (`creatorId`),
  KEY `craft_entryversions_locale_fk` (`locale`)
) ENGINE=InnoDB AUTO_INCREMENT=36 DEFAULT CHARSET=utf8 COLLATE=utf8_unicode_ci;

--
-- Data for table `craft_entryversions`
--

INSERT INTO `craft_entryversions` (`id`, `entryId`, `sectionId`, `creatorId`, `locale`, `num`, `notes`, `data`, `dateCreated`, `dateUpdated`, `uid`) VALUES
 ('1', '2', '1', '1', 'en_us', '1', NULL, '{\"typeId\":\"1\",\"authorId\":null,\"title\":\"Homepage\",\"slug\":\"homepage\",\"postDate\":1510900517,\"expiryDate\":null,\"enabled\":1,\"parentId\":null,\"fields\":[]}', '2017-11-17 06:35:17', '2017-11-17 06:35:17', 'ae526874-8556-41f3-95e5-42d85329a668'),
 ('2', '2', '1', '1', 'en_us', '2', NULL, '{\"typeId\":null,\"authorId\":null,\"title\":\"Welcome to Localhost!\",\"slug\":\"homepage\",\"postDate\":1510900517,\"expiryDate\":null,\"enabled\":\"1\",\"parentId\":null,\"fields\":{\"1\":\"<p>It\\u2019s true, this site doesn\\u2019t have a whole lot of content yet, but don\\u2019t worry. Our web developers have just installed the CMS, and they\\u2019re setting things up for the content editors this very moment. Soon Localhost will be an oasis of fresh perspectives, sharp analyses, and astute opinions that will keep you coming back again and again.<\\/p>\"}}', '2017-11-17 06:35:17', '2017-11-17 06:35:17', 'fa7cd5e0-733b-4c37-a9ab-62591694a493'),
 ('4', '2', '1', '1', 'en_us', '3', '', '{\"typeId\":null,\"authorId\":null,\"title\":\"Homepage\",\"slug\":\"homepage\",\"postDate\":1510900517,\"expiryDate\":null,\"enabled\":1,\"parentId\":null,\"fields\":{\"16\":\"\",\"13\":\"\",\"12\":\"\",\"14\":\"\",\"15\":\"\",\"11\":\"\",\"10\":[\"4\"],\"9\":\"\",\"8\":\"View Workouts\",\"7\":\"It\\u2019s time to turn doubt into drive.\",\"22\":\"\",\"23\":\"\",\"21\":\"\",\"18\":\"\"}}', '2017-11-17 07:59:06', '2017-11-17 07:59:06', '69860522-c74e-4a0f-9692-044ab13a4333'),
 ('5', '2', '1', '1', 'en_us', '4', '', '{\"typeId\":null,\"authorId\":null,\"title\":\"Homepage\",\"slug\":\"homepage\",\"postDate\":1510900517,\"expiryDate\":null,\"enabled\":1,\"parentId\":null,\"fields\":{\"16\":\"<p>For Robbie Birdwell, fitness is more than a passion&mdash;it\\u2019s a lifestyle. He\\u2019s personally experienced the power of physical conditioning to provide mental, spiritual, and bodily healing.&nbsp;<\\/p>\\r\\n<p>Having a diverse background in health and fitness, Robbie specializes in injury prevention, rehabilitation, and functional training. His expertise in correcting mobility issues and faulty movement patterns has helped clients of all types, from injury-plagued couch potatoes to Division 1 college athletes.<\\/p>\\r\\n<p>As a certified athletic trainer (through the National Board of Certification for Athletic Training), Robbie earned his bachelor\\u2019s degree in athletic training and sports medicine from Baylor University. He went on to receive a master\\u2019s degree in kinesiology from the University of North Texas. He worked with several notable athletes throughout his collegiate career including track stars, Jeremy Wariner, Darold Williamson, and Stephen White as well as then up-and-coming NFL players, Robert Griffin III (RG3), Jason Smith, Lance Dunbar, and Zachary Orr.<\\/p>\\r\\n<p>Robbie also knows firsthand what it takes to prepare and compete. He played professional arena football in the Indoor Football League (IFL) for two years and competed as a bodybuilder within the physique division for the Better Bodies Championship.&nbsp;<\\/p>\\r\\n<p>Robbie\\u2019s extensive education and experience have prepared him to offer quality service and care. His goal-oriented approach and customized, research-based workout programs empower clients to be accountable, stay motivated, and have fun!<\\/p>\\r\\n<p>When Robbie is not at the gym, he enjoys riding his motorcycle, playing the guitar, and watching football (no surprise!).<\\/p>\",\"13\":[\"5\"],\"12\":\"Robbie Birdwell\",\"14\":\"\\u201cAs Iron Sharpens Iron, So One Man Sharpens Another.\\u201d\",\"15\":\"Proverbs 27:17\",\"11\":\"About\",\"10\":[\"4\"],\"9\":\"\",\"8\":\"View Workouts\",\"7\":\"It\\u2019s time to turn doubt into drive.\",\"22\":\"<p>Working out, eating healthy, and losing weight does not have to be a chore.&nbsp;<\\/p>\\r\\n<p>It should be an energizing, enjoyable, and empowering experience that you look forward to every day. Together, we will overcome your obstacles, push your boundaries and have a ton of fun, making your fitness dreams a reality.<\\/p>\",\"23\":\"\",\"21\":\"Services\",\"18\":\"\"}}', '2017-11-17 08:04:44', '2017-11-17 08:04:44', '6c422e15-f4b3-4cd3-b5fa-4a68f47e7e3a'),
 ('7', '2', '1', '1', 'en_us', '5', '', '{\"typeId\":null,\"authorId\":null,\"title\":\"Homepage\",\"slug\":\"homepage\",\"postDate\":1510900517,\"expiryDate\":null,\"enabled\":1,\"parentId\":null,\"fields\":{\"16\":\"<p>For Robbie Birdwell, fitness is more than a passion&mdash;it\\u2019s a lifestyle. He\\u2019s personally experienced the power of physical conditioning to provide mental, spiritual, and bodily healing.&nbsp;<\\/p>\\r\\n<p>Having a diverse background in health and fitness, Robbie specializes in injury prevention, rehabilitation, and functional training. His expertise in correcting mobility issues and faulty movement patterns has helped clients of all types, from injury-plagued couch potatoes to Division 1 college athletes.<\\/p>\\r\\n<p>As a certified athletic trainer (through the National Board of Certification for Athletic Training), Robbie earned his bachelor\\u2019s degree in athletic training and sports medicine from Baylor University. He went on to receive a master\\u2019s degree in kinesiology from the University of North Texas. He worked with several notable athletes throughout his collegiate career including track stars, Jeremy Wariner, Darold Williamson, and Stephen White as well as then up-and-coming NFL players, Robert Griffin III (RG3), Jason Smith, Lance Dunbar, and Zachary Orr.<\\/p>\\r\\n<p>Robbie also knows firsthand what it takes to prepare and compete. He played professional arena football in the Indoor Football League (IFL) for two years and competed as a bodybuilder within the physique division for the Better Bodies Championship.&nbsp;<\\/p>\\r\\n<p>Robbie\\u2019s extensive education and experience have prepared him to offer quality service and care. His goal-oriented approach and customized, research-based workout programs empower clients to be accountable, stay motivated, and have fun!<\\/p>\\r\\n<p>When Robbie is not at the gym, he enjoys riding his motorcycle, playing the guitar, and watching football (no surprise!).<\\/p>\",\"13\":[\"5\"],\"12\":\"Robbie Birdwell\",\"14\":\"\\u201cAs Iron Sharpens Iron, So One Man Sharpens Another.\\u201d\",\"15\":\"Proverbs 27:17\",\"11\":\"About\",\"10\":[\"4\"],\"9\":\"\",\"8\":\"View Workouts\",\"7\":\"It\\u2019s time to turn doubt into drive.\",\"22\":\"<p>Working out, eating healthy, and losing weight does not have to be a chore.&nbsp;<\\/p>\\r\\n<p>It should be an energizing, enjoyable, and empowering experience that you look forward to every day. Together, we will overcome your obstacles, push your boundaries and have a ton of fun, making your fitness dreams a reality.<\\/p>\",\"23\":\"\",\"21\":\"Services\",\"18\":[\"8\"],\"32\":\"What my clients are saying...\"}}', '2017-12-03 14:02:10', '2017-12-03 14:02:10', 'b8249024-88be-4aca-8d8e-ad6e57d320bd'),
 ('16', '2', '1', '1', 'en_us', '6', '', '{\"typeId\":null,\"authorId\":null,\"title\":\"Homepage\",\"slug\":\"homepage\",\"postDate\":1510900517,\"expiryDate\":null,\"enabled\":1,\"parentId\":null,\"fields\":{\"16\":\"<p>For Robbie Birdwell, fitness is more than a passion&mdash;it\\u2019s a lifestyle. He\\u2019s personally experienced the power of physical conditioning to provide mental, spiritual, and bodily healing.&nbsp;<\\/p>\\r\\n<p>Having a diverse background in health and fitness, Robbie specializes in injury prevention, rehabilitation, and functional training. His expertise in correcting mobility issues and faulty movement patterns has helped clients of all types, from injury-plagued couch potatoes to Division 1 college athletes.<\\/p>\\r\\n<p>As a certified athletic trainer (through the National Board of Certification for Athletic Training), Robbie earned his bachelor\\u2019s degree in athletic training and sports medicine from Baylor University. He went on to receive a master\\u2019s degree in kinesiology from the University of North Texas. He worked with several notable athletes throughout his collegiate career including track stars, Jeremy Wariner, Darold Williamson, and Stephen White as well as then up-and-coming NFL players, Robert Griffin III (RG3), Jason Smith, Lance Dunbar, and Zachary Orr.<\\/p>\\r\\n<p>Robbie also knows firsthand what it takes to prepare and compete. He played professional arena football in the Indoor Football League (IFL) for two years and competed as a bodybuilder within the physique division for the Better Bodies Championship.&nbsp;<\\/p>\\r\\n<p>Robbie\\u2019s extensive education and experience have prepared him to offer quality service and care. His goal-oriented approach and customized, research-based workout programs empower clients to be accountable, stay motivated, and have fun!<\\/p>\\r\\n<p>When Robbie is not at the gym, he enjoys riding his motorcycle, playing the guitar, and watching football (no surprise!).<\\/p>\",\"13\":[\"5\"],\"12\":\"Robbie Birdwell\",\"14\":\"\\u201cAs Iron Sharpens Iron, So One Man Sharpens Another.\\u201d\",\"15\":\"Proverbs 27:17\",\"11\":\"About\",\"10\":[\"4\"],\"9\":\"\",\"8\":\"View Workouts\",\"7\":\"It\\u2019s time to turn doubt into drive.\",\"22\":\"<p>Working out, eating healthy, and losing weight does not have to be a chore.&nbsp;<\\/p>\\r\\n<p>It should be an energizing, enjoyable, and empowering experience that you look forward to every day. Together, we will overcome your obstacles, push your boundaries and have a ton of fun, making your fitness dreams a reality.<\\/p>\",\"23\":[\"9\",\"10\",\"11\",\"12\",\"13\",\"14\",\"15\",\"16\"],\"21\":\"Services\",\"18\":[\"8\"],\"32\":\"What my clients are saying...\"}}', '2017-12-03 14:29:48', '2017-12-03 14:29:48', '2f833163-c418-4f1a-a2b3-0da34f8d86bb'),
 ('17', '2', '1', '1', 'en_us', '7', '', '{\"typeId\":null,\"authorId\":null,\"title\":\"Homepage\",\"slug\":\"homepage\",\"postDate\":1510900517,\"expiryDate\":null,\"enabled\":1,\"parentId\":null,\"fields\":{\"16\":\"<h5>For Robbie Birdwell, fitness is more than a passion&mdash;it\\u2019s a lifestyle. He\\u2019s personally experienced the power of physical conditioning to provide mental, spiritual, and bodily healing.&nbsp;<\\/h5>\\r\\n<p>Having a diverse background in health and fitness, Robbie specializes in injury prevention, rehabilitation, and functional training. His expertise in correcting mobility issues and faulty movement patterns has helped clients of all types, from injury-plagued couch potatoes to Division 1 college athletes.<\\/p>\\r\\n<p>As a certified athletic trainer (through the National Board of Certification for Athletic Training), Robbie earned his bachelor\\u2019s degree in athletic training and sports medicine from Baylor University. He went on to receive a master\\u2019s degree in kinesiology from the University of North Texas. He worked with several notable athletes throughout his collegiate career including track stars, Jeremy Wariner, Darold Williamson, and Stephen White as well as then up-and-coming NFL players, Robert Griffin III (RG3), Jason Smith, Lance Dunbar, and Zachary Orr.<\\/p>\\r\\n<p>Robbie also knows firsthand what it takes to prepare and compete. He played professional arena football in the Indoor Football League (IFL) for two years and competed as a bodybuilder within the physique division for the Better Bodies Championship.&nbsp;<\\/p>\\r\\n<p>Robbie\\u2019s extensive education and experience have prepared him to offer quality service and care. His goal-oriented approach and customized, research-based workout programs empower clients to be accountable, stay motivated, and have fun!<\\/p>\\r\\n<p>When Robbie is not at the gym, he enjoys riding his motorcycle, playing the guitar, and watching football (no surprise!).<\\/p>\",\"13\":[\"5\"],\"12\":\"Robbie Birdwell\",\"14\":\"\\u201cAs Iron Sharpens Iron, So One Man Sharpens Another.\\u201d\",\"15\":\"Proverbs 27:17\",\"11\":\"About\",\"10\":[\"4\"],\"9\":\"\",\"8\":\"View Workouts\",\"7\":\"It\\u2019s time to turn doubt into drive.\",\"22\":\"<h5>Working out, eating healthy, and losing weight does not have to be a chore.&nbsp;<\\/h5>\\r\\n<h5>It should be an energizing, enjoyable, and empowering experience that you look forward to every day. Together, we will overcome your obstacles, push your boundaries and have a ton of fun, making your fitness dreams a reality.<\\/h5>\",\"23\":[\"9\",\"10\",\"11\",\"12\",\"13\",\"14\",\"15\",\"16\"],\"21\":\"Services\",\"18\":[\"8\"],\"32\":\"What my clients are saying...\"}}', '2017-12-08 13:56:34', '2017-12-08 13:56:34', '2bb9b5a3-b45d-4306-a690-67178d0a371f'),
 ('18', '2', '1', '1', 'en_us', '8', '', '{\"typeId\":null,\"authorId\":null,\"title\":\"Homepage\",\"slug\":\"homepage\",\"postDate\":1510900517,\"expiryDate\":null,\"enabled\":1,\"parentId\":null,\"fields\":{\"16\":\"<h5>For Robbie Birdwell, fitness is more than a passion&mdash;it\\u2019s a lifestyle. He\\u2019s personally experienced the power of physical conditioning to provide mental, spiritual, and bodily healing.&nbsp;<\\/h5>\\r\\n<p>Having a diverse background in health and fitness, Robbie specializes in injury prevention, rehabilitation, and functional training. His expertise in correcting mobility issues and faulty movement patterns has helped clients of all types, from injury-plagued couch potatoes to Division 1 college athletes.<\\/p>\\r\\n<p>As a certified athletic trainer (through the National Board of Certification for Athletic Training), Robbie earned his bachelor\\u2019s degree in athletic training and sports medicine from Baylor University. He went on to receive a master\\u2019s degree in kinesiology from the University of North Texas. He worked with several notable athletes throughout his collegiate career including track stars, Jeremy Wariner, Darold Williamson, and Stephen White as well as then up-and-coming NFL players, Robert Griffin III (RG3), Jason Smith, Lance Dunbar, and Zachary Orr.<\\/p>\\r\\n<p>Robbie also knows firsthand what it takes to prepare and compete. He played professional arena football in the Indoor Football League (IFL) for two years and competed as a bodybuilder within the physique division for the Better Bodies Championship.&nbsp;<\\/p>\\r\\n<p>Robbie\\u2019s extensive education and experience have prepared him to offer quality service and care. His goal-oriented approach and customized, research-based workout programs empower clients to be accountable, stay motivated, and have fun!<\\/p>\\r\\n<p>When Robbie is not at the gym, he enjoys riding his motorcycle, playing the guitar, and watching football (no surprise!).<\\/p>\",\"13\":[\"5\"],\"12\":\"Robbie Birdwell\",\"14\":\"\\u201cAs Iron Sharpens Iron, So One Man Sharpens Another.\\u201d\",\"15\":\"Proverbs 27:17\",\"11\":\"About\",\"10\":\"\",\"9\":\"\",\"8\":\"View Workouts\",\"7\":\"It\\u2019s time to turn doubt into drive.\",\"22\":\"<h5>Working out, eating healthy, and losing weight does not have to be a chore.&nbsp;<\\/h5>\\r\\n<p>It should be an energizing, enjoyable, and empowering experience that you look forward to every day. Together, we will overcome your obstacles, push your boundaries and have a ton of fun, making your fitness dreams a reality.<\\/p>\",\"23\":[\"9\",\"10\",\"11\",\"12\",\"13\",\"14\",\"15\",\"16\"],\"21\":\"Services\",\"18\":[\"8\"],\"32\":\"What my clients are saying...\"}}', '2017-12-09 14:12:13', '2017-12-09 14:12:13', '93fc82fa-d991-4ed2-a848-dc0a9f7f1181'),
 ('19', '2', '1', '1', 'en_us', '9', '', '{\"typeId\":null,\"authorId\":null,\"title\":\"Homepage\",\"slug\":\"homepage\",\"postDate\":1510900517,\"expiryDate\":null,\"enabled\":1,\"parentId\":null,\"fields\":{\"16\":\"<h5>For Robbie Birdwell, fitness is more than a passion&mdash;it\\u2019s a lifestyle. He\\u2019s personally experienced the power of physical conditioning to provide mental, spiritual, and bodily healing.&nbsp;<\\/h5>\\r\\n<p>Having a diverse background in health and fitness, Robbie specializes in injury prevention, rehabilitation, and functional training. His expertise in correcting mobility issues and faulty movement patterns has helped clients of all types, from injury-plagued couch potatoes to Division 1 college athletes.<\\/p>\\r\\n<p>As a certified athletic trainer (through the National Board of Certification for Athletic Training), Robbie earned his bachelor\\u2019s degree in athletic training and sports medicine from Baylor University. He went on to receive a master\\u2019s degree in kinesiology from the University of North Texas. He worked with several notable athletes throughout his collegiate career including track stars, Jeremy Wariner, Darold Williamson, and Stephen White as well as then up-and-coming NFL players, Robert Griffin III (RG3), Jason Smith, Lance Dunbar, and Zachary Orr.<\\/p>\\r\\n<p>Robbie also knows firsthand what it takes to prepare and compete. He played professional arena football in the Indoor Football League (IFL) for two years and competed as a bodybuilder within the physique division for the Better Bodies Championship.&nbsp;<\\/p>\\r\\n<p>Robbie\\u2019s extensive education and experience have prepared him to offer quality service and care. His goal-oriented approach and customized, research-based workout programs empower clients to be accountable, stay motivated, and have fun!<\\/p>\\r\\n<p>When Robbie is not at the gym, he enjoys riding his motorcycle, playing the guitar, and watching football (no surprise!).<\\/p>\",\"13\":[\"5\"],\"12\":\"Robbie Birdwell\",\"14\":\"\\u201cAs Iron Sharpens Iron, So One Man Sharpens Another.\\u201d\",\"15\":\"Proverbs 27:17\",\"11\":\"About\",\"10\":[\"4\"],\"9\":\"\",\"8\":\"View Workouts\",\"7\":\"It\\u2019s time to turn doubt into drive.\",\"22\":\"<h5>Working out, eating healthy, and losing weight does not have to be a chore.&nbsp;<\\/h5>\\r\\n<p>It should be an energizing, enjoyable, and empowering experience that you look forward to every day. Together, we will overcome your obstacles, push your boundaries and have a ton of fun, making your fitness dreams a reality.<\\/p>\",\"23\":[\"9\",\"10\",\"11\",\"12\",\"13\",\"14\",\"15\",\"16\"],\"21\":\"Services\",\"18\":[\"8\"],\"32\":\"What my clients are saying...\"}}', '2017-12-09 14:27:08', '2017-12-09 14:27:08', '36049d92-3b60-48a8-8005-5d5781c97d27'),
 ('22', '2', '1', '1', 'en_us', '10', '', '{\"typeId\":null,\"authorId\":null,\"title\":\"Homepage\",\"slug\":\"homepage\",\"postDate\":1510900517,\"expiryDate\":null,\"enabled\":1,\"parentId\":null,\"fields\":{\"16\":\"<h5>For Robbie Birdwell, fitness is more than a passion&mdash;it\\u2019s a lifestyle. He\\u2019s personally experienced the power of physical conditioning to provide mental, spiritual, and bodily healing.&nbsp;<\\/h5>\\r\\n<p>Having a diverse background in health and fitness, Robbie specializes in injury prevention, rehabilitation, and functional training. His expertise in correcting mobility issues and faulty movement patterns has helped clients of all types, from injury-plagued couch potatoes to Division 1 college athletes.<\\/p>\\r\\n<p>As a certified athletic trainer (through the National Board of Certification for Athletic Training), Robbie earned his bachelor\\u2019s degree in athletic training and sports medicine from Baylor University. He went on to receive a master\\u2019s degree in kinesiology from the University of North Texas. He worked with several notable athletes throughout his collegiate career including track stars, Jeremy Wariner, Darold Williamson, and Stephen White as well as then up-and-coming NFL players, Robert Griffin III (RG3), Jason Smith, Lance Dunbar, and Zachary Orr.<\\/p>\\r\\n<p>Robbie also knows firsthand what it takes to prepare and compete. He played professional arena football in the Indoor Football League (IFL) for two years and competed as a bodybuilder within the physique division for the Better Bodies Championship.&nbsp;<\\/p>\\r\\n<p>Robbie\\u2019s extensive education and experience have prepared him to offer quality service and care. His goal-oriented approach and customized, research-based workout programs empower clients to be accountable, stay motivated, and have fun!<\\/p>\\r\\n<p>When Robbie is not at the gym, he enjoys riding his motorcycle, playing the guitar, and watching football (no surprise!).<\\/p>\",\"13\":[\"5\"],\"12\":\"Robbie Birdwell\",\"14\":\"\\u201cAs Iron Sharpens Iron, So One Man Sharpens Another.\\u201d\",\"15\":\"Proverbs 27:17\",\"11\":\"About\",\"10\":[\"4\"],\"9\":\"\",\"8\":\"View Workouts\",\"7\":\"It\\u2019s time to turn doubt into drive.\",\"22\":\"<h5>Working out, eating healthy, and losing weight does not have to be a chore.&nbsp;<\\/h5>\\r\\n<p>It should be an energizing, enjoyable, and empowering experience that you look forward to every day. Together, we will overcome your obstacles, push your boundaries and have a ton of fun, making your fitness dreams a reality.<\\/p>\",\"23\":[\"9\",\"10\",\"11\",\"12\",\"13\",\"14\",\"15\",\"16\"],\"21\":\"Services\",\"18\":[\"8\",\"50\",\"49\"],\"32\":\"What my clients are saying...\"}}', '2017-12-09 15:45:58', '2017-12-09 15:45:58', '6a7349d2-d8a3-4474-b8c0-296b2313c989'),
 ('23', '2', '1', '1', 'en_us', '11', '', '{\"typeId\":null,\"authorId\":null,\"title\":\"Homepage\",\"slug\":\"homepage\",\"postDate\":1510900517,\"expiryDate\":null,\"enabled\":1,\"parentId\":null,\"fields\":{\"16\":\"<h5>For Robbie Birdwell, fitness is more than a passion&mdash;it\\u2019s a lifestyle. He\\u2019s personally experienced the power of physical conditioning to provide mental, spiritual, and bodily healing.&nbsp;<\\/h5>\\r\\n<p>Having a diverse background in health and fitness, Robbie specializes in injury prevention, rehabilitation, and functional training. His expertise in correcting mobility issues and faulty movement patterns has helped clients of all types, from injury-plagued couch potatoes to Division 1 college athletes.<\\/p>\\r\\n<p>As a certified athletic trainer (through the National Board of Certification for Athletic Training), Robbie earned his bachelor\\u2019s degree in athletic training and sports medicine from Baylor University. He went on to receive a master\\u2019s degree in kinesiology from the University of North Texas. He worked with several notable athletes throughout his collegiate career including track stars, Jeremy Wariner, Darold Williamson, and Stephen White as well as then up-and-coming NFL players, Robert Griffin III (RG3), Jason Smith, Lance Dunbar, and Zachary Orr.<\\/p>\\r\\n<p>Robbie also knows firsthand what it takes to prepare and compete. He played professional arena football in the Indoor Football League (IFL) for two years and competed as a bodybuilder within the physique division for the Better Bodies Championship.&nbsp;<\\/p>\\r\\n<p>Robbie\\u2019s extensive education and experience have prepared him to offer quality service and care. His goal-oriented approach and customized, research-based workout programs empower clients to be accountable, stay motivated, and have fun!<\\/p>\\r\\n<p>When Robbie is not at the gym, he enjoys riding his motorcycle, playing the guitar, and watching football (no surprise!).<\\/p>\",\"13\":[\"5\"],\"12\":\"Robbie Birdwell\",\"14\":\"\\u201cAs Iron Sharpens Iron, So One Man Sharpens Another.\\u201d\",\"15\":\"Proverbs 27:17\",\"11\":\"About\",\"10\":[\"4\",\"45\"],\"9\":\"\",\"8\":\"View Workouts\",\"7\":\"It\\u2019s time to turn doubt into drive.\",\"22\":\"<h5>Working out, eating healthy, and losing weight does not have to be a chore.&nbsp;<\\/h5>\\r\\n<p>It should be an energizing, enjoyable, and empowering experience that you look forward to every day. Together, we will overcome your obstacles, push your boundaries and have a ton of fun, making your fitness dreams a reality.<\\/p>\",\"23\":[\"9\",\"10\",\"11\",\"12\",\"13\",\"14\",\"15\",\"16\"],\"21\":\"Services\",\"18\":[\"8\",\"50\",\"49\"],\"34\":[\"47\",\"46\"],\"32\":\"What my clients are saying...\"}}', '2017-12-09 15:55:58', '2017-12-09 15:55:58', 'd121c1de-08e6-4e85-a69a-f19a5e4276e6'),
 ('28', '2', '1', '1', 'en_us', '12', '', '{\"typeId\":null,\"authorId\":null,\"title\":\"Homepage\",\"slug\":\"homepage\",\"postDate\":1510900517,\"expiryDate\":null,\"enabled\":1,\"parentId\":null,\"fields\":{\"16\":\"<h5>For Robbie Birdwell, fitness is more than a passion&mdash;it\\u2019s a lifestyle. He\\u2019s personally experienced the power of physical conditioning to provide mental, spiritual, and bodily healing.&nbsp;<\\/h5>\\r\\n<p>Having a diverse background in health and fitness, Robbie specializes in injury prevention, rehabilitation, and functional training. His expertise in correcting mobility issues and faulty movement patterns has helped clients of all types, from injury-plagued couch potatoes to Division 1 college athletes.<\\/p>\\r\\n<p>As a certified athletic trainer (through the National Board of Certification for Athletic Training), Robbie earned his bachelor\\u2019s degree in athletic training and sports medicine from Baylor University. He went on to receive a master\\u2019s degree in kinesiology from the University of North Texas. He worked with several notable athletes throughout his collegiate career including track stars, Jeremy Wariner, Darold Williamson, and Stephen White as well as then up-and-coming NFL players, Robert Griffin III (RG3), Jason Smith, Lance Dunbar, and Zachary Orr.<\\/p>\\r\\n<p>Robbie also knows firsthand what it takes to prepare and compete. He played professional arena football in the Indoor Football League (IFL) for two years and competed as a bodybuilder within the physique division for the Better Bodies Championship.&nbsp;<\\/p>\\r\\n<p>Robbie\\u2019s extensive education and experience have prepared him to offer quality service and care. His goal-oriented approach and customized, research-based workout programs empower clients to be accountable, stay motivated, and have fun!<\\/p>\\r\\n<p>When Robbie is not at the gym, he enjoys riding his motorcycle, playing the guitar, and watching football (no surprise!).<\\/p>\",\"13\":[\"5\"],\"12\":\"Robbie Birdwell\",\"14\":\"\\u201cAs Iron Sharpens Iron, So One Man Sharpens Another.\\u201d\",\"15\":\"Proverbs 27:17\",\"11\":\"About\",\"41\":\"bodybyrobbie@gmail.com\",\"10\":[\"4\",\"45\"],\"9\":\"\",\"8\":\"View Workouts\",\"7\":\"It\\u2019s time to turn doubt into drive.\",\"39\":\"5555 E. Mockingbird Lane S-200\\r\\nDallas, Texas 75206\",\"22\":\"<h5>Working out, eating healthy, and losing weight does not have to be a chore.&nbsp;<\\/h5>\\r\\n<p>It should be an energizing, enjoyable, and empowering experience that you look forward to every day. Together, we will overcome your obstacles, push your boundaries and have a ton of fun, making your fitness dreams a reality.<\\/p>\",\"23\":[\"9\",\"10\",\"11\",\"12\",\"13\",\"14\",\"15\",\"16\"],\"21\":\"Services\",\"40\":\"254.214.2618\",\"18\":[\"8\",\"50\",\"49\"],\"34\":[\"47\",\"46\"],\"32\":\"What my clients are saying...\"}}', '2017-12-13 13:03:26', '2017-12-13 13:03:26', '027aee3e-66b4-4031-ac10-b9f7a6108681'),
 ('29', '59', '6', '1', 'en_us', '1', '', '{\"typeId\":null,\"authorId\":\"1\",\"title\":\"Shopify product\",\"slug\":\"shopify-product\",\"postDate\":1514428303,\"expiryDate\":null,\"enabled\":1,\"parentId\":null,\"fields\":{\"45\":\"633661489195\"}}', '2017-12-28 02:31:43', '2017-12-28 02:31:43', '35f814a5-5cd2-455d-bba2-38f06d5ffbc9'),
 ('30', '63', '9', '1', 'en_us', '1', '', '{\"typeId\":\"9\",\"authorId\":\"1\",\"title\":\"Home\",\"slug\":\"home\",\"postDate\":1516772180,\"expiryDate\":null,\"enabled\":1,\"parentId\":\"\",\"fields\":{\"50\":\"\",\"54\":{\"new1\":{\"type\":\"slide\",\"enabled\":\"1\",\"fields\":{\"heading\":\"read the forbes interview\",\"body\":\"\",\"image\":[\"62\"],\"linkAddress\":\"\"}}},\"46\":{\"new1\":{\"type\":\"slide\",\"enabled\":\"1\",\"fields\":{\"heading\":\"shop melanin\",\"image\":[\"60\"],\"linkAddress\":\"\"}},\"new2\":{\"type\":\"slide\",\"enabled\":\"1\",\"fields\":{\"heading\":\"check out the blog\",\"image\":[\"61\"],\"linkAddress\":\"\"}}}}}', '2018-01-24 05:36:20', '2018-01-24 05:36:20', '632f74d4-a2a8-454e-8d57-e3c78556cb56'),
 ('31', '63', '9', '1', 'en_us', '2', '', '{\"typeId\":\"9\",\"authorId\":\"1\",\"title\":\"Home\",\"slug\":\"home\",\"postDate\":1516772160,\"expiryDate\":null,\"enabled\":1,\"parentId\":\"\",\"fields\":{\"50\":\"\",\"66\":\"check out the blog\",\"67\":[\"61\",\"62\",\"60\"],\"69\":\"\",\"64\":\"shop melanin\",\"65\":[\"60\",\"61\",\"62\"],\"68\":\"\",\"54\":\"\",\"70\":\"read the forbes interview\",\"71\":[\"62\",\"61\",\"60\"],\"72\":\"\",\"46\":\"\"}}', '2018-01-25 04:19:32', '2018-01-25 04:19:32', 'e7fe4314-32fd-45b1-8349-c754d84e4d6c'),
 ('32', '63', '9', '1', 'en_us', '3', '', '{\"typeId\":\"9\",\"authorId\":\"1\",\"title\":\"Home\",\"slug\":\"home\",\"postDate\":1516772160,\"expiryDate\":null,\"enabled\":1,\"parentId\":\"\",\"fields\":{\"50\":{\"new1\":{\"type\":\"slide\",\"enabled\":\"1\",\"fields\":{\"heading\":\"check out the blog\",\"image\":[\"61\"],\"linkAddress\":\"\"}},\"new2\":{\"type\":\"slide\",\"enabled\":\"1\",\"fields\":{\"heading\":\"test 2\",\"image\":[\"62\"],\"linkAddress\":\"\"}}},\"66\":\"check out the blog\",\"67\":[\"61\",\"62\",\"60\"],\"69\":\"\",\"46\":{\"new1\":{\"type\":\"slide\",\"enabled\":\"1\",\"fields\":{\"heading\":\"shop melanin\",\"image\":[\"60\"],\"linkAddress\":\"\"}},\"new2\":{\"type\":\"slide\",\"enabled\":\"1\",\"fields\":{\"heading\":\"test 2\",\"image\":[\"61\"],\"linkAddress\":\"\"}}},\"64\":\"shop melanin\",\"65\":[\"60\",\"61\",\"62\"],\"68\":\"\",\"54\":{\"new1\":{\"type\":\"slide\",\"enabled\":\"1\",\"fields\":{\"heading\":\"read the forbes interview\",\"body\":\"\",\"image\":[\"62\"],\"linkAddress\":\"\"}},\"new2\":{\"type\":\"slide\",\"enabled\":\"1\",\"fields\":{\"heading\":\"test 2\",\"body\":\"\",\"image\":[\"60\"],\"linkAddress\":\"\"}}},\"70\":\"read the forbes interview\",\"71\":[\"62\",\"61\",\"60\"],\"72\":\"\"}}', '2018-01-27 20:31:51', '2018-01-27 20:31:51', '9b4a0e7b-ed95-4851-886c-2250be94b915'),
 ('33', '63', '9', '1', 'en_us', '4', '', '{\"typeId\":\"9\",\"authorId\":\"1\",\"title\":\"Home\",\"slug\":\"home\",\"postDate\":1516772160,\"expiryDate\":null,\"enabled\":1,\"parentId\":\"\",\"fields\":{\"50\":{\"70\":{\"type\":\"slide\",\"enabled\":\"1\",\"fields\":{\"heading\":\"check out the blog\",\"image\":[\"61\"],\"linkAddress\":\"\"}},\"71\":{\"type\":\"slide\",\"enabled\":\"1\",\"fields\":{\"heading\":\"test 2\",\"image\":[\"62\"],\"linkAddress\":\"\"}}},\"46\":{\"68\":{\"type\":\"slide\",\"enabled\":\"1\",\"fields\":{\"heading\":\"shop melanin\",\"image\":[\"60\"],\"linkAddress\":\"\"}},\"69\":{\"type\":\"slide\",\"enabled\":\"1\",\"fields\":{\"heading\":\"test 2\",\"image\":[\"61\"],\"linkAddress\":\"\"}}},\"54\":{\"72\":{\"type\":\"slide\",\"enabled\":\"1\",\"fields\":{\"heading\":\"read the forbes interview\",\"body\":\"\",\"image\":[\"62\"],\"linkAddress\":\"\"}},\"73\":{\"type\":\"slide\",\"enabled\":\"1\",\"fields\":{\"heading\":\"test 2\",\"body\":\"\",\"image\":[\"60\"],\"linkAddress\":\"\"}}}}}', '2018-01-27 22:04:36', '2018-01-27 22:04:36', '0ed7ecf0-ee30-4781-a20c-46e4aaee56db'),
 ('34', '63', '9', '1', 'en_us', '5', '', '{\"typeId\":\"9\",\"authorId\":\"1\",\"title\":\"Home\",\"slug\":\"home\",\"postDate\":1516772160,\"expiryDate\":null,\"enabled\":1,\"parentId\":\"\",\"fields\":{\"50\":{\"70\":{\"type\":\"slide\",\"enabled\":\"1\",\"fields\":{\"heading\":\"check out the blog\",\"image\":[\"61\"],\"linkAddress\":\"www.google.com\"}},\"71\":{\"type\":\"slide\",\"enabled\":\"1\",\"fields\":{\"heading\":\"test 2\",\"image\":[\"62\"],\"linkAddress\":\"www.google.com\"}}},\"46\":{\"68\":{\"type\":\"slide\",\"enabled\":\"1\",\"fields\":{\"heading\":\"shop melanin\",\"image\":[\"60\"],\"linkAddress\":\"www.google.com\"}},\"69\":{\"type\":\"slide\",\"enabled\":\"1\",\"fields\":{\"heading\":\"test 2\",\"image\":[\"61\"],\"linkAddress\":\"www.google.com\"}}},\"54\":{\"72\":{\"type\":\"slide\",\"enabled\":\"1\",\"fields\":{\"heading\":\"read the forbes interview\",\"body\":\"\",\"image\":[\"62\"],\"linkAddress\":\"www.google.com\"}},\"73\":{\"type\":\"slide\",\"enabled\":\"1\",\"fields\":{\"heading\":\"test 2\",\"body\":\"\",\"image\":[\"60\"],\"linkAddress\":\"www.google.com\"}}}}}', '2018-01-28 23:04:48', '2018-01-28 23:04:48', '6ff018c1-6357-4a7f-9ce7-d7524e59efa9'),
 ('35', '78', '9', '1', 'en_us', '1', '', '{\"typeId\":\"11\",\"authorId\":\"1\",\"title\":\"Press\",\"slug\":\"press\",\"postDate\":1517289551,\"expiryDate\":null,\"enabled\":1,\"parentId\":\"\",\"fields\":{\"73\":{\"new1\":{\"type\":\"press\",\"enabled\":\"1\",\"fields\":{\"image\":[\"74\"],\"linkAddress\":\"\\/\"}},\"new2\":{\"type\":\"press\",\"enabled\":\"1\",\"fields\":{\"image\":[\"75\"],\"linkAddress\":\"\\/\"}},\"new3\":{\"type\":\"press\",\"enabled\":\"1\",\"fields\":{\"image\":[\"76\"],\"linkAddress\":\"\\/\"}},\"new4\":{\"type\":\"press\",\"enabled\":\"1\",\"fields\":{\"image\":[\"77\"],\"linkAddress\":\"\\/\"}}}}}', '2018-01-30 05:19:12', '2018-01-30 05:19:12', 'd2ae2709-fe87-447b-9c6d-7612337c771c');



DROP TABLE IF EXISTS `craft_fieldgroups`;


--
-- Schema for table `craft_fieldgroups`
--
CREATE TABLE `craft_fieldgroups` (
  `id` int(11) NOT NULL AUTO_INCREMENT,
  `name` varchar(255) COLLATE utf8_unicode_ci NOT NULL,
  `dateCreated` datetime NOT NULL,
  `dateUpdated` datetime NOT NULL,
  `uid` char(36) COLLATE utf8_unicode_ci NOT NULL DEFAULT '0',
  PRIMARY KEY (`id`),
  UNIQUE KEY `craft_fieldgroups_name_unq_idx` (`name`)
) ENGINE=InnoDB AUTO_INCREMENT=12 DEFAULT CHARSET=utf8 COLLATE=utf8_unicode_ci;

--
-- Data for table `craft_fieldgroups`
--

INSERT INTO `craft_fieldgroups` (`id`, `name`, `dateCreated`, `dateUpdated`, `uid`) VALUES
 ('1', 'Default', '2017-11-17 06:35:17', '2017-11-17 06:35:17', 'c15eea5f-cb51-4777-a0ee-1fe03299ea1d'),
 ('5', 'Services', '2017-11-17 07:47:00', '2017-11-17 07:47:00', '9ef38f45-c797-41a4-9622-61920ea103a6'),
 ('7', 'Trainings', '2017-11-21 12:21:22', '2017-11-21 12:21:22', 'aa74cc20-c9a9-40cb-9a3d-7a9acae96bbe'),
 ('8', 'Global', '2017-12-03 06:23:23', '2017-12-03 06:40:57', 'd7a989bd-e5ed-490f-b50c-d2541410c1e6'),
 ('9', 'Contact', '2017-12-11 15:05:35', '2017-12-11 15:05:35', 'b312bc8a-f723-412c-b05c-1143f7c10eb4'),
 ('10', 'Shopify', '2017-12-28 02:15:14', '2017-12-28 02:15:14', '0509a9ce-1785-4125-882a-f733efc7e52a'),
 ('11', 'Page', '2018-01-24 05:03:32', '2018-01-24 05:20:46', 'cf6e9848-3c86-4103-886d-b8c9fb8951fb');



DROP TABLE IF EXISTS `craft_fieldlayoutfields`;


--
-- Schema for table `craft_fieldlayoutfields`
--
CREATE TABLE `craft_fieldlayoutfields` (
  `id` int(11) NOT NULL AUTO_INCREMENT,
  `layoutId` int(11) NOT NULL,
  `tabId` int(11) NOT NULL,
  `fieldId` int(11) NOT NULL,
  `required` tinyint(1) unsigned NOT NULL DEFAULT '0',
  `sortOrder` smallint(6) unsigned DEFAULT NULL,
  `dateCreated` datetime NOT NULL,
  `dateUpdated` datetime NOT NULL,
  `uid` char(36) COLLATE utf8_unicode_ci NOT NULL DEFAULT '0',
  PRIMARY KEY (`id`),
  UNIQUE KEY `craft_fieldlayoutfields_layoutId_fieldId_unq_idx` (`layoutId`,`fieldId`),
  KEY `craft_fieldlayoutfields_sortOrder_idx` (`sortOrder`),
  KEY `craft_fieldlayoutfields_tabId_fk` (`tabId`),
  KEY `craft_fieldlayoutfields_fieldId_fk` (`fieldId`)
) ENGINE=InnoDB AUTO_INCREMENT=231 DEFAULT CHARSET=utf8 COLLATE=utf8_unicode_ci;

--
-- Data for table `craft_fieldlayoutfields`
--

INSERT INTO `craft_fieldlayoutfields` (`id`, `layoutId`, `tabId`, `fieldId`, `required`, `sortOrder`, `dateCreated`, `dateUpdated`, `uid`) VALUES
 ('41', '18', '16', '26', '0', '1', '2017-12-03 06:38:13', '2017-12-03 06:38:13', '1a6225cb-4417-47fd-81c7-404664078e72'),
 ('42', '18', '16', '27', '0', '2', '2017-12-03 06:38:13', '2017-12-03 06:38:13', 'e72ff4d6-fb3b-4ece-b363-6e4ac135c5d9'),
 ('128', '30', '39', '21', '0', '1', '2017-12-13 13:01:52', '2017-12-13 13:01:52', '0369fa1a-4dac-4ff3-846a-2fc63f94ae6b'),
 ('129', '30', '39', '22', '0', '2', '2017-12-13 13:01:52', '2017-12-13 13:01:52', '3514377b-5937-49bf-852a-4211c0588d57'),
 ('130', '30', '39', '23', '0', '3', '2017-12-13 13:01:52', '2017-12-13 13:01:52', '9b6fb9a7-739c-4cfe-acc2-d4aa5fd241a5'),
 ('131', '30', '40', '39', '0', '1', '2017-12-13 13:01:52', '2017-12-13 13:01:52', 'a73b6f82-8b84-410d-89cb-8c71f9a06d4b'),
 ('132', '30', '40', '40', '0', '2', '2017-12-13 13:01:52', '2017-12-13 13:01:52', 'e943ce98-1f92-4e31-bf72-a54f8fb4f156'),
 ('133', '30', '40', '41', '0', '3', '2017-12-13 13:01:52', '2017-12-13 13:01:52', '0670c510-4ef6-43e4-b705-2d640816162a'),
 ('139', '32', '42', '33', '0', '1', '2017-12-27 02:18:18', '2017-12-27 02:18:18', 'bb744b7e-ed3b-4c2e-b0d9-261045a6bbb0'),
 ('140', '32', '42', '28', '0', '2', '2017-12-27 02:18:18', '2017-12-27 02:18:18', '75ab2375-7ada-4b6b-a7c6-6d6b3d1c1354'),
 ('141', '32', '42', '43', '0', '3', '2017-12-27 02:18:18', '2017-12-27 02:18:18', '0cd57cb9-86cc-4070-b38b-90b340210202'),
 ('142', '32', '42', '42', '0', '4', '2017-12-27 02:18:18', '2017-12-27 02:18:18', 'c18089ac-377a-4c89-9b43-0179698c022e'),
 ('143', '32', '42', '29', '0', '5', '2017-12-27 02:18:18', '2017-12-27 02:18:18', '59b6b71f-267c-497f-8be2-11a44255c94d'),
 ('144', '32', '42', '44', '0', '6', '2017-12-27 02:18:18', '2017-12-27 02:18:18', '0bf4a1a5-9186-4062-9cab-8b16392257c4'),
 ('145', '33', '43', '35', '1', '1', '2017-12-27 04:41:21', '2017-12-27 04:41:21', '37d6b625-e700-45ba-bed1-117ae9cb3553'),
 ('146', '33', '43', '36', '0', '2', '2017-12-27 04:41:21', '2017-12-27 04:41:21', 'b3695f26-162b-43f5-a762-8c25acc50ab7'),
 ('147', '33', '43', '37', '1', '3', '2017-12-27 04:41:21', '2017-12-27 04:41:21', '6a7e8e18-7759-48f8-a62e-4e856b07a5f1'),
 ('148', '33', '43', '38', '1', '4', '2017-12-27 04:41:21', '2017-12-27 04:41:21', 'd20bf333-d85b-4198-b067-441b498ca839'),
 ('149', '35', '44', '45', '0', '1', '2017-12-28 02:17:17', '2017-12-28 02:17:17', '9a57dc4c-431c-4ad1-a0e4-2ad0bdad1efd'),
 ('167', '44', '51', '55', '0', '1', '2018-01-24 05:20:28', '2018-01-24 05:20:28', '30c41e48-780c-455f-92a2-5b896448fb3d'),
 ('168', '44', '51', '56', '0', '2', '2018-01-24 05:20:28', '2018-01-24 05:20:28', 'b50057e3-c7c0-42d6-aa32-42a81f54b9a9'),
 ('169', '44', '51', '57', '0', '3', '2018-01-24 05:20:28', '2018-01-24 05:20:28', '7b2d38b1-0fad-4863-b79f-2ef70ede4eab'),
 ('170', '44', '51', '58', '0', '4', '2018-01-24 05:20:28', '2018-01-24 05:20:28', '815f8504-4dd9-4548-a05c-997b462a006b'),
 ('171', '45', '52', '60', '0', '1', '2018-01-24 05:25:00', '2018-01-24 05:25:00', 'ae72a471-ec96-485c-b349-276f8187c335'),
 ('172', '45', '52', '61', '0', '2', '2018-01-24 05:25:00', '2018-01-24 05:25:00', 'd030ead1-7f79-4d51-900f-977ba1f08e40'),
 ('173', '45', '52', '62', '0', '3', '2018-01-24 05:25:00', '2018-01-24 05:25:00', '7e2731c5-fe51-4721-a9f1-0b72a5233f60'),
 ('174', '46', '53', '59', '0', '1', '2018-01-24 05:27:06', '2018-01-24 05:27:06', '3c993c12-9f0f-44cb-b10d-a18b742105a9'),
 ('178', '49', '55', '63', '0', '1', '2018-01-24 05:30:35', '2018-01-24 05:30:35', '41752650-ba7e-460a-ad0b-7ee203463720'),
 ('206', '54', '66', '47', '0', '1', '2018-01-27 20:28:08', '2018-01-27 20:28:08', 'c324915e-b2c7-4a18-a252-1c02c3c10754'),
 ('207', '54', '66', '48', '0', '2', '2018-01-27 20:28:08', '2018-01-27 20:28:08', 'b9e034a2-0917-4456-b124-1ddbd60a3b00'),
 ('208', '54', '66', '49', '0', '3', '2018-01-27 20:28:08', '2018-01-27 20:28:08', '91dcbede-98d9-4569-8c66-69af21d26ed4'),
 ('221', '56', '70', '51', '0', '1', '2018-01-27 20:29:16', '2018-01-27 20:29:16', '125f4a1b-14fa-4dc3-a2e5-68d886f66f34'),
 ('222', '56', '70', '52', '0', '2', '2018-01-27 20:29:16', '2018-01-27 20:29:16', '3588c461-e3e8-48a6-a9cf-651fc7713e64'),
 ('223', '56', '70', '53', '0', '3', '2018-01-27 20:29:16', '2018-01-27 20:29:16', 'a19890f8-b14c-46ca-bbef-3e75da713f4b'),
 ('224', '57', '71', '46', '0', '1', '2018-01-27 20:33:07', '2018-01-27 20:33:07', 'a6d6868d-e9ba-4e94-90d6-4849d13d1d3f'),
 ('225', '57', '72', '50', '0', '1', '2018-01-27 20:33:07', '2018-01-27 20:33:07', '042a3ddf-4c77-4dc2-9397-1a8920d4d664'),
 ('226', '57', '73', '54', '0', '1', '2018-01-27 20:33:07', '2018-01-27 20:33:07', 'f65658f5-746e-4af1-b054-0b51db63da6c'),
 ('227', '58', '74', '74', '0', '1', '2018-01-30 05:12:55', '2018-01-30 05:12:55', 'c4eee4e5-536a-4836-8857-3219c2b48e73'),
 ('228', '58', '74', '75', '0', '2', '2018-01-30 05:12:55', '2018-01-30 05:12:55', '1d766e56-6526-48ac-b220-39cb4a128651'),
 ('230', '60', '76', '73', '0', '1', '2018-01-30 05:17:04', '2018-01-30 05:17:04', '68180266-4a61-490a-8340-a5af60f6cb38');



DROP TABLE IF EXISTS `craft_fieldlayouts`;


--
-- Schema for table `craft_fieldlayouts`
--
CREATE TABLE `craft_fieldlayouts` (
  `id` int(11) NOT NULL AUTO_INCREMENT,
  `type` varchar(150) COLLATE utf8_unicode_ci NOT NULL,
  `dateCreated` datetime NOT NULL,
  `dateUpdated` datetime NOT NULL,
  `uid` char(36) COLLATE utf8_unicode_ci NOT NULL DEFAULT '0',
  PRIMARY KEY (`id`),
  KEY `craft_fieldlayouts_type_idx` (`type`)
) ENGINE=InnoDB AUTO_INCREMENT=61 DEFAULT CHARSET=utf8 COLLATE=utf8_unicode_ci;

--
-- Data for table `craft_fieldlayouts`
--

INSERT INTO `craft_fieldlayouts` (`id`, `type`, `dateCreated`, `dateUpdated`, `uid`) VALUES
 ('1', 'Tag', '2017-11-17 06:35:17', '2017-11-17 06:35:17', '5f3b37cf-f59a-4e8c-b52f-829589cd6ad5'),
 ('6', 'Asset', '2017-11-17 07:02:06', '2017-11-17 07:02:06', '1535994b-8f8b-453c-8a26-3ad350a3905c'),
 ('18', 'GlobalSet', '2017-12-03 06:38:13', '2017-12-03 06:38:13', '9af0e764-1b89-4557-a1c0-388f6411e7f9'),
 ('24', 'FormBuilder_Form', '2017-12-08 16:15:22', '2017-12-08 16:15:22', '122272d2-8d7a-4f6c-97b5-7a6176343576'),
 ('30', 'Entry', '2017-12-13 13:01:52', '2017-12-13 13:01:52', '17659d95-0679-46d3-b3fa-707099d239c0'),
 ('32', 'GlobalSet', '2017-12-27 02:18:18', '2017-12-27 02:18:18', 'a4f5086b-44ca-495a-b9f8-930da8154401'),
 ('33', 'FormBuilder_Form', '2017-12-27 04:41:21', '2017-12-27 04:41:21', 'd649e852-a872-4e38-bbb7-cb8d79f76cb4'),
 ('35', 'Entry', '2017-12-28 02:17:17', '2017-12-28 02:17:17', '2a40efcc-2208-4cb7-9c62-a7fbe5e30858'),
 ('44', 'MatrixBlock', '2018-01-24 05:20:28', '2018-01-24 05:20:28', 'a5258977-2d46-4ba4-8e0f-41c6f165a25d'),
 ('45', 'MatrixBlock', '2018-01-24 05:25:00', '2018-01-24 05:25:00', '6dfa1093-f790-4b24-b515-e542ad573059'),
 ('46', 'Entry', '2018-01-24 05:27:06', '2018-01-24 05:27:06', '529a8e9e-207c-4d25-a8e4-b4b8af067d42'),
 ('49', 'Entry', '2018-01-24 05:30:35', '2018-01-24 05:30:35', 'd2652a7a-d77d-4572-aa4f-b527778b58fc'),
 ('54', 'MatrixBlock', '2018-01-27 20:28:08', '2018-01-27 20:28:08', 'a16e64ea-83ef-4e9b-b583-53a0ace8e039'),
 ('56', 'MatrixBlock', '2018-01-27 20:29:16', '2018-01-27 20:29:16', '9e92a03c-09ae-4aed-9f2c-4dee7b831216'),
 ('57', 'Entry', '2018-01-27 20:33:07', '2018-01-27 20:33:07', '62d05db4-bdda-45e5-9712-a2424c57747b'),
 ('58', 'MatrixBlock', '2018-01-30 05:12:55', '2018-01-30 05:12:55', 'b2892c46-ec76-404d-8ad7-206380c2f218'),
 ('60', 'Entry', '2018-01-30 05:17:04', '2018-01-30 05:17:04', '42c9cad6-f2de-4faf-b88d-cb6aec0e9d78');



DROP TABLE IF EXISTS `craft_fieldlayouttabs`;


--
-- Schema for table `craft_fieldlayouttabs`
--
CREATE TABLE `craft_fieldlayouttabs` (
  `id` int(11) NOT NULL AUTO_INCREMENT,
  `layoutId` int(11) NOT NULL,
  `name` varchar(255) COLLATE utf8_unicode_ci NOT NULL,
  `sortOrder` smallint(6) unsigned DEFAULT NULL,
  `dateCreated` datetime NOT NULL,
  `dateUpdated` datetime NOT NULL,
  `uid` char(36) COLLATE utf8_unicode_ci NOT NULL DEFAULT '0',
  PRIMARY KEY (`id`),
  KEY `craft_fieldlayouttabs_sortOrder_idx` (`sortOrder`),
  KEY `craft_fieldlayouttabs_layoutId_fk` (`layoutId`)
) ENGINE=InnoDB AUTO_INCREMENT=77 DEFAULT CHARSET=utf8 COLLATE=utf8_unicode_ci;

--
-- Data for table `craft_fieldlayouttabs`
--

INSERT INTO `craft_fieldlayouttabs` (`id`, `layoutId`, `name`, `sortOrder`, `dateCreated`, `dateUpdated`, `uid`) VALUES
 ('16', '18', 'Content', '1', '2017-12-03 06:38:13', '2017-12-03 06:38:13', 'b7b25f89-7e66-45df-bc20-e3aa3a114472'),
 ('36', '30', 'Hero', '1', '2017-12-13 13:01:52', '2017-12-13 13:01:52', '3473d47b-5bbb-4cc2-b639-053aca38aa04'),
 ('37', '30', 'About', '2', '2017-12-13 13:01:52', '2017-12-13 13:01:52', '35ab31db-5214-4f30-a753-b69b630ddb55'),
 ('38', '30', 'Testimonials', '3', '2017-12-13 13:01:52', '2017-12-13 13:01:52', '37a3b8ce-c7eb-4130-a743-52800843fe40'),
 ('39', '30', 'Services', '4', '2017-12-13 13:01:52', '2017-12-13 13:01:52', '7ff8e7c7-4366-496a-b9db-ee0404985801'),
 ('40', '30', 'Contact', '5', '2017-12-13 13:01:52', '2017-12-13 13:01:52', '40de68f3-62d8-4a8a-83d6-498c63ed027b'),
 ('42', '32', 'Content', '1', '2017-12-27 02:18:18', '2017-12-27 02:18:18', 'a4add978-a7f5-44fc-b61a-ba9ac6da2ec4'),
 ('43', '33', 'Contact', '1', '2017-12-27 04:41:21', '2017-12-27 04:41:21', '2ef565e5-b457-454b-b9f6-63855d37c159'),
 ('44', '35', 'Shopify', '1', '2017-12-28 02:17:17', '2017-12-28 02:17:17', '57ee5b3d-a8b9-4372-b33f-170d9f29a7cc'),
 ('51', '44', 'Content', '1', '2018-01-24 05:20:28', '2018-01-24 05:20:28', '70786550-be5f-4c3e-9d5b-e324d8e5401f'),
 ('52', '45', 'Content', '1', '2018-01-24 05:25:00', '2018-01-24 05:25:00', '6124d987-983d-4754-a8af-56bcf3b787c9'),
 ('53', '46', 'Tab 1', '1', '2018-01-24 05:27:06', '2018-01-24 05:27:06', 'd9f63b65-8aab-4bf7-8b7b-d6655d236119'),
 ('55', '49', 'Tab 1', '1', '2018-01-24 05:30:35', '2018-01-24 05:30:35', 'a628ab9a-0cae-4bfa-b8b9-b472f7d7b141'),
 ('66', '54', 'Content', '1', '2018-01-27 20:28:08', '2018-01-27 20:28:08', 'ad7c2f60-6209-49a3-9293-9fe74cde2695'),
 ('70', '56', 'Content', '1', '2018-01-27 20:29:16', '2018-01-27 20:29:16', '971082ec-02a8-461a-928f-09060d285ad8'),
 ('71', '57', 'Slides Left Up', '1', '2018-01-27 20:33:07', '2018-01-27 20:33:07', '880be15c-7930-4280-9bd9-fad3363a4fb3'),
 ('72', '57', 'Slides Left Bottom', '2', '2018-01-27 20:33:07', '2018-01-27 20:33:07', '0dfb9eac-694a-446b-9126-6b11b7fdaeef'),
 ('73', '57', 'Slides Right', '3', '2018-01-27 20:33:07', '2018-01-27 20:33:07', '2f3d0fa5-8947-4eb2-8332-6680d29c3c3e'),
 ('74', '58', 'Content', '1', '2018-01-30 05:12:55', '2018-01-30 05:12:55', '176bcf10-12e2-4cf0-b74b-a5dd235b76fe'),
 ('76', '60', 'Tab 1', '1', '2018-01-30 05:17:04', '2018-01-30 05:17:04', 'e66ed178-2482-4ac7-80c8-5584f2d39b71');



DROP TABLE IF EXISTS `craft_fields`;


--
-- Schema for table `craft_fields`
--
CREATE TABLE `craft_fields` (
  `id` int(11) NOT NULL AUTO_INCREMENT,
  `groupId` int(11) DEFAULT NULL,
  `name` varchar(255) COLLATE utf8_unicode_ci NOT NULL,
  `handle` varchar(58) COLLATE utf8_unicode_ci NOT NULL,
  `context` varchar(255) COLLATE utf8_unicode_ci NOT NULL DEFAULT 'global',
  `instructions` text COLLATE utf8_unicode_ci,
  `translatable` tinyint(1) unsigned NOT NULL DEFAULT '0',
  `type` varchar(150) COLLATE utf8_unicode_ci NOT NULL,
  `settings` text COLLATE utf8_unicode_ci,
  `dateCreated` datetime NOT NULL,
  `dateUpdated` datetime NOT NULL,
  `uid` char(36) COLLATE utf8_unicode_ci NOT NULL DEFAULT '0',
  PRIMARY KEY (`id`),
  UNIQUE KEY `craft_fields_handle_context_unq_idx` (`handle`,`context`),
  KEY `craft_fields_context_idx` (`context`),
  KEY `craft_fields_groupId_fk` (`groupId`)
) ENGINE=InnoDB AUTO_INCREMENT=76 DEFAULT CHARSET=utf8 COLLATE=utf8_unicode_ci;

--
-- Data for table `craft_fields`
--

INSERT INTO `craft_fields` (`id`, `groupId`, `name`, `handle`, `context`, `instructions`, `translatable`, `type`, `settings`, `dateCreated`, `dateUpdated`, `uid`) VALUES
 ('1', '1', 'Body', 'body', 'global', NULL, '1', 'RichText', '{\"configFile\":\"Standard.json\",\"columnType\":\"text\"}', '2017-11-17 06:35:17', '2017-11-17 06:35:17', '38706ab3-e7f4-4fa2-9998-fedefbf3686f'),
 ('2', '1', 'Tags', 'tags', 'global', NULL, '0', 'Tags', '{\"source\":\"taggroup:1\"}', '2017-11-17 06:35:17', '2017-11-17 06:35:17', '66f0799b-8a6b-489c-bc15-bac9f9b075a7'),
 ('3', '1', 'Title Text', 'titleText', 'global', '', '0', 'PlainText', '{\"placeholder\":\"\",\"maxLength\":\"\",\"multiline\":\"\",\"initialRows\":\"4\"}', '2017-11-17 06:58:45', '2017-11-17 06:58:45', 'c5295f0f-4fc7-4a12-8546-e38ee78a9d00'),
 ('4', '1', 'Title Rich', 'titleRich', 'global', '', '0', 'RichText', '{\"configFile\":\"\",\"availableAssetSources\":\"*\",\"availableTransforms\":\"*\",\"cleanupHtml\":\"1\",\"purifyHtml\":\"1\",\"purifierConfig\":\"\",\"columnType\":\"text\"}', '2017-11-17 06:59:05', '2017-11-17 06:59:05', '3d3a3134-737e-444b-9a2c-8cfe81389438'),
 ('5', '1', 'Image', 'image', 'global', '', '0', 'Assets', '{\"useSingleFolder\":\"\",\"sources\":[\"folder:1\"],\"defaultUploadLocationSource\":\"1\",\"defaultUploadLocationSubpath\":\"\",\"singleUploadLocationSource\":\"1\",\"singleUploadLocationSubpath\":\"\",\"restrictFiles\":\"\",\"limit\":\"\",\"viewMode\":\"list\",\"selectionLabel\":\"\"}', '2017-11-17 07:02:33', '2017-11-17 07:02:33', '93faf1a5-2f8e-4379-a462-c39176d71096'),
 ('6', '1', 'Text', 'text', 'global', '', '0', 'PlainText', '{\"placeholder\":\"\",\"maxLength\":\"\",\"multiline\":\"1\",\"initialRows\":\"4\"}', '2017-11-17 07:03:15', '2017-12-03 13:54:45', 'cfa57b27-fee4-4013-91d6-4bb79cdad4a3'),
 ('17', '1', 'Text Author', 'textAuthor', 'global', '', '0', 'PlainText', '{\"placeholder\":\"\",\"maxLength\":\"\",\"multiline\":\"\",\"initialRows\":\"4\"}', '2017-11-17 07:40:28', '2017-12-10 11:48:38', 'b5b183f3-7ac2-4fe6-95f0-89b235fd1a06'),
 ('19', '1', 'Link Text', 'linkText', 'global', '', '0', 'PlainText', '{\"placeholder\":\"\",\"maxLength\":\"\",\"multiline\":\"\",\"initialRows\":\"4\"}', '2017-11-17 07:45:33', '2017-11-17 07:45:33', '483220cf-bef3-438a-92f4-3625ceabc913'),
 ('20', '1', 'Link Address', 'linkAddress', 'global', '', '0', 'PlainText', '{\"placeholder\":\"\",\"maxLength\":\"\",\"multiline\":\"\",\"initialRows\":\"4\"}', '2017-11-17 07:45:50', '2017-11-17 07:45:50', '88788b78-8840-4c14-abc4-cb45008c0a11'),
 ('21', '5', 'Services Title', 'servicesTitle', 'global', '', '0', 'PlainText', '{\"placeholder\":\"\",\"maxLength\":\"\",\"multiline\":\"\",\"initialRows\":\"4\"}', '2017-11-17 07:47:23', '2017-11-17 07:47:23', '88d313c6-6b02-42c6-9c9a-dda573361ddf'),
 ('22', '5', 'Services Body', 'servicesBody', 'global', '', '0', 'RichText', '{\"configFile\":\"\",\"availableAssetSources\":\"*\",\"availableTransforms\":\"*\",\"cleanupHtml\":\"1\",\"purifyHtml\":\"1\",\"purifierConfig\":\"\",\"columnType\":\"text\"}', '2017-11-17 07:47:42', '2017-11-17 07:47:42', 'df985a0e-20fe-44d9-a8f3-259c18e51417'),
 ('23', '5', 'Services Cards', 'servicesCards', 'global', '', '0', 'Entries', '{\"sources\":[\"section:4\"],\"limit\":\"\",\"selectionLabel\":\"\"}', '2017-11-17 07:48:05', '2017-11-17 07:48:05', '1bfd7e98-d7a0-4368-a8fa-5bdf74d0ada8'),
 ('24', '7', 'Training', 'training', 'global', '', '0', 'Venti_Event', NULL, '2017-11-21 12:21:38', '2017-11-21 12:21:38', 'be4ca22a-63af-42f8-ac3a-082ff7cec269'),
 ('26', '8', 'Meta Title', 'metaTitle', 'global', '', '0', 'PlainText', '{\"placeholder\":\"\",\"maxLength\":\"\",\"multiline\":\"\",\"initialRows\":\"4\"}', '2017-12-03 06:36:25', '2017-12-03 06:36:25', '7e12b333-fb9e-48e4-a767-31261c8e6b11'),
 ('27', '8', 'Meta Description', 'metaDescription', 'global', '', '0', 'PlainText', '{\"placeholder\":\"\",\"maxLength\":\"\",\"multiline\":\"1\",\"initialRows\":\"4\"}', '2017-12-03 06:37:21', '2017-12-03 06:37:21', '72fbf2d3-f81c-4e73-a28e-0203459e5548'),
 ('28', '8', 'Facebook', 'facebook', 'global', '', '0', 'PlainText', '{\"placeholder\":\"\",\"maxLength\":\"\",\"multiline\":\"\",\"initialRows\":\"4\"}', '2017-12-03 06:39:42', '2017-12-03 06:39:42', '32dc010f-19fb-4ee7-8196-853bea1f4291'),
 ('29', '8', 'Instagram', 'instagram', 'global', '', '0', 'PlainText', '{\"placeholder\":\"\",\"maxLength\":\"\",\"multiline\":\"\",\"initialRows\":\"4\"}', '2017-12-03 06:40:08', '2017-12-03 06:40:08', '0d6960f8-b9d7-43bf-a879-b5a0556ecd0b'),
 ('30', '8', 'Twitter', 'twitter', 'global', '', '0', 'PlainText', '{\"placeholder\":\"\",\"maxLength\":\"\",\"multiline\":\"\",\"initialRows\":\"4\"}', '2017-12-03 06:40:23', '2017-12-03 06:40:23', '0fcb7335-231d-41f6-8632-8d100e3a4b60'),
 ('31', '8', 'Pinterest', 'pinterest', 'global', '', '0', 'PlainText', '{\"placeholder\":\"\",\"maxLength\":\"\",\"multiline\":\"\",\"initialRows\":\"4\"}', '2017-12-03 06:40:41', '2017-12-03 06:40:41', 'ee9388b5-0268-43b8-b75d-9683b3023748'),
 ('33', '8', 'Logo', 'logo', 'global', '', '0', 'Assets', '{\"useSingleFolder\":\"\",\"sources\":[\"folder:1\"],\"defaultUploadLocationSource\":\"1\",\"defaultUploadLocationSubpath\":\"\",\"singleUploadLocationSource\":\"1\",\"singleUploadLocationSubpath\":\"\",\"restrictFiles\":\"\",\"limit\":\"\",\"viewMode\":\"list\",\"selectionLabel\":\"\"}', '2017-12-04 12:01:21', '2017-12-04 12:01:21', '22a7ec62-0aaf-4275-86a8-d1b4feeca18d'),
 ('35', '9', 'Name', 'contactName', 'global', '', '0', 'PlainText', '{\"placeholder\":\"Name*\",\"maxLength\":\"\",\"multiline\":\"\",\"initialRows\":\"4\"}', '2017-12-11 15:06:53', '2017-12-12 07:46:17', '676575eb-137b-4a6b-8df7-5126b6046da4'),
 ('36', '9', 'Email', 'contactEmail', 'global', '', '0', 'PlainText', '{\"placeholder\":\"Email\",\"maxLength\":\"\",\"multiline\":\"\",\"initialRows\":\"4\"}', '2017-12-11 15:50:30', '2017-12-12 07:45:44', '07d46158-4d7f-4fbc-a497-7f7ded19412d'),
 ('37', '9', 'Phone', 'contactPhone', 'global', '', '0', 'PlainText', '{\"placeholder\":\"Phone*\",\"maxLength\":\"\",\"multiline\":\"\",\"initialRows\":\"4\"}', '2017-12-11 15:50:46', '2017-12-12 07:46:08', '995c38a2-542c-4c0d-8a89-d6a502faab61'),
 ('38', '9', 'Message', 'contactMessage', 'global', '', '0', 'PlainText', '{\"placeholder\":\"Message*\",\"maxLength\":\"\",\"multiline\":\"1\",\"initialRows\":\"4\"}', '2017-12-11 15:51:10', '2017-12-12 07:46:34', 'd59a6e61-fe96-48fe-80ba-92caf4b201c9'),
 ('39', '9', 'Location', 'location', 'global', '', '0', 'PlainText', '{\"placeholder\":\"\",\"maxLength\":\"\",\"multiline\":\"1\",\"initialRows\":\"4\"}', '2017-12-12 07:51:37', '2017-12-13 13:02:49', 'b7f61972-c16c-473b-aa3f-01adea39a760'),
 ('40', '9', 'Tel', 'tel', 'global', '', '0', 'PlainText', '{\"placeholder\":\"\",\"maxLength\":\"\",\"multiline\":\"\",\"initialRows\":\"4\"}', '2017-12-12 07:51:44', '2017-12-12 07:51:44', '7dfe6e00-b278-4798-bcc6-f7681e175d09'),
 ('41', '9', 'Email', 'email', 'global', '', '0', 'PlainText', '{\"placeholder\":\"\",\"maxLength\":\"\",\"multiline\":\"\",\"initialRows\":\"4\"}', '2017-12-12 07:51:52', '2017-12-12 07:51:52', '85a0bd3d-4364-44f0-9347-61f0fd28d510'),
 ('42', '8', 'Youtube', 'youtube', 'global', '', '0', 'PlainText', '{\"placeholder\":\"\",\"maxLength\":\"\",\"multiline\":\"\",\"initialRows\":\"4\"}', '2017-12-27 02:15:31', '2017-12-27 02:15:31', 'c98ebae1-f5b2-40e8-a345-b6f88dea0b79'),
 ('43', '8', 'Google Plus', 'googlePlus', 'global', '', '0', 'PlainText', '{\"placeholder\":\"\",\"maxLength\":\"\",\"multiline\":\"\",\"initialRows\":\"4\"}', '2017-12-27 02:15:44', '2017-12-27 02:15:44', 'fcff244e-0a3a-4f85-bb0b-fb127914a1c0'),
 ('44', '8', 'LinkedIn', 'linkedin', 'global', '', '0', 'PlainText', '{\"placeholder\":\"\",\"maxLength\":\"\",\"multiline\":\"\",\"initialRows\":\"4\"}', '2017-12-27 02:17:46', '2017-12-27 02:17:46', 'cfde83e8-9138-4533-b84e-1c36b11b9bea'),
 ('45', '10', 'Test Product', 'testProduct', 'global', '', '0', 'Shopify_Product', NULL, '2017-12-28 02:15:46', '2017-12-28 02:15:46', '36f633e2-caeb-4555-b03c-4f822837d552'),
 ('46', '11', 'Slides Left Up', 'slidesLeftUp', 'global', '', '0', 'Matrix', '{\"maxBlocks\":null}', '2018-01-24 05:09:16', '2018-01-27 20:28:08', 'e42630d9-78e1-4497-8f05-4a2eb6caf154'),
 ('47', NULL, 'Heading', 'heading', 'matrixBlockType:1', '', '0', 'PlainText', '{\"placeholder\":\"\",\"maxLength\":\"\",\"multiline\":\"\",\"initialRows\":\"4\"}', '2018-01-24 05:16:50', '2018-01-27 20:28:08', 'cd64e4fb-555a-4f13-ad6b-31f1e8110b30'),
 ('48', NULL, 'Image', 'image', 'matrixBlockType:1', '', '0', 'Assets', '{\"useSingleFolder\":\"\",\"sources\":[\"folder:1\"],\"defaultUploadLocationSource\":\"1\",\"defaultUploadLocationSubpath\":\"\",\"singleUploadLocationSource\":\"1\",\"singleUploadLocationSubpath\":\"\",\"restrictFiles\":\"\",\"limit\":\"\",\"viewMode\":\"list\",\"selectionLabel\":\"\"}', '2018-01-24 05:16:50', '2018-01-27 20:28:08', '1f97a52d-4ec0-47f5-844e-e5c68dd39de6'),
 ('49', NULL, 'Link Address', 'linkAddress', 'matrixBlockType:1', '', '0', 'PlainText', '{\"placeholder\":\"\",\"maxLength\":\"\",\"multiline\":\"\",\"initialRows\":\"4\"}', '2018-01-24 05:16:50', '2018-01-27 20:28:08', '8ad45e70-d160-4125-94b4-9c94df55155d'),
 ('50', '11', 'Slides Left Bottom', 'slidesLeftBottom', 'global', '', '0', 'Matrix', '{\"maxBlocks\":null}', '2018-01-24 05:17:55', '2018-01-27 20:29:16', '48f3f189-c443-4a06-9acb-823797033d59'),
 ('51', NULL, 'Heading', 'heading', 'matrixBlockType:2', '', '0', 'PlainText', '{\"placeholder\":\"\",\"maxLength\":\"\",\"multiline\":\"\",\"initialRows\":\"4\"}', '2018-01-24 05:17:55', '2018-01-27 20:29:16', '6b5e5363-1c2c-45d1-a468-84f5ebdfecb6'),
 ('52', NULL, 'Image', 'image', 'matrixBlockType:2', '', '0', 'Assets', '{\"useSingleFolder\":\"\",\"sources\":[\"folder:1\"],\"defaultUploadLocationSource\":\"1\",\"defaultUploadLocationSubpath\":\"\",\"singleUploadLocationSource\":\"1\",\"singleUploadLocationSubpath\":\"\",\"restrictFiles\":\"\",\"limit\":\"\",\"viewMode\":\"list\",\"selectionLabel\":\"\"}', '2018-01-24 05:17:55', '2018-01-27 20:29:16', '4aa1feac-58cb-425b-9c79-b63593adcc91'),
 ('53', NULL, 'Link Address', 'linkAddress', 'matrixBlockType:2', '', '0', 'PlainText', '{\"placeholder\":\"\",\"maxLength\":\"\",\"multiline\":\"\",\"initialRows\":\"4\"}', '2018-01-24 05:17:55', '2018-01-27 20:29:16', 'a010a60d-7f30-4ce3-8013-498c1bdeb11d'),
 ('54', '11', 'Slides Right', 'slidesRight', 'global', '', '0', 'Matrix', '{\"maxBlocks\":null}', '2018-01-24 05:20:28', '2018-01-24 05:20:28', 'eabb7b36-82aa-4b5e-b416-b6c88ec13735'),
 ('55', NULL, 'Heading', 'heading', 'matrixBlockType:3', '', '0', 'PlainText', '{\"placeholder\":\"\",\"maxLength\":\"\",\"multiline\":\"\",\"initialRows\":\"4\"}', '2018-01-24 05:20:28', '2018-01-24 05:20:28', '3d9a5386-dd33-4149-aa75-74e2c972311e'),
 ('56', NULL, 'Body', 'body', 'matrixBlockType:3', '', '0', 'RichText', '{\"configFile\":\"\",\"availableAssetSources\":\"*\",\"availableTransforms\":\"*\",\"cleanupHtml\":\"1\",\"purifyHtml\":\"1\",\"purifierConfig\":\"\",\"columnType\":\"text\"}', '2018-01-24 05:20:28', '2018-01-24 05:20:28', '8795f00f-4a2c-48ad-a8d1-157f14012a8d'),
 ('57', NULL, 'Image', 'image', 'matrixBlockType:3', '', '0', 'Assets', '{\"useSingleFolder\":\"\",\"sources\":[\"folder:1\"],\"defaultUploadLocationSource\":\"1\",\"defaultUploadLocationSubpath\":\"\",\"singleUploadLocationSource\":\"1\",\"singleUploadLocationSubpath\":\"\",\"restrictFiles\":\"\",\"limit\":\"\",\"viewMode\":\"list\",\"selectionLabel\":\"\"}', '2018-01-24 05:20:28', '2018-01-24 05:20:28', 'b96069ed-fd6a-4107-8b9e-dc18542f110c'),
 ('58', NULL, 'Link Address', 'linkAddress', 'matrixBlockType:3', '', '0', 'PlainText', '{\"placeholder\":\"\",\"maxLength\":\"\",\"multiline\":\"\",\"initialRows\":\"4\"}', '2018-01-24 05:20:28', '2018-01-24 05:20:28', '6fa2f06f-ffff-4c58-9c57-9013bbcfed1c'),
 ('59', '5', 'Service Pages', 'servicePages', 'global', '', '0', 'Matrix', '{\"maxBlocks\":null}', '2018-01-24 05:25:00', '2018-01-24 05:25:00', 'e338e032-96bc-4f88-872c-b85cf122427b'),
 ('60', NULL, 'Heading', 'heading', 'matrixBlockType:4', '', '0', 'PlainText', '{\"placeholder\":\"\",\"maxLength\":\"\",\"multiline\":\"\",\"initialRows\":\"4\"}', '2018-01-24 05:25:00', '2018-01-24 05:25:00', '220205b3-222e-4eef-a672-6033252904df'),
 ('61', NULL, 'Body', 'body', 'matrixBlockType:4', '', '0', 'RichText', '{\"configFile\":\"\",\"availableAssetSources\":\"*\",\"availableTransforms\":\"*\",\"cleanupHtml\":\"1\",\"purifyHtml\":\"1\",\"purifierConfig\":\"\",\"columnType\":\"text\"}', '2018-01-24 05:25:00', '2018-01-24 05:25:00', '180f8787-9934-4b3d-a014-c4868df24585'),
 ('62', NULL, 'Image', 'image', 'matrixBlockType:4', '', '0', 'Assets', '{\"useSingleFolder\":\"\",\"sources\":[\"folder:1\"],\"defaultUploadLocationSource\":\"1\",\"defaultUploadLocationSubpath\":\"\",\"singleUploadLocationSource\":\"1\",\"singleUploadLocationSubpath\":\"\",\"restrictFiles\":\"\",\"limit\":\"\",\"viewMode\":\"list\",\"selectionLabel\":\"\"}', '2018-01-24 05:25:00', '2018-01-24 05:25:00', '5fee10b9-27c3-4380-8f9f-442deab785f8'),
 ('63', '11', 'Services', 'services', 'global', '', '0', 'Entries', '{\"sources\":[\"section:4\"],\"limit\":\"\",\"selectionLabel\":\"\"}', '2018-01-24 05:26:05', '2018-01-24 05:26:05', '650aff23-bda1-4db0-86ef-57b3d6c360d5'),
 ('64', '11', 'Slides Left Up Heading', 'slidesLeftUpHeading', 'global', '', '0', 'PlainText', '{\"placeholder\":\"\",\"maxLength\":\"\",\"multiline\":\"\",\"initialRows\":\"4\"}', '2018-01-25 04:14:07', '2018-01-25 04:14:20', '8f5532f3-93f5-4305-be56-d0737bae6c4f'),
 ('65', '11', 'Slides Left Up Images', 'slidesLeftUpImages', 'global', '', '0', 'Assets', '{\"useSingleFolder\":\"\",\"sources\":[\"folder:1\"],\"defaultUploadLocationSource\":\"1\",\"defaultUploadLocationSubpath\":\"\",\"singleUploadLocationSource\":\"1\",\"singleUploadLocationSubpath\":\"\",\"restrictFiles\":\"\",\"limit\":\"\",\"viewMode\":\"list\",\"selectionLabel\":\"\"}', '2018-01-25 04:14:38', '2018-01-25 04:14:38', 'e114c5b8-0848-4310-a926-c38bc0762c6d'),
 ('66', '11', 'Slides Left Bottom Heading', 'slidesLeftBottomHeading', 'global', '', '0', 'PlainText', '{\"placeholder\":\"\",\"maxLength\":\"\",\"multiline\":\"\",\"initialRows\":\"4\"}', '2018-01-25 04:14:53', '2018-01-25 04:14:53', '9c31549c-eb3d-4e95-b767-a3069fc40d79'),
 ('67', '11', 'Slides Left Bottom Images', 'slidesLeftBottomImages', 'global', '', '0', 'Assets', '{\"useSingleFolder\":\"\",\"sources\":[\"folder:1\"],\"defaultUploadLocationSource\":\"1\",\"defaultUploadLocationSubpath\":\"\",\"singleUploadLocationSource\":\"1\",\"singleUploadLocationSubpath\":\"\",\"restrictFiles\":\"\",\"limit\":\"\",\"viewMode\":\"list\",\"selectionLabel\":\"\"}', '2018-01-25 04:15:23', '2018-01-25 04:15:23', '23275720-ec3b-43e6-bffd-e0edd19bc899'),
 ('68', '11', 'Slides Left Up Link', 'slidesLeftUpLink', 'global', '', '0', 'PlainText', '{\"placeholder\":\"\",\"maxLength\":\"\",\"multiline\":\"\",\"initialRows\":\"4\"}', '2018-01-25 04:15:34', '2018-01-25 04:15:34', 'fde19e25-960a-47f7-845d-1a9932b787bc'),
 ('69', '11', 'Slides Left Bottom Link', 'slidesLeftBottomLink', 'global', '', '0', 'PlainText', '{\"placeholder\":\"\",\"maxLength\":\"\",\"multiline\":\"\",\"initialRows\":\"4\"}', '2018-01-25 04:15:48', '2018-01-25 04:15:48', '970db635-3362-40e3-80bf-dd22098de890'),
 ('70', '11', 'Slides Right Heading', 'slidesRightHeading', 'global', '', '0', 'PlainText', '{\"placeholder\":\"\",\"maxLength\":\"\",\"multiline\":\"\",\"initialRows\":\"4\"}', '2018-01-25 04:16:06', '2018-01-25 04:16:06', '0744e210-3e97-4c61-a6b1-d927013e533d'),
 ('71', '11', 'Slides Right Images', 'slidesRightImages', 'global', '', '0', 'Assets', '{\"useSingleFolder\":\"\",\"sources\":[\"folder:1\"],\"defaultUploadLocationSource\":\"1\",\"defaultUploadLocationSubpath\":\"\",\"singleUploadLocationSource\":\"1\",\"singleUploadLocationSubpath\":\"\",\"restrictFiles\":\"\",\"limit\":\"\",\"viewMode\":\"list\",\"selectionLabel\":\"\"}', '2018-01-25 04:16:25', '2018-01-25 04:16:25', 'cca70c4f-7e20-444d-94f9-4c022e15f2f2'),
 ('72', '11', 'Slides Right Link', 'slidesRightLink', 'global', '', '0', 'PlainText', '{\"placeholder\":\"\",\"maxLength\":\"\",\"multiline\":\"\",\"initialRows\":\"4\"}', '2018-01-25 04:16:49', '2018-01-25 04:16:49', '2076821a-f7c6-4029-ac74-02dc206b2e67'),
 ('73', '11', 'Press', 'press', 'global', '', '0', 'Matrix', '{\"maxBlocks\":null}', '2018-01-30 05:06:00', '2018-01-30 05:12:55', 'da9a00ab-adaf-4fde-98cf-77fa8f90d034'),
 ('74', NULL, 'Image', 'image', 'matrixBlockType:5', '', '0', 'Assets', '{\"useSingleFolder\":\"\",\"sources\":[\"folder:1\"],\"defaultUploadLocationSource\":\"1\",\"defaultUploadLocationSubpath\":\"\",\"singleUploadLocationSource\":\"1\",\"singleUploadLocationSubpath\":\"\",\"restrictFiles\":\"\",\"limit\":\"\",\"viewMode\":\"list\",\"selectionLabel\":\"\"}', '2018-01-30 05:12:55', '2018-01-30 05:12:55', 'b30eae46-9b8a-4644-ab4e-db9bb9063fdf'),
 ('75', NULL, 'Link Address', 'linkAddress', 'matrixBlockType:5', '', '0', 'PlainText', '{\"placeholder\":\"\",\"maxLength\":\"\",\"multiline\":\"\",\"initialRows\":\"4\"}', '2018-01-30 05:12:55', '2018-01-30 05:12:55', 'e87d5d5c-61ce-4de2-bddf-b96340d14034');



DROP TABLE IF EXISTS `craft_formbuilder_entries`;


--
-- Schema for table `craft_formbuilder_entries`
--
CREATE TABLE `craft_formbuilder_entries` (
  `id` int(11) NOT NULL,
  `formId` int(11) NOT NULL,
  `statusId` int(11) DEFAULT NULL,
  `title` varchar(255) COLLATE utf8_unicode_ci DEFAULT NULL,
  `options` text COLLATE utf8_unicode_ci,
  `ipAddress` varchar(255) COLLATE utf8_unicode_ci DEFAULT NULL,
  `userAgent` text COLLATE utf8_unicode_ci,
  `dateCreated` datetime NOT NULL,
  `dateUpdated` datetime NOT NULL,
  `uid` char(36) COLLATE utf8_unicode_ci NOT NULL DEFAULT '0',
  PRIMARY KEY (`id`),
  KEY `craft_formbuilder_entries_formId_fk` (`formId`),
  KEY `craft_formbuilder_entries_statusId_fk` (`statusId`)
) ENGINE=InnoDB DEFAULT CHARSET=utf8 COLLATE=utf8_unicode_ci;

--
-- Data for table `craft_formbuilder_entries`
--

INSERT INTO `craft_formbuilder_entries` (`id`, `formId`, `statusId`, `title`, `options`, `ipAddress`, `userAgent`, `dateCreated`, `dateUpdated`, `uid`) VALUES
 ('52', '51', '1', 'Name: Yulu Zhang; Email: daituzhang@gmail.com; Phone: 4698036177; Message: dd; Date: 1514349692', NULL, '10.0.2.2', 'Mozilla/5.0 (Macintosh; Intel Mac OS X 10_12_2) AppleWebKit/537.36 (KHTML, like Gecko) Chrome/63.0.3239.84 Safari/537.36', '2017-12-27 04:41:32', '2017-12-27 04:41:32', '13a96f07-22b1-48b3-9e86-80b9fceff4cf'),
 ('53', '51', '2', 'Name: Yulu Zhang; Email: daituzhang@gmail.com; Phone: 4698036177; Message: ff; Date: 1514349703', NULL, '10.0.2.2', 'Mozilla/5.0 (Macintosh; Intel Mac OS X 10_12_2) AppleWebKit/537.36 (KHTML, like Gecko) Chrome/63.0.3239.84 Safari/537.36', '2017-12-27 04:41:43', '2017-12-27 04:42:01', '5159761f-40c6-4b1d-8175-77cde5f9bfe8'),
 ('54', '51', '1', 'Name: Yulu Zhang; Email: daituzhang@gmail.com; Phone: 4698036177; Message: dd; Date: 1514351327', NULL, '10.0.2.2', 'Mozilla/5.0 (Macintosh; Intel Mac OS X 10_12_2) AppleWebKit/537.36 (KHTML, like Gecko) Chrome/63.0.3239.84 Safari/537.36', '2017-12-27 05:08:48', '2017-12-27 05:08:48', 'fcdf8729-e354-409c-aa9c-20ef3999f0aa'),
 ('55', '51', '1', 'Name: Yulu Zhang; Email: daituzhang@gmail.com; Phone: 4698036177; Message: ff; Date: 1514351333', NULL, '10.0.2.2', 'Mozilla/5.0 (Macintosh; Intel Mac OS X 10_12_2) AppleWebKit/537.36 (KHTML, like Gecko) Chrome/63.0.3239.84 Safari/537.36', '2017-12-27 05:08:53', '2017-12-27 05:08:53', 'e91556a0-18f9-4de0-b6a3-09c5ab5e2933'),
 ('56', '51', '1', 'Name: Yulu Zhang; Email: daituzhang@gmail.com; Phone: 4698036177; Message: dd; Date: 1514351713', NULL, '10.0.2.2', 'Mozilla/5.0 (Macintosh; Intel Mac OS X 10_12_2) AppleWebKit/537.36 (KHTML, like Gecko) Chrome/63.0.3239.84 Safari/537.36', '2017-12-27 05:15:13', '2017-12-27 05:15:13', 'd5498894-1030-4c80-a44c-4187fa96015a'),
 ('57', '51', '1', 'Name: Yulu Zhang; Email: daituzhang@gmail.com; Phone: 4698036177; Message: dd; Date: 1514352358', NULL, '10.0.2.2', 'Mozilla/5.0 (Macintosh; Intel Mac OS X 10_12_2) AppleWebKit/537.36 (KHTML, like Gecko) Chrome/63.0.3239.84 Safari/537.36', '2017-12-27 05:25:58', '2017-12-27 05:25:58', '4d455430-001b-4464-9f65-5cfe79577437'),
 ('58', '51', '1', 'Name: Yulu Zhang; Email: daituzhang@gmail.com; Phone: 4698036177; Message: dd; Date: 1514352491', NULL, '10.0.2.2', 'Mozilla/5.0 (Macintosh; Intel Mac OS X 10_12_2) AppleWebKit/537.36 (KHTML, like Gecko) Chrome/63.0.3239.84 Safari/537.36', '2017-12-27 05:28:11', '2017-12-27 05:28:11', '88adbf56-0e52-4520-a700-28ee4a1f2fe0');



DROP TABLE IF EXISTS `craft_formbuilder_entrystatuses`;


--
-- Schema for table `craft_formbuilder_entrystatuses`
--
CREATE TABLE `craft_formbuilder_entrystatuses` (
  `id` int(11) NOT NULL AUTO_INCREMENT,
  `name` varchar(255) COLLATE utf8_unicode_ci NOT NULL,
  `handle` varchar(255) COLLATE utf8_unicode_ci NOT NULL,
  `color` enum('green','blue','black') COLLATE utf8_unicode_ci NOT NULL DEFAULT 'blue',
  `sortOrder` smallint(6) unsigned DEFAULT NULL,
  `isDefault` tinyint(1) unsigned NOT NULL DEFAULT '0',
  `dateCreated` datetime NOT NULL,
  `dateUpdated` datetime NOT NULL,
  `uid` char(36) COLLATE utf8_unicode_ci NOT NULL DEFAULT '0',
  PRIMARY KEY (`id`)
) ENGINE=InnoDB AUTO_INCREMENT=4 DEFAULT CHARSET=utf8 COLLATE=utf8_unicode_ci;

--
-- Data for table `craft_formbuilder_entrystatuses`
--

INSERT INTO `craft_formbuilder_entrystatuses` (`id`, `name`, `handle`, `color`, `sortOrder`, `isDefault`, `dateCreated`, `dateUpdated`, `uid`) VALUES
 ('1', 'Unread', 'unread', 'blue', '1', '1', '2017-11-18 03:33:56', '2017-11-18 03:33:56', '90f7c018-68a5-4bdd-824f-ebe82073526a'),
 ('2', 'Read', 'read', 'green', '2', '0', '2017-11-18 03:33:56', '2017-11-18 03:33:56', '21c7faa0-4cc8-4f45-a89c-b9305bdef6ba'),
 ('3', 'Archived', 'archived', 'black', '3', '0', '2017-11-18 03:33:56', '2017-11-18 03:33:56', 'de35111e-29e4-4920-aba2-00006299faaa');



DROP TABLE IF EXISTS `craft_formbuilder_fields`;


--
-- Schema for table `craft_formbuilder_fields`
--
CREATE TABLE `craft_formbuilder_fields` (
  `id` int(11) NOT NULL AUTO_INCREMENT,
  `fieldId` int(11) DEFAULT NULL,
  `fieldLayoutId` int(11) DEFAULT NULL,
  `settings` text COLLATE utf8_unicode_ci,
  `input` text COLLATE utf8_unicode_ci,
  `html` text COLLATE utf8_unicode_ci,
  `template` varchar(255) COLLATE utf8_unicode_ci DEFAULT NULL,
  `dateCreated` datetime NOT NULL,
  `dateUpdated` datetime NOT NULL,
  `uid` char(36) COLLATE utf8_unicode_ci NOT NULL DEFAULT '0',
  PRIMARY KEY (`id`),
  KEY `craft_formbuilder_fields_fieldId_fk` (`fieldId`),
  KEY `craft_formbuilder_fields_fieldLayoutId_fk` (`fieldLayoutId`)
) ENGINE=InnoDB DEFAULT CHARSET=utf8 COLLATE=utf8_unicode_ci;

DROP TABLE IF EXISTS `craft_formbuilder_fieldsets`;


--
-- Schema for table `craft_formbuilder_fieldsets`
--
CREATE TABLE `craft_formbuilder_fieldsets` (
  `id` int(11) NOT NULL AUTO_INCREMENT,
  `tabId` int(11) DEFAULT NULL,
  `fieldLayoutId` int(11) DEFAULT NULL,
  `className` varchar(255) COLLATE utf8_unicode_ci NOT NULL,
  `dateCreated` datetime NOT NULL,
  `dateUpdated` datetime NOT NULL,
  `uid` char(36) COLLATE utf8_unicode_ci NOT NULL DEFAULT '0',
  PRIMARY KEY (`id`),
  KEY `craft_formbuilder_fieldsets_tabId_fk` (`tabId`),
  KEY `craft_formbuilder_fieldsets_fieldLayoutId_fk` (`fieldLayoutId`)
) ENGINE=InnoDB DEFAULT CHARSET=utf8 COLLATE=utf8_unicode_ci;

DROP TABLE IF EXISTS `craft_formbuilder_forms`;


--
-- Schema for table `craft_formbuilder_forms`
--
CREATE TABLE `craft_formbuilder_forms` (
  `id` int(11) NOT NULL,
  `fieldLayoutId` int(11) DEFAULT NULL,
  `groupId` int(11) NOT NULL,
  `statusId` int(11) DEFAULT NULL,
  `name` varchar(255) COLLATE utf8_unicode_ci NOT NULL,
  `handle` varchar(255) COLLATE utf8_unicode_ci NOT NULL,
  `options` text COLLATE utf8_unicode_ci,
  `spam` text COLLATE utf8_unicode_ci,
  `notifications` text COLLATE utf8_unicode_ci,
  `settings` text COLLATE utf8_unicode_ci,
  `dateCreated` datetime NOT NULL,
  `dateUpdated` datetime NOT NULL,
  `uid` char(36) COLLATE utf8_unicode_ci NOT NULL DEFAULT '0',
  PRIMARY KEY (`id`),
  KEY `craft_formbuilder_forms_fieldLayoutId_fk` (`fieldLayoutId`),
  KEY `craft_formbuilder_forms_groupId_fk` (`groupId`),
  KEY `craft_formbuilder_forms_statusId_fk` (`statusId`)
) ENGINE=InnoDB DEFAULT CHARSET=utf8 COLLATE=utf8_unicode_ci;

--
-- Data for table `craft_formbuilder_forms`
--

INSERT INTO `craft_formbuilder_forms` (`id`, `fieldLayoutId`, `groupId`, `statusId`, `name`, `handle`, `options`, `spam`, `notifications`, `settings`, `dateCreated`, `dateUpdated`, `uid`) VALUES
 ('19', '24', '1', '1', 'test1', 'test1', '{\"submitButton\":{\"text\":\"submit\",\"enabled\":\"1\"},\"redirect\":{\"url\":\"\",\"enabled\":\"0\"},\"ajax\":{\"messages\":{\"success\":\"\",\"error\":\"\"},\"enabled\":\"0\"},\"terms\":{\"label\":\"\",\"copy\":\"\",\"enabled\":\"0\"}}', '{\"honeypot\":{\"message\":\"\",\"enabled\":\"0\"},\"timed\":{\"number\":\"\",\"enabled\":\"0\"}}', 'null', '{\"sections\":{\"fields\":{\"collapsed\":\"1\"}},\"fields\":{\"globalInputTemplatePath\":\"\",\"globalInputContainerClass\":\"\",\"globalInputClass\":\"\"},\"database\":{\"titleFormat\":\"{date}\",\"enabled\":\"1\"}}', '2017-12-08 16:15:22', '2017-12-08 16:15:22', '764aaba7-1d39-4f12-a578-8e20dca35c2c'),
 ('51', '33', '1', '1', 'Contact Form', 'contactForm', '{\"submitButton\":{\"text\":\"SEND MESSAGE\",\"enabled\":\"1\"},\"redirect\":{\"url\":\"\",\"enabled\":\"0\"},\"ajax\":{\"messages\":{\"success\":\"Thank you for contact us.\",\"error\":\"Please try again.\"},\"enabled\":\"1\"},\"terms\":{\"label\":\"\",\"copy\":\"\",\"enabled\":\"0\"}}', '{\"honeypot\":{\"message\":\"robot\",\"enabled\":\"1\"},\"timed\":{\"number\":\"\",\"enabled\":\"0\"}}', 'null', '{\"sections\":{\"fields\":{\"collapsed\":\"0\"}},\"fields\":{\"globalInputTemplatePath\":\"\",\"globalInputContainerClass\":\"\",\"globalInputClass\":\"\"},\"database\":{\"titleFormat\":\"Name: {contactName}; Email: {contactEmail}; Phone: {contactPhone}; Message: {contactMessage}; Date: {date}\",\"enabled\":\"1\"}}', '2017-12-11 15:49:38', '2017-12-27 04:41:21', 'b3a2d965-6a2a-4a59-a69a-ce53ebd7f96a');



DROP TABLE IF EXISTS `craft_formbuilder_formstatuses`;


--
-- Schema for table `craft_formbuilder_formstatuses`
--
CREATE TABLE `craft_formbuilder_formstatuses` (
  `id` int(11) NOT NULL AUTO_INCREMENT,
  `name` varchar(255) COLLATE utf8_unicode_ci NOT NULL,
  `handle` varchar(255) COLLATE utf8_unicode_ci NOT NULL,
  `color` enum('green','red') COLLATE utf8_unicode_ci NOT NULL DEFAULT 'green',
  `sortOrder` smallint(6) unsigned DEFAULT NULL,
  `isDefault` tinyint(1) unsigned NOT NULL DEFAULT '0',
  `dateCreated` datetime NOT NULL,
  `dateUpdated` datetime NOT NULL,
  `uid` char(36) COLLATE utf8_unicode_ci NOT NULL DEFAULT '0',
  PRIMARY KEY (`id`)
) ENGINE=InnoDB AUTO_INCREMENT=3 DEFAULT CHARSET=utf8 COLLATE=utf8_unicode_ci;

--
-- Data for table `craft_formbuilder_formstatuses`
--

INSERT INTO `craft_formbuilder_formstatuses` (`id`, `name`, `handle`, `color`, `sortOrder`, `isDefault`, `dateCreated`, `dateUpdated`, `uid`) VALUES
 ('1', 'Enabled', 'enabled', 'green', '1', '0', '2017-11-18 03:33:56', '2017-11-18 03:33:56', '5bb78b5a-bfac-4b29-b6e1-12ac8aa120bf'),
 ('2', 'Disabled', 'disabled', 'red', '2', '0', '2017-11-18 03:33:56', '2017-11-18 03:33:56', '6a0c59be-449f-4e30-8741-259e5c2ca2a2');



DROP TABLE IF EXISTS `craft_formbuilder_groups`;


--
-- Schema for table `craft_formbuilder_groups`
--
CREATE TABLE `craft_formbuilder_groups` (
  `id` int(11) NOT NULL AUTO_INCREMENT,
  `name` varchar(255) COLLATE utf8_unicode_ci NOT NULL,
  `settings` text COLLATE utf8_unicode_ci,
  `dateCreated` datetime NOT NULL,
  `dateUpdated` datetime NOT NULL,
  `uid` char(36) COLLATE utf8_unicode_ci NOT NULL DEFAULT '0',
  PRIMARY KEY (`id`),
  UNIQUE KEY `craft_formbuilder_groups_name_unq_idx` (`name`)
) ENGINE=InnoDB AUTO_INCREMENT=2 DEFAULT CHARSET=utf8 COLLATE=utf8_unicode_ci;

--
-- Data for table `craft_formbuilder_groups`
--

INSERT INTO `craft_formbuilder_groups` (`id`, `name`, `settings`, `dateCreated`, `dateUpdated`, `uid`) VALUES
 ('1', 'Default', '{\"icon\":{\"name\":\"list\"}}', '2017-11-18 03:33:56', '2017-11-18 03:33:56', 'acdb7ac0-ddb1-45c5-b14f-535cd312286c');



DROP TABLE IF EXISTS `craft_globalsets`;


--
-- Schema for table `craft_globalsets`
--
CREATE TABLE `craft_globalsets` (
  `id` int(11) NOT NULL,
  `name` varchar(255) COLLATE utf8_unicode_ci NOT NULL,
  `handle` varchar(255) COLLATE utf8_unicode_ci NOT NULL,
  `fieldLayoutId` int(10) DEFAULT NULL,
  `dateCreated` datetime NOT NULL,
  `dateUpdated` datetime NOT NULL,
  `uid` char(36) COLLATE utf8_unicode_ci NOT NULL DEFAULT '0',
  PRIMARY KEY (`id`),
  UNIQUE KEY `craft_globalsets_name_unq_idx` (`name`),
  UNIQUE KEY `craft_globalsets_handle_unq_idx` (`handle`),
  KEY `craft_globalsets_fieldLayoutId_fk` (`fieldLayoutId`)
) ENGINE=InnoDB DEFAULT CHARSET=utf8 COLLATE=utf8_unicode_ci;

--
-- Data for table `craft_globalsets`
--

INSERT INTO `craft_globalsets` (`id`, `name`, `handle`, `fieldLayoutId`, `dateCreated`, `dateUpdated`, `uid`) VALUES
 ('6', 'Site Info', 'siteInfo', '32', '2017-12-03 06:22:01', '2017-12-27 02:18:18', 'a1bda858-88e4-460f-8024-1e411b61669a'),
 ('7', 'SEO', 'seo', '18', '2017-12-03 06:38:13', '2017-12-03 06:38:13', '0d4ccdc8-26bd-4645-8340-8114e19861af');



DROP TABLE IF EXISTS `craft_info`;


--
-- Schema for table `craft_info`
--
CREATE TABLE `craft_info` (
  `id` int(11) NOT NULL AUTO_INCREMENT,
  `version` varchar(50) COLLATE utf8_unicode_ci NOT NULL,
  `schemaVersion` varchar(15) COLLATE utf8_unicode_ci NOT NULL,
  `edition` tinyint(1) unsigned NOT NULL DEFAULT '0',
  `siteName` varchar(100) COLLATE utf8_unicode_ci NOT NULL,
  `siteUrl` varchar(255) COLLATE utf8_unicode_ci NOT NULL,
  `timezone` varchar(30) COLLATE utf8_unicode_ci DEFAULT NULL,
  `on` tinyint(1) unsigned NOT NULL DEFAULT '0',
  `maintenance` tinyint(1) unsigned NOT NULL DEFAULT '0',
  `dateCreated` datetime NOT NULL,
  `dateUpdated` datetime NOT NULL,
  `uid` char(36) COLLATE utf8_unicode_ci NOT NULL DEFAULT '0',
  PRIMARY KEY (`id`)
) ENGINE=InnoDB AUTO_INCREMENT=2 DEFAULT CHARSET=utf8 COLLATE=utf8_unicode_ci;

--
-- Data for table `craft_info`
--

INSERT INTO `craft_info` (`id`, `version`, `schemaVersion`, `edition`, `siteName`, `siteUrl`, `timezone`, `on`, `maintenance`, `dateCreated`, `dateUpdated`, `uid`) VALUES
 ('1', '2.6.2997', '2.6.11', '0', 'Body by Robbie', '/', 'UTC', '1', '0', '2017-11-17 06:35:14', '2017-12-27 05:40:01', 'c2682131-a530-4404-9905-9d6956c70a10');



DROP TABLE IF EXISTS `craft_locales`;


--
-- Schema for table `craft_locales`
--
CREATE TABLE `craft_locales` (
  `locale` char(12) COLLATE utf8_unicode_ci NOT NULL,
  `sortOrder` smallint(6) unsigned DEFAULT NULL,
  `dateCreated` datetime NOT NULL,
  `dateUpdated` datetime NOT NULL,
  `uid` char(36) COLLATE utf8_unicode_ci NOT NULL DEFAULT '0',
  PRIMARY KEY (`locale`),
  KEY `craft_locales_sortOrder_idx` (`sortOrder`)
) ENGINE=InnoDB DEFAULT CHARSET=utf8 COLLATE=utf8_unicode_ci;

--
-- Data for table `craft_locales`
--

INSERT INTO `craft_locales` (`locale`, `sortOrder`, `dateCreated`, `dateUpdated`, `uid`) VALUES
 ('en_us', '1', '2017-11-17 06:35:14', '2017-11-17 06:35:14', '5aa0bfde-bbe6-4c62-9906-75686c876006');



DROP TABLE IF EXISTS `craft_matrixblocks`;


--
-- Schema for table `craft_matrixblocks`
--
CREATE TABLE `craft_matrixblocks` (
  `id` int(11) NOT NULL,
  `ownerId` int(11) NOT NULL,
  `fieldId` int(11) NOT NULL,
  `typeId` int(11) DEFAULT NULL,
  `sortOrder` smallint(6) unsigned DEFAULT NULL,
  `ownerLocale` char(12) COLLATE utf8_unicode_ci DEFAULT NULL,
  `dateCreated` datetime NOT NULL,
  `dateUpdated` datetime NOT NULL,
  `uid` char(36) COLLATE utf8_unicode_ci NOT NULL DEFAULT '0',
  PRIMARY KEY (`id`),
  KEY `craft_matrixblocks_ownerId_idx` (`ownerId`),
  KEY `craft_matrixblocks_fieldId_idx` (`fieldId`),
  KEY `craft_matrixblocks_typeId_idx` (`typeId`),
  KEY `craft_matrixblocks_sortOrder_idx` (`sortOrder`),
  KEY `craft_matrixblocks_ownerLocale_fk` (`ownerLocale`)
) ENGINE=InnoDB DEFAULT CHARSET=utf8 COLLATE=utf8_unicode_ci;

--
-- Data for table `craft_matrixblocks`
--

INSERT INTO `craft_matrixblocks` (`id`, `ownerId`, `fieldId`, `typeId`, `sortOrder`, `ownerLocale`, `dateCreated`, `dateUpdated`, `uid`) VALUES
 ('68', '63', '46', '1', '1', NULL, '2018-01-27 20:31:51', '2018-01-28 23:04:48', 'deeff8fa-5720-4f9d-9c2a-0a18b52e3cd4'),
 ('69', '63', '46', '1', '2', NULL, '2018-01-27 20:31:51', '2018-01-28 23:04:48', 'fd1c1c7c-f43c-42f5-ae47-625e4d35bc37'),
 ('70', '63', '50', '2', '1', NULL, '2018-01-27 20:31:51', '2018-01-28 23:04:48', 'e7b2cdcc-5017-45b4-8594-2e46a0ad4298'),
 ('71', '63', '50', '2', '2', NULL, '2018-01-27 20:31:51', '2018-01-28 23:04:48', 'ab46d158-638c-4626-a91b-5e5c4d64b4f0'),
 ('72', '63', '54', '3', '1', NULL, '2018-01-27 20:31:51', '2018-01-28 23:04:48', 'f1bd156e-3b72-4bb1-9a42-e8fe453e1b7c'),
 ('73', '63', '54', '3', '2', NULL, '2018-01-27 20:31:51', '2018-01-28 23:04:48', '6d33590c-c1bd-4261-926d-b23508f2d096'),
 ('79', '78', '73', '5', '1', NULL, '2018-01-30 05:19:12', '2018-01-30 05:19:12', 'f2721343-eca4-46d5-8996-22c020d33777'),
 ('80', '78', '73', '5', '2', NULL, '2018-01-30 05:19:12', '2018-01-30 05:19:12', '8167b76c-d114-482f-a52d-d0674d31aa0a'),
 ('81', '78', '73', '5', '3', NULL, '2018-01-30 05:19:12', '2018-01-30 05:19:12', 'b9245427-ff8b-4c40-9c45-bb62d8acebae'),
 ('82', '78', '73', '5', '4', NULL, '2018-01-30 05:19:12', '2018-01-30 05:19:12', '6854cc3e-6bcb-414e-94cd-6beba476a1f6');



DROP TABLE IF EXISTS `craft_matrixblocktypes`;


--
-- Schema for table `craft_matrixblocktypes`
--
CREATE TABLE `craft_matrixblocktypes` (
  `id` int(11) NOT NULL AUTO_INCREMENT,
  `fieldId` int(11) NOT NULL,
  `fieldLayoutId` int(11) DEFAULT NULL,
  `name` varchar(255) COLLATE utf8_unicode_ci NOT NULL,
  `handle` varchar(255) COLLATE utf8_unicode_ci NOT NULL,
  `sortOrder` smallint(6) unsigned DEFAULT NULL,
  `dateCreated` datetime NOT NULL,
  `dateUpdated` datetime NOT NULL,
  `uid` char(36) COLLATE utf8_unicode_ci NOT NULL DEFAULT '0',
  PRIMARY KEY (`id`),
  UNIQUE KEY `craft_matrixblocktypes_name_fieldId_unq_idx` (`name`,`fieldId`),
  UNIQUE KEY `craft_matrixblocktypes_handle_fieldId_unq_idx` (`handle`,`fieldId`),
  KEY `craft_matrixblocktypes_fieldId_fk` (`fieldId`),
  KEY `craft_matrixblocktypes_fieldLayoutId_fk` (`fieldLayoutId`)
) ENGINE=InnoDB AUTO_INCREMENT=6 DEFAULT CHARSET=utf8 COLLATE=utf8_unicode_ci;

--
-- Data for table `craft_matrixblocktypes`
--

INSERT INTO `craft_matrixblocktypes` (`id`, `fieldId`, `fieldLayoutId`, `name`, `handle`, `sortOrder`, `dateCreated`, `dateUpdated`, `uid`) VALUES
 ('1', '46', '54', 'Slide', 'slide', '1', '2018-01-24 05:16:50', '2018-01-27 20:28:08', '190968e9-de29-4968-b01f-90f2291be8cf'),
 ('2', '50', '56', 'Slide', 'slide', '1', '2018-01-24 05:17:55', '2018-01-27 20:29:16', '90469b8b-8114-4535-bad3-6b7e089e1f12'),
 ('3', '54', '44', 'Slide', 'slide', '1', '2018-01-24 05:20:28', '2018-01-24 05:20:28', '4ac00c15-627b-4569-8e6d-e1781ddd4e82'),
 ('4', '59', '45', 'Page', 'page', '1', '2018-01-24 05:25:00', '2018-01-24 05:25:00', '83a0ffe9-7ab1-4412-af09-061d81501c4b'),
 ('5', '73', '58', 'press', 'press', '1', '2018-01-30 05:12:55', '2018-01-30 05:12:55', '009eabc5-89da-4a7f-9684-985189085d5f');



DROP TABLE IF EXISTS `craft_matrixcontent_press`;


--
-- Schema for table `craft_matrixcontent_press`
--
CREATE TABLE `craft_matrixcontent_press` (
  `id` int(11) NOT NULL AUTO_INCREMENT,
  `elementId` int(11) NOT NULL,
  `locale` char(12) COLLATE utf8_unicode_ci NOT NULL,
  `field_press_linkAddress` text COLLATE utf8_unicode_ci,
  `dateCreated` datetime NOT NULL,
  `dateUpdated` datetime NOT NULL,
  `uid` char(36) COLLATE utf8_unicode_ci NOT NULL DEFAULT '0',
  PRIMARY KEY (`id`),
  UNIQUE KEY `craft_matrixcontent_press_elementId_locale_unq_idx` (`elementId`,`locale`),
  KEY `craft_matrixcontent_press_locale_fk` (`locale`)
) ENGINE=InnoDB AUTO_INCREMENT=5 DEFAULT CHARSET=utf8 COLLATE=utf8_unicode_ci;

--
-- Data for table `craft_matrixcontent_press`
--

INSERT INTO `craft_matrixcontent_press` (`id`, `elementId`, `locale`, `field_press_linkAddress`, `dateCreated`, `dateUpdated`, `uid`) VALUES
 ('1', '79', 'en_us', '/', '2018-01-30 05:19:12', '2018-01-30 05:19:12', 'd5446e82-e911-4e03-86cd-de6a38345303'),
 ('2', '80', 'en_us', '/', '2018-01-30 05:19:12', '2018-01-30 05:19:12', '3c711e1d-93fa-499c-8d17-4e9d0b791550'),
 ('3', '81', 'en_us', '/', '2018-01-30 05:19:12', '2018-01-30 05:19:12', 'bff1861b-926b-4a11-a18f-e4a93be9780d'),
 ('4', '82', 'en_us', '/', '2018-01-30 05:19:12', '2018-01-30 05:19:12', 'd8d6b9e6-b461-429c-8db8-40b6a7b9974e');



DROP TABLE IF EXISTS `craft_matrixcontent_servicepages`;


--
-- Schema for table `craft_matrixcontent_servicepages`
--
CREATE TABLE `craft_matrixcontent_servicepages` (
  `id` int(11) NOT NULL AUTO_INCREMENT,
  `elementId` int(11) NOT NULL,
  `locale` char(12) COLLATE utf8_unicode_ci NOT NULL,
  `field_page_heading` text COLLATE utf8_unicode_ci,
  `field_page_body` text COLLATE utf8_unicode_ci,
  `dateCreated` datetime NOT NULL,
  `dateUpdated` datetime NOT NULL,
  `uid` char(36) COLLATE utf8_unicode_ci NOT NULL DEFAULT '0',
  PRIMARY KEY (`id`),
  UNIQUE KEY `craft_matrixcontent_servicepages_elementId_locale_unq_idx` (`elementId`,`locale`),
  KEY `craft_matrixcontent_servicepages_locale_fk` (`locale`)
) ENGINE=InnoDB DEFAULT CHARSET=utf8 COLLATE=utf8_unicode_ci;

DROP TABLE IF EXISTS `craft_matrixcontent_slidesleftbottom`;


--
-- Schema for table `craft_matrixcontent_slidesleftbottom`
--
CREATE TABLE `craft_matrixcontent_slidesleftbottom` (
  `id` int(11) NOT NULL AUTO_INCREMENT,
  `elementId` int(11) NOT NULL,
  `locale` char(12) COLLATE utf8_unicode_ci NOT NULL,
  `field_slide_heading` text COLLATE utf8_unicode_ci,
  `field_slide_linkAddress` text COLLATE utf8_unicode_ci,
  `dateCreated` datetime NOT NULL,
  `dateUpdated` datetime NOT NULL,
  `uid` char(36) COLLATE utf8_unicode_ci NOT NULL DEFAULT '0',
  PRIMARY KEY (`id`),
  UNIQUE KEY `craft_matrixcontent_slidesleftbottom_elementId_locale_unq_idx` (`elementId`,`locale`),
  KEY `craft_matrixcontent_slidesleftbottom_locale_idx` (`locale`)
) ENGINE=InnoDB AUTO_INCREMENT=3 DEFAULT CHARSET=utf8 COLLATE=utf8_unicode_ci;

--
-- Data for table `craft_matrixcontent_slidesleftbottom`
--

INSERT INTO `craft_matrixcontent_slidesleftbottom` (`id`, `elementId`, `locale`, `field_slide_heading`, `field_slide_linkAddress`, `dateCreated`, `dateUpdated`, `uid`) VALUES
 ('1', '70', 'en_us', 'check out the blog', 'www.google.com', '2018-01-27 20:31:51', '2018-01-28 23:04:48', '830c7596-08ed-48f9-a5a7-9d8d423688c1'),
 ('2', '71', 'en_us', 'test 2', 'www.google.com', '2018-01-27 20:31:51', '2018-01-28 23:04:48', '1b58b96d-ca5d-4ad2-b706-45c6fee46065');



DROP TABLE IF EXISTS `craft_matrixcontent_slidesleftup`;


--
-- Schema for table `craft_matrixcontent_slidesleftup`
--
CREATE TABLE `craft_matrixcontent_slidesleftup` (
  `id` int(11) NOT NULL AUTO_INCREMENT,
  `elementId` int(11) NOT NULL,
  `locale` char(12) COLLATE utf8_unicode_ci NOT NULL,
  `field_slide_heading` text COLLATE utf8_unicode_ci,
  `field_slide_linkAddress` text COLLATE utf8_unicode_ci,
  `dateCreated` datetime NOT NULL,
  `dateUpdated` datetime NOT NULL,
  `uid` char(36) COLLATE utf8_unicode_ci NOT NULL DEFAULT '0',
  PRIMARY KEY (`id`),
  UNIQUE KEY `craft_matrixcontent_slidesleftup_elementId_locale_unq_idx` (`elementId`,`locale`),
  KEY `craft_matrixcontent_slidesleftup_locale_idx` (`locale`)
) ENGINE=InnoDB AUTO_INCREMENT=3 DEFAULT CHARSET=utf8 COLLATE=utf8_unicode_ci;

--
-- Data for table `craft_matrixcontent_slidesleftup`
--

INSERT INTO `craft_matrixcontent_slidesleftup` (`id`, `elementId`, `locale`, `field_slide_heading`, `field_slide_linkAddress`, `dateCreated`, `dateUpdated`, `uid`) VALUES
 ('1', '68', 'en_us', 'shop melanin', 'www.google.com', '2018-01-27 20:31:51', '2018-01-28 23:04:48', '2066efd5-ae9e-49b9-87c9-a3996b01f2ad'),
 ('2', '69', 'en_us', 'test 2', 'www.google.com', '2018-01-27 20:31:51', '2018-01-28 23:04:48', '15ee879e-9c75-4162-9742-1dad56898338');



DROP TABLE IF EXISTS `craft_matrixcontent_slidesright`;


--
-- Schema for table `craft_matrixcontent_slidesright`
--
CREATE TABLE `craft_matrixcontent_slidesright` (
  `id` int(11) NOT NULL AUTO_INCREMENT,
  `elementId` int(11) NOT NULL,
  `locale` char(12) COLLATE utf8_unicode_ci NOT NULL,
  `field_slide_heading` text COLLATE utf8_unicode_ci,
  `field_slide_body` text COLLATE utf8_unicode_ci,
  `field_slide_linkAddress` text COLLATE utf8_unicode_ci,
  `dateCreated` datetime NOT NULL,
  `dateUpdated` datetime NOT NULL,
  `uid` char(36) COLLATE utf8_unicode_ci NOT NULL DEFAULT '0',
  PRIMARY KEY (`id`),
  UNIQUE KEY `craft_matrixcontent_slidesright_elementId_locale_unq_idx` (`elementId`,`locale`),
  KEY `craft_matrixcontent_slidesright_locale_fk` (`locale`)
) ENGINE=InnoDB AUTO_INCREMENT=3 DEFAULT CHARSET=utf8 COLLATE=utf8_unicode_ci;

--
-- Data for table `craft_matrixcontent_slidesright`
--

INSERT INTO `craft_matrixcontent_slidesright` (`id`, `elementId`, `locale`, `field_slide_heading`, `field_slide_body`, `field_slide_linkAddress`, `dateCreated`, `dateUpdated`, `uid`) VALUES
 ('1', '72', 'en_us', 'read the forbes interview', '', 'www.google.com', '2018-01-27 20:31:51', '2018-01-28 23:04:48', '3ce5d1f5-60e2-470d-a316-079f340dd1a8'),
 ('2', '73', 'en_us', 'test 2', '', 'www.google.com', '2018-01-27 20:31:51', '2018-01-28 23:04:48', 'b8edd81f-5efa-4c4d-bec5-89b38f34ef0f');



DROP TABLE IF EXISTS `craft_migrations`;


--
-- Schema for table `craft_migrations`
--
CREATE TABLE `craft_migrations` (
  `id` int(11) NOT NULL AUTO_INCREMENT,
  `pluginId` int(11) DEFAULT NULL,
  `version` varchar(255) COLLATE utf8_unicode_ci NOT NULL,
  `applyTime` datetime NOT NULL,
  `dateCreated` datetime NOT NULL,
  `dateUpdated` datetime NOT NULL,
  `uid` char(36) COLLATE utf8_unicode_ci NOT NULL DEFAULT '0',
  PRIMARY KEY (`id`),
  UNIQUE KEY `craft_migrations_version_unq_idx` (`version`),
  KEY `craft_migrations_pluginId_fk` (`pluginId`)
) ENGINE=InnoDB AUTO_INCREMENT=44 DEFAULT CHARSET=utf8 COLLATE=utf8_unicode_ci;

--
-- Data for table `craft_migrations`
--

INSERT INTO `craft_migrations` (`id`, `pluginId`, `version`, `applyTime`, `dateCreated`, `dateUpdated`, `uid`) VALUES
 ('1', NULL, 'm000000_000000_base', '2017-11-17 06:35:14', '2017-11-17 06:35:14', '2017-11-17 06:35:14', 'de56260c-75ec-4177-8767-48c9d1f699fd'),
 ('2', NULL, 'm140730_000001_add_filename_and_format_to_transformindex', '2017-11-17 06:35:14', '2017-11-17 06:35:14', '2017-11-17 06:35:14', '8e35ca66-2d83-41c3-ad60-d8ef6f165f27'),
 ('3', NULL, 'm140815_000001_add_format_to_transforms', '2017-11-17 06:35:14', '2017-11-17 06:35:14', '2017-11-17 06:35:14', '20e6a779-b231-4a23-8904-491af0255796'),
 ('4', NULL, 'm140822_000001_allow_more_than_128_items_per_field', '2017-11-17 06:35:14', '2017-11-17 06:35:14', '2017-11-17 06:35:14', '64aef681-b681-4699-9ccc-0c3c90e408bb'),
 ('5', NULL, 'm140829_000001_single_title_formats', '2017-11-17 06:35:14', '2017-11-17 06:35:14', '2017-11-17 06:35:14', '3e3aa878-1f1e-45a2-82ed-74926b1e3ab0'),
 ('6', NULL, 'm140831_000001_extended_cache_keys', '2017-11-17 06:35:14', '2017-11-17 06:35:14', '2017-11-17 06:35:14', '9171d706-8e10-4c70-9f4a-1d45d2e24f3a'),
 ('7', NULL, 'm140922_000001_delete_orphaned_matrix_blocks', '2017-11-17 06:35:14', '2017-11-17 06:35:14', '2017-11-17 06:35:14', '001b1379-2c2c-4653-847f-694ee84b7426'),
 ('8', NULL, 'm141008_000001_elements_index_tune', '2017-11-17 06:35:14', '2017-11-17 06:35:14', '2017-11-17 06:35:14', '78048be3-8551-4edc-9faa-1ad4efdf4283'),
 ('9', NULL, 'm141009_000001_assets_source_handle', '2017-11-17 06:35:14', '2017-11-17 06:35:14', '2017-11-17 06:35:14', 'a0ae0484-3c18-4e7e-818e-b9bacc9f2271'),
 ('10', NULL, 'm141024_000001_field_layout_tabs', '2017-11-17 06:35:14', '2017-11-17 06:35:14', '2017-11-17 06:35:14', 'b05fafe7-f296-4d5a-9773-09b59606f42a'),
 ('11', NULL, 'm141030_000000_plugin_schema_versions', '2017-11-17 06:35:14', '2017-11-17 06:35:14', '2017-11-17 06:35:14', 'e28e14e9-5b66-4cf7-b9be-93810a92f569'),
 ('12', NULL, 'm141030_000001_drop_structure_move_permission', '2017-11-17 06:35:14', '2017-11-17 06:35:14', '2017-11-17 06:35:14', 'fd922f25-f8e1-4684-8901-ff09a9dbb01c'),
 ('13', NULL, 'm141103_000001_tag_titles', '2017-11-17 06:35:14', '2017-11-17 06:35:14', '2017-11-17 06:35:14', '8f0ca59d-749a-4455-81a7-510a8f5584c7'),
 ('14', NULL, 'm141109_000001_user_status_shuffle', '2017-11-17 06:35:14', '2017-11-17 06:35:14', '2017-11-17 06:35:14', 'b8da838c-a110-4a01-b1c2-8c4f778f541e'),
 ('15', NULL, 'm141126_000001_user_week_start_day', '2017-11-17 06:35:14', '2017-11-17 06:35:14', '2017-11-17 06:35:14', 'de7ff740-2e69-4c78-9b28-db3b4d47e08b'),
 ('16', NULL, 'm150210_000001_adjust_user_photo_size', '2017-11-17 06:35:14', '2017-11-17 06:35:14', '2017-11-17 06:35:14', '2840590e-62e0-4aab-88cf-6ed454791e24'),
 ('17', NULL, 'm150724_000001_adjust_quality_settings', '2017-11-17 06:35:14', '2017-11-17 06:35:14', '2017-11-17 06:35:14', 'b3b0196d-859d-4892-8668-9c2c57a88eda'),
 ('18', NULL, 'm150827_000000_element_index_settings', '2017-11-17 06:35:14', '2017-11-17 06:35:14', '2017-11-17 06:35:14', 'f5679540-3c3d-4997-a30f-4a1ebe744b9b'),
 ('19', NULL, 'm150918_000001_add_colspan_to_widgets', '2017-11-17 06:35:14', '2017-11-17 06:35:14', '2017-11-17 06:35:14', 'da1ee2a1-6ee3-4a0f-93ba-4012fd65f0d1'),
 ('20', NULL, 'm151007_000000_clear_asset_caches', '2017-11-17 06:35:14', '2017-11-17 06:35:14', '2017-11-17 06:35:14', 'c29fe640-f7cf-4e57-afc2-b694843e93f1'),
 ('21', NULL, 'm151109_000000_text_url_formats', '2017-11-17 06:35:14', '2017-11-17 06:35:14', '2017-11-17 06:35:14', '4a75bd50-df9a-4cb0-b56c-530dd9ae1ed5'),
 ('22', NULL, 'm151110_000000_move_logo', '2017-11-17 06:35:14', '2017-11-17 06:35:14', '2017-11-17 06:35:14', '0d271cbc-1e7a-495f-a995-b08a91de922f'),
 ('23', NULL, 'm151117_000000_adjust_image_widthheight', '2017-11-17 06:35:14', '2017-11-17 06:35:14', '2017-11-17 06:35:14', '914aa23e-3a06-47b3-85fa-6fe348a3d58c'),
 ('24', NULL, 'm151127_000000_clear_license_key_status', '2017-11-17 06:35:14', '2017-11-17 06:35:14', '2017-11-17 06:35:14', 'd836ec83-0174-4c67-a613-b22ca5f703e1'),
 ('25', NULL, 'm151127_000000_plugin_license_keys', '2017-11-17 06:35:14', '2017-11-17 06:35:14', '2017-11-17 06:35:14', '2a2f2047-5ec7-4071-912d-b8394008974d'),
 ('26', NULL, 'm151130_000000_update_pt_widget_feeds', '2017-11-17 06:35:14', '2017-11-17 06:35:14', '2017-11-17 06:35:14', '39a17643-bfa8-4f9f-9c9d-3ad77efb1415'),
 ('27', NULL, 'm160114_000000_asset_sources_public_url_default_true', '2017-11-17 06:35:14', '2017-11-17 06:35:14', '2017-11-17 06:35:14', '27a2886c-da15-4ab8-83ca-c6da4dd49ae7'),
 ('28', NULL, 'm160223_000000_sortorder_to_smallint', '2017-11-17 06:35:14', '2017-11-17 06:35:14', '2017-11-17 06:35:14', 'd2a68ee2-adeb-4325-96fe-0bbbe43307b9'),
 ('29', NULL, 'm160229_000000_set_default_entry_statuses', '2017-11-17 06:35:14', '2017-11-17 06:35:14', '2017-11-17 06:35:14', 'f4ddd8ba-bb09-471d-a5f1-169ffff9a1de'),
 ('30', NULL, 'm160304_000000_client_permissions', '2017-11-17 06:35:14', '2017-11-17 06:35:14', '2017-11-17 06:35:14', '0195fb28-7081-4fa2-9d0d-efcea783320f'),
 ('31', NULL, 'm160322_000000_asset_filesize', '2017-11-17 06:35:14', '2017-11-17 06:35:14', '2017-11-17 06:35:14', 'de85aeb1-f2b6-4f42-a1a8-70478874190b'),
 ('32', NULL, 'm160503_000000_orphaned_fieldlayouts', '2017-11-17 06:35:14', '2017-11-17 06:35:14', '2017-11-17 06:35:14', 'd4384be9-ccaf-47b1-8519-a0d490adb501'),
 ('33', NULL, 'm160510_000000_tasksettings', '2017-11-17 06:35:14', '2017-11-17 06:35:14', '2017-11-17 06:35:14', '39ba9483-9635-433a-bba8-0c037bbb7ab8'),
 ('34', NULL, 'm160829_000000_pending_user_content_cleanup', '2017-11-17 06:35:14', '2017-11-17 06:35:14', '2017-11-17 06:35:14', 'f691518f-77cc-475f-8f9b-4a95b01a2aa9'),
 ('35', NULL, 'm160830_000000_asset_index_uri_increase', '2017-11-17 06:35:14', '2017-11-17 06:35:14', '2017-11-17 06:35:14', 'dae20bd6-7ea4-4324-9944-49cb7b05789e'),
 ('36', NULL, 'm160919_000000_usergroup_handle_title_unique', '2017-11-17 06:35:14', '2017-11-17 06:35:14', '2017-11-17 06:35:14', '1712c3da-06ab-4106-92c7-0e854e730e5f'),
 ('37', NULL, 'm161108_000000_new_version_format', '2017-11-17 06:35:14', '2017-11-17 06:35:14', '2017-11-17 06:35:14', '2f3e02b8-ca69-4f38-9aaa-8b7b65d919d7'),
 ('38', NULL, 'm161109_000000_index_shuffle', '2017-11-17 06:35:14', '2017-11-17 06:35:14', '2017-11-17 06:35:14', '1d5e7b7c-c79e-4776-8770-ce3aa481913d'),
 ('39', NULL, 'm170612_000000_route_index_shuffle', '2017-11-17 06:35:14', '2017-11-17 06:35:14', '2017-11-17 06:35:14', 'e6824c7d-469e-425e-aeeb-025a1a9f3146'),
 ('40', NULL, 'm171107_000000_assign_group_permissions', '2017-11-17 06:35:14', '2017-11-17 06:35:14', '2017-11-17 06:35:14', 'd1a169aa-9ffe-434f-af37-614ca275bb6e'),
 ('41', '2', 'm151104_040245_venti_ResaveVentiElements', '2017-11-21 12:18:43', '2017-11-21 12:18:43', '2017-11-21 12:18:43', '47636004-4b22-4a47-9910-2650b34710f9'),
 ('42', '2', 'm160203_055928_venti_VentiEventLocalColumnAddition', '2017-11-21 12:18:43', '2017-11-21 12:18:43', '2017-11-21 12:18:43', 'd5f40498-ec31-48af-940a-fb69caf3ca62'),
 ('43', '2', 'm160204_055929_venti_VentiEventFieldColumnAdditions', '2017-11-21 12:18:43', '2017-11-21 12:18:43', '2017-11-21 12:18:43', 'f3b60d71-083e-4e9d-86f3-a53da92b7dbe');



DROP TABLE IF EXISTS `craft_plugins`;


--
-- Schema for table `craft_plugins`
--
CREATE TABLE `craft_plugins` (
  `id` int(11) NOT NULL AUTO_INCREMENT,
  `class` varchar(150) COLLATE utf8_unicode_ci NOT NULL,
  `version` varchar(15) COLLATE utf8_unicode_ci NOT NULL,
  `schemaVersion` varchar(15) COLLATE utf8_unicode_ci DEFAULT NULL,
  `licenseKey` char(24) COLLATE utf8_unicode_ci DEFAULT NULL,
  `licenseKeyStatus` enum('valid','invalid','mismatched','unknown') COLLATE utf8_unicode_ci NOT NULL DEFAULT 'unknown',
  `enabled` tinyint(1) unsigned NOT NULL DEFAULT '0',
  `settings` text COLLATE utf8_unicode_ci,
  `installDate` datetime NOT NULL,
  `dateCreated` datetime NOT NULL,
  `dateUpdated` datetime NOT NULL,
  `uid` char(36) COLLATE utf8_unicode_ci NOT NULL DEFAULT '0',
  PRIMARY KEY (`id`)
) ENGINE=InnoDB AUTO_INCREMENT=6 DEFAULT CHARSET=utf8 COLLATE=utf8_unicode_ci;

--
-- Data for table `craft_plugins`
--

INSERT INTO `craft_plugins` (`id`, `class`, `version`, `schemaVersion`, `licenseKey`, `licenseKeyStatus`, `enabled`, `settings`, `installDate`, `dateCreated`, `dateUpdated`, `uid`) VALUES
 ('1', 'FormBuilder', '1.0.1', '1.0.0', NULL, 'unknown', '1', '{\"pluginName\":\"\",\"canDoActions\":\"1\",\"unreadNotifications\":\"0\"}', '2017-11-18 03:33:55', '2017-11-18 03:33:55', '2018-01-30 05:04:42', '36b6a33b-cdaa-4213-b150-bbe0a53843c6'),
 ('2', 'Venti', '1.2.3', '1.2.3', NULL, 'unknown', '1', NULL, '2017-11-21 12:18:43', '2017-11-21 12:18:43', '2018-01-30 05:04:42', '57e1e614-2d94-4241-89de-142ab14c934b'),
 ('3', 'InstagramFeed', '1.0.0', '1.0.0', NULL, 'unknown', '0', '{\"userId\":\"bodybyrobbie\",\"accessToken\":\"1805870488.d961bdc.0a277c5fbb6d4bb3b137467a5f4cdecd\"}', '2017-12-08 15:24:19', '2017-12-08 15:24:19', '2017-12-27 02:14:34', '06744e2f-d2e8-47c1-a666-03f603850309'),
 ('4', 'InstaCraft', '0.1.0', NULL, NULL, 'unknown', '0', NULL, '2017-12-08 16:34:42', '2017-12-08 16:34:42', '2017-12-27 02:14:36', '99e08e88-a241-4319-ad51-54a5cead0298'),
 ('5', 'Shopify', '1.0.2', '1.0.0', NULL, 'unknown', '1', '{\"apiKey\":\"5a8a2f2232d36c87907a3204c35eb4e8\",\"password\":\"1816619d1a73a375b91cdf15a09a84d0\",\"secret\":\"ed5c2e1792261d31a6f5dac415e3404c\",\"hostname\":\"prisspary.myshopify.com\"}', '2017-12-28 02:09:26', '2017-12-28 02:09:26', '2018-01-30 05:04:42', '9c3335fc-8e5b-49d8-bd43-24a977714f27');



DROP TABLE IF EXISTS `craft_rackspaceaccess`;


--
-- Schema for table `craft_rackspaceaccess`
--
CREATE TABLE `craft_rackspaceaccess` (
  `id` int(11) NOT NULL AUTO_INCREMENT,
  `connectionKey` varchar(255) COLLATE utf8_unicode_ci NOT NULL,
  `token` varchar(255) COLLATE utf8_unicode_ci NOT NULL,
  `storageUrl` varchar(255) COLLATE utf8_unicode_ci NOT NULL,
  `cdnUrl` varchar(255) COLLATE utf8_unicode_ci NOT NULL,
  `dateCreated` datetime NOT NULL,
  `dateUpdated` datetime NOT NULL,
  `uid` char(36) COLLATE utf8_unicode_ci NOT NULL DEFAULT '0',
  PRIMARY KEY (`id`),
  UNIQUE KEY `craft_rackspaceaccess_connectionKey_unq_idx` (`connectionKey`)
) ENGINE=InnoDB DEFAULT CHARSET=utf8 COLLATE=utf8_unicode_ci;

DROP TABLE IF EXISTS `craft_relations`;


--
-- Schema for table `craft_relations`
--
CREATE TABLE `craft_relations` (
  `id` int(11) NOT NULL AUTO_INCREMENT,
  `fieldId` int(11) NOT NULL,
  `sourceId` int(11) NOT NULL,
  `sourceLocale` char(12) COLLATE utf8_unicode_ci DEFAULT NULL,
  `targetId` int(11) NOT NULL,
  `sortOrder` smallint(6) DEFAULT NULL,
  `dateCreated` datetime NOT NULL,
  `dateUpdated` datetime NOT NULL,
  `uid` char(36) COLLATE utf8_unicode_ci NOT NULL DEFAULT '0',
  PRIMARY KEY (`id`),
  UNIQUE KEY `craft_relations_fieldId_sourceId_sourceLocale_targetId_unq_idx` (`fieldId`,`sourceId`,`sourceLocale`,`targetId`),
  KEY `craft_relations_sourceId_fk` (`sourceId`),
  KEY `craft_relations_sourceLocale_fk` (`sourceLocale`),
  KEY `craft_relations_targetId_fk` (`targetId`)
) ENGINE=InnoDB AUTO_INCREMENT=145 DEFAULT CHARSET=utf8 COLLATE=utf8_unicode_ci;

--
-- Data for table `craft_relations`
--

INSERT INTO `craft_relations` (`id`, `fieldId`, `sourceId`, `sourceLocale`, `targetId`, `sortOrder`, `dateCreated`, `dateUpdated`, `uid`) VALUES
 ('113', '33', '6', NULL, '67', '1', '2018-01-26 04:47:14', '2018-01-26 04:47:14', '266730a1-a27a-4be0-870a-836e99ecf50c'),
 ('116', '65', '63', NULL, '60', '1', '2018-01-27 20:31:51', '2018-01-27 20:31:51', '576a06fd-07c9-4f73-8bfa-9249f9d44f85'),
 ('117', '65', '63', NULL, '61', '2', '2018-01-27 20:31:51', '2018-01-27 20:31:51', '4f733341-9c14-4190-bf14-ef8b2cccc831'),
 ('118', '65', '63', NULL, '62', '3', '2018-01-27 20:31:51', '2018-01-27 20:31:51', 'ac2d04e1-0997-4d0c-9859-a8120a6fc1c9'),
 ('121', '67', '63', NULL, '61', '1', '2018-01-27 20:31:51', '2018-01-27 20:31:51', 'ac603bf0-c813-4eae-92a0-4f92c4022c97'),
 ('122', '67', '63', NULL, '62', '2', '2018-01-27 20:31:51', '2018-01-27 20:31:51', '261c176c-90be-4c89-849f-970b3c24f78d'),
 ('123', '67', '63', NULL, '60', '3', '2018-01-27 20:31:51', '2018-01-27 20:31:51', '0dd40ba7-282d-451f-b0e4-81a64b4b76a1'),
 ('126', '71', '63', NULL, '62', '1', '2018-01-27 20:31:51', '2018-01-27 20:31:51', '76fd0824-3cd5-4b30-9a07-689442c5cf01'),
 ('127', '71', '63', NULL, '61', '2', '2018-01-27 20:31:51', '2018-01-27 20:31:51', 'da87f2a8-427f-4520-8837-b7bb86ea7e00'),
 ('128', '71', '63', NULL, '60', '3', '2018-01-27 20:31:51', '2018-01-27 20:31:51', 'a1509691-ba1d-44d3-bd29-fb1531f38efc'),
 ('135', '48', '68', NULL, '60', '1', '2018-01-28 23:04:48', '2018-01-28 23:04:48', 'aa8c8a09-704f-4b80-b0de-7b92a37a2555'),
 ('136', '48', '69', NULL, '61', '1', '2018-01-28 23:04:48', '2018-01-28 23:04:48', 'ec8ed13d-3ee5-4fd4-98ce-d8aac5b227a4'),
 ('137', '52', '70', NULL, '61', '1', '2018-01-28 23:04:48', '2018-01-28 23:04:48', 'ef975dfd-1191-418d-beb9-952ad69d645a'),
 ('138', '52', '71', NULL, '62', '1', '2018-01-28 23:04:48', '2018-01-28 23:04:48', '1a33f4ea-9290-45c1-a8c8-4b2e95da1646'),
 ('139', '57', '72', NULL, '62', '1', '2018-01-28 23:04:48', '2018-01-28 23:04:48', 'e3277325-6de1-4e1a-90ab-4cfe8ac63f6b'),
 ('140', '57', '73', NULL, '60', '1', '2018-01-28 23:04:48', '2018-01-28 23:04:48', 'b48351bd-6335-4988-8afe-27c5482f117c'),
 ('141', '74', '79', NULL, '74', '1', '2018-01-30 05:19:12', '2018-01-30 05:19:12', '7d925f28-be1b-4754-a85e-3a951521f75d'),
 ('142', '74', '80', NULL, '75', '1', '2018-01-30 05:19:12', '2018-01-30 05:19:12', '60957cf0-0f9d-4d2e-8bda-51ecb494d7b2'),
 ('143', '74', '81', NULL, '76', '1', '2018-01-30 05:19:12', '2018-01-30 05:19:12', 'd365b439-27ae-458c-93ad-16e1abb6d5e7'),
 ('144', '74', '82', NULL, '77', '1', '2018-01-30 05:19:12', '2018-01-30 05:19:12', '17490c2a-569f-455e-8e12-bcf09ef4ce8a');



DROP TABLE IF EXISTS `craft_routes`;


--
-- Schema for table `craft_routes`
--
CREATE TABLE `craft_routes` (
  `id` int(11) NOT NULL AUTO_INCREMENT,
  `locale` char(12) COLLATE utf8_unicode_ci DEFAULT NULL,
  `urlParts` varchar(255) COLLATE utf8_unicode_ci NOT NULL,
  `urlPattern` varchar(255) COLLATE utf8_unicode_ci NOT NULL,
  `template` varchar(255) COLLATE utf8_unicode_ci NOT NULL,
  `sortOrder` smallint(6) unsigned DEFAULT NULL,
  `dateCreated` datetime NOT NULL,
  `dateUpdated` datetime NOT NULL,
  `uid` char(36) COLLATE utf8_unicode_ci NOT NULL DEFAULT '0',
  PRIMARY KEY (`id`),
  KEY `craft_routes_locale_idx` (`locale`),
  KEY `craft_routes_urlPattern_idx` (`urlPattern`)
) ENGINE=InnoDB DEFAULT CHARSET=utf8 COLLATE=utf8_unicode_ci;

DROP TABLE IF EXISTS `craft_searchindex`;


--
-- Schema for table `craft_searchindex`
--
CREATE TABLE `craft_searchindex` (
  `elementId` int(11) NOT NULL,
  `attribute` varchar(25) COLLATE utf8_unicode_ci NOT NULL,
  `fieldId` int(11) NOT NULL,
  `locale` char(12) COLLATE utf8_unicode_ci NOT NULL,
  `keywords` text COLLATE utf8_unicode_ci NOT NULL,
  PRIMARY KEY (`elementId`,`attribute`,`fieldId`,`locale`),
  FULLTEXT KEY `craft_searchindex_keywords_idx` (`keywords`)
) ENGINE=MyISAM DEFAULT CHARSET=utf8 COLLATE=utf8_unicode_ci;

--
-- Data for table `craft_searchindex`
--

INSERT INTO `craft_searchindex` (`elementId`, `attribute`, `fieldId`, `locale`, `keywords`) VALUES
 ('1', 'username', '0', 'en_us', ' admin '),
 ('1', 'firstname', '0', 'en_us', ''),
 ('1', 'lastname', '0', 'en_us', ''),
 ('1', 'fullname', '0', 'en_us', ''),
 ('1', 'email', '0', 'en_us', ' daituzhang outlook com '),
 ('1', 'slug', '0', 'en_us', ''),
 ('2', 'slug', '0', 'en_us', ' homepage '),
 ('2', 'title', '0', 'en_us', ' homepage '),
 ('2', 'field', '1', 'en_us', ' it s true this site doesn t have a whole lot of content yet but don t worry our web developers have just installed the cms and they re setting things up for the content editors this very moment soon localhost will be an oasis of fresh perspectives sharp analyses and astute opinions that will keep you coming back again and again '),
 ('72', 'field', '56', 'en_us', ''),
 ('72', 'field', '57', 'en_us', ' home top right cpdallas '),
 ('72', 'field', '58', 'en_us', ' www google com '),
 ('72', 'slug', '0', 'en_us', ''),
 ('73', 'field', '55', 'en_us', ' test 2 '),
 ('73', 'field', '56', 'en_us', ''),
 ('73', 'field', '57', 'en_us', ' home topleft melanin '),
 ('73', 'field', '58', 'en_us', ' www google com '),
 ('73', 'slug', '0', 'en_us', ''),
 ('74', 'filename', '0', 'en_us', ' 1 jpg '),
 ('2', 'field', '10', 'en_us', ' bbr hero bbr hero mobile 2x '),
 ('2', 'field', '9', 'en_us', ''),
 ('2', 'field', '8', 'en_us', ' view workouts '),
 ('2', 'field', '7', 'en_us', ' it s time to turn doubt into drive '),
 ('2', 'field', '16', 'en_us', ' for robbie birdwell fitness is more than a passion it s a lifestyle he s personally experienced the power of physical conditioning to provide mental spiritual and bodily healing having a diverse background in health and fitness robbie specializes in injury prevention rehabilitation and functional training his expertise in correcting mobility issues and faulty movement patterns has helped clients of all types from injury plagued couch potatoes to division 1 college athletes as a certified athletic trainer through the national board of certification for athletic training robbie earned his bachelor s degree in athletic training and sports medicine from baylor university he went on to receive a master s degree in kinesiology from the university of north texas he worked with several notable athletes throughout his collegiate career including track stars jeremy wariner darold williamson and stephen white as well as then up and coming nfl players robert griffin iii rg3 jason smith lance dunbar and zachary orr robbie also knows firsthand what it takes to prepare and compete he played professional arena football in the indoor football league ifl for two years and competed as a bodybuilder within the physique division for the better bodies championship robbie s extensive education and experience have prepared him to offer quality service and care his goal oriented approach and customized research based workout programs empower clients to be accountable stay motivated and have fun when robbie is not at the gym he enjoys riding his motorcycle playing the guitar and watching football no surprise '),
 ('2', 'field', '13', 'en_us', ' robbie circle '),
 ('2', 'field', '12', 'en_us', ' robbie birdwell '),
 ('2', 'field', '14', 'en_us', ' as iron sharpens iron so one man sharpens another '),
 ('2', 'field', '15', 'en_us', ' proverbs 27 17 '),
 ('2', 'field', '11', 'en_us', ' about '),
 ('2', 'field', '18', 'en_us', ' what my clients are saying test 3 test2 '),
 ('2', 'field', '22', 'en_us', ' working out eating healthy and losing weight does not have to be a chore it should be an energizing enjoyable and empowering experience that you look forward to every day together we will overcome your obstacles push your boundaries and have a ton of fun making your fitness dreams a reality '),
 ('2', 'field', '23', 'en_us', ' nutrition coaching ​personal training small group training ​online training ​bridal boot camps ​sport specific strength training workplace ergonomics consulting ​restorative therapy '),
 ('2', 'field', '21', 'en_us', ' services '),
 ('74', 'extension', '0', 'en_us', ' jpg '),
 ('72', 'field', '55', 'en_us', ' read the forbes interview '),
 ('71', 'slug', '0', 'en_us', ''),
 ('6', 'slug', '0', 'en_us', ''),
 ('7', 'field', '26', 'en_us', ''),
 ('7', 'field', '27', 'en_us', ''),
 ('7', 'slug', '0', 'en_us', ''),
 ('6', 'field', '28', 'en_us', ''),
 ('6', 'field', '29', 'en_us', ' https www instagram com bodybyrobbie '),
 ('6', 'field', '30', 'en_us', ''),
 ('6', 'field', '31', 'en_us', ''),
 ('2', 'field', '32', 'en_us', ' what my clients are saying '),
 ('81', 'field', '74', 'en_us', ' 3 '),
 ('81', 'field', '75', 'en_us', ''),
 ('81', 'slug', '0', 'en_us', ''),
 ('82', 'field', '74', 'en_us', ' 4 '),
 ('82', 'field', '75', 'en_us', ''),
 ('82', 'slug', '0', 'en_us', ''),
 ('80', 'slug', '0', 'en_us', ''),
 ('80', 'field', '75', 'en_us', ''),
 ('80', 'field', '74', 'en_us', ' 2 '),
 ('77', 'kind', '0', 'en_us', ' image '),
 ('77', 'slug', '0', 'en_us', ' 4 '),
 ('77', 'title', '0', 'en_us', ' 4 '),
 ('78', 'field', '73', 'en_us', ' 1 2 3 4 '),
 ('78', 'slug', '0', 'en_us', ' press '),
 ('78', 'title', '0', 'en_us', ' press '),
 ('79', 'field', '74', 'en_us', ' 1 '),
 ('79', 'field', '75', 'en_us', ''),
 ('79', 'slug', '0', 'en_us', ''),
 ('77', 'extension', '0', 'en_us', ' jpg '),
 ('77', 'filename', '0', 'en_us', ' 4 jpg '),
 ('76', 'title', '0', 'en_us', ' 3 '),
 ('75', 'filename', '0', 'en_us', ' 2 jpg '),
 ('75', 'extension', '0', 'en_us', ' jpg '),
 ('75', 'kind', '0', 'en_us', ' image '),
 ('75', 'slug', '0', 'en_us', ' 2 '),
 ('75', 'title', '0', 'en_us', ' 2 '),
 ('76', 'filename', '0', 'en_us', ' 3 jpg '),
 ('76', 'extension', '0', 'en_us', ' jpg '),
 ('76', 'kind', '0', 'en_us', ' image '),
 ('76', 'slug', '0', 'en_us', ' 3 '),
 ('74', 'title', '0', 'en_us', ' 1 '),
 ('74', 'slug', '0', 'en_us', ' 1 '),
 ('74', 'kind', '0', 'en_us', ' image '),
 ('67', 'title', '0', 'en_us', ' pp assets logo '),
 ('67', 'slug', '0', 'en_us', ' pp assets logo '),
 ('67', 'kind', '0', 'en_us', ' image '),
 ('67', 'extension', '0', 'en_us', ' svg '),
 ('67', 'filename', '0', 'en_us', ' pp_assets_logo svg '),
 ('63', 'field', '70', 'en_us', ' read the forbes interview '),
 ('63', 'slug', '0', 'en_us', ' home '),
 ('63', 'title', '0', 'en_us', ' home '),
 ('68', 'slug', '0', 'en_us', ''),
 ('68', 'field', '49', 'en_us', ' www google com '),
 ('68', 'field', '48', 'en_us', ' home topleft melanin '),
 ('68', 'field', '47', 'en_us', ' shop melanin '),
 ('63', 'field', '54', 'en_us', ' read the forbes interview home top right cpdallas www google com test 2 home topleft melanin www google com '),
 ('63', 'field', '50', 'en_us', ' check out the blog home bottomleft blog www google com test 2 home top right cpdallas www google com '),
 ('62', 'extension', '0', 'en_us', ' jpg '),
 ('62', 'kind', '0', 'en_us', ' image '),
 ('62', 'slug', '0', 'en_us', ' home top right cpdallas '),
 ('62', 'title', '0', 'en_us', ' home top right cpdallas '),
 ('63', 'field', '46', 'en_us', ' shop melanin home topleft melanin www google com test 2 home bottomleft blog www google com '),
 ('63', 'field', '64', 'en_us', ' shop melanin '),
 ('63', 'field', '65', 'en_us', ' home topleft melanin home bottomleft blog home top right cpdallas '),
 ('62', 'filename', '0', 'en_us', ' home_topright_cpdallas jpg ');
INSERT INTO `craft_searchindex` (`elementId`, `attribute`, `fieldId`, `locale`, `keywords`) VALUES
 ('61', 'title', '0', 'en_us', ' home bottomleft blog '),
 ('61', 'slug', '0', 'en_us', ' home bottomleft blog '),
 ('60', 'kind', '0', 'en_us', ' image '),
 ('60', 'slug', '0', 'en_us', ' home topleft melanin '),
 ('60', 'title', '0', 'en_us', ' home topleft melanin '),
 ('61', 'filename', '0', 'en_us', ' home_bottomleft_blog jpg '),
 ('61', 'extension', '0', 'en_us', ' jpg '),
 ('61', 'kind', '0', 'en_us', ' image '),
 ('60', 'extension', '0', 'en_us', ' jpg '),
 ('60', 'filename', '0', 'en_us', ' home_topleft_melanin jpg '),
 ('6', 'field', '33', 'en_us', ' pp assets logo '),
 ('71', 'field', '53', 'en_us', ' www google com '),
 ('19', 'name', '0', 'en_us', ' test1 '),
 ('19', 'handle', '0', 'en_us', ' test1 '),
 ('19', 'slug', '0', 'en_us', ''),
 ('59', 'slug', '0', 'en_us', ' shopify product '),
 ('59', 'title', '0', 'en_us', ' shopify product '),
 ('59', 'field', '45', 'en_us', ' 633661489195 '),
 ('57', 'field', '37', 'en_us', ' 4698036177 '),
 ('57', 'field', '36', 'en_us', ' daituzhang gmail com '),
 ('56', 'title', '0', 'en_us', ' name yulu zhang email daituzhang gmail com phone 4698036177 message dd date 1514351713 '),
 ('57', 'field', '35', 'en_us', ' yulu zhang '),
 ('58', 'field', '38', 'en_us', ' dd '),
 ('58', 'slug', '0', 'en_us', ' name yulu zhang email daituzhang gmail com phone 4698036177 message dd date 1514352491 '),
 ('58', 'title', '0', 'en_us', ' name yulu zhang email daituzhang gmail com phone 4698036177 message dd date 1514352491 '),
 ('58', 'field', '37', 'en_us', ' 4698036177 '),
 ('58', 'field', '36', 'en_us', ' daituzhang gmail com '),
 ('58', 'field', '35', 'en_us', ' yulu zhang '),
 ('57', 'field', '38', 'en_us', ' dd '),
 ('57', 'slug', '0', 'en_us', ' name yulu zhang email daituzhang gmail com phone 4698036177 message dd date 1514352358 '),
 ('57', 'title', '0', 'en_us', ' name yulu zhang email daituzhang gmail com phone 4698036177 message dd date 1514352358 '),
 ('56', 'field', '38', 'en_us', ' dd '),
 ('56', 'slug', '0', 'en_us', ' name yulu zhang email daituzhang gmail com phone 4698036177 message dd date 1514351713 '),
 ('56', 'field', '37', 'en_us', ' 4698036177 '),
 ('56', 'field', '35', 'en_us', ' yulu zhang '),
 ('56', 'field', '36', 'en_us', ' daituzhang gmail com '),
 ('55', 'slug', '0', 'en_us', ' name yulu zhang email daituzhang gmail com phone 4698036177 message ff date 1514351333 '),
 ('55', 'title', '0', 'en_us', ' name yulu zhang email daituzhang gmail com phone 4698036177 message ff date 1514351333 '),
 ('55', 'field', '38', 'en_us', ' ff '),
 ('55', 'field', '37', 'en_us', ' 4698036177 '),
 ('55', 'field', '35', 'en_us', ' yulu zhang '),
 ('55', 'field', '36', 'en_us', ' daituzhang gmail com '),
 ('2', 'field', '39', 'en_us', ' 5555 e mockingbird lane s 200 dallas texas 75206 '),
 ('2', 'field', '40', 'en_us', ' 254 214 2618 '),
 ('2', 'field', '41', 'en_us', ' bodybyrobbie gmail com '),
 ('6', 'field', '43', 'en_us', ''),
 ('6', 'field', '42', 'en_us', ''),
 ('6', 'field', '44', 'en_us', ''),
 ('52', 'field', '35', 'en_us', ' yulu zhang '),
 ('52', 'field', '36', 'en_us', ' daituzhang gmail com '),
 ('52', 'field', '37', 'en_us', ' 4698036177 '),
 ('52', 'field', '38', 'en_us', ' dd '),
 ('52', 'slug', '0', 'en_us', ' name yulu zhang email daituzhang gmail com phone 4698036177 message dd date 1514349692 '),
 ('52', 'title', '0', 'en_us', ' name yulu zhang email daituzhang gmail com phone 4698036177 message dd date 1514349692 '),
 ('53', 'field', '35', 'en_us', ' yulu zhang '),
 ('53', 'field', '36', 'en_us', ' daituzhang gmail com '),
 ('53', 'field', '37', 'en_us', ' 4698036177 '),
 ('53', 'field', '38', 'en_us', ' ff '),
 ('53', 'slug', '0', 'en_us', ' name yulu zhang email daituzhang gmail com phone 4698036177 message ff date 1514349703 '),
 ('53', 'title', '0', 'en_us', ' name yulu zhang email daituzhang gmail com phone 4698036177 message ff date 1514349703 '),
 ('54', 'field', '35', 'en_us', ' yulu zhang '),
 ('54', 'field', '36', 'en_us', ' daituzhang gmail com '),
 ('54', 'field', '37', 'en_us', ' 4698036177 '),
 ('54', 'field', '38', 'en_us', ' dd '),
 ('54', 'slug', '0', 'en_us', ' name yulu zhang email daituzhang gmail com phone 4698036177 message dd date 1514351327 '),
 ('54', 'title', '0', 'en_us', ' name yulu zhang email daituzhang gmail com phone 4698036177 message dd date 1514351327 '),
 ('51', 'name', '0', 'en_us', ' contact form '),
 ('51', 'handle', '0', 'en_us', ' contactform '),
 ('63', 'field', '71', 'en_us', ' home top right cpdallas home bottomleft blog home topleft melanin '),
 ('63', 'field', '69', 'en_us', ''),
 ('63', 'field', '68', 'en_us', ''),
 ('63', 'field', '66', 'en_us', ' check out the blog '),
 ('63', 'field', '67', 'en_us', ' home bottomleft blog home top right cpdallas home topleft melanin '),
 ('51', 'slug', '0', 'en_us', ''),
 ('2', 'field', '34', 'en_us', ' testimonial 2x testimonial mobile 2x '),
 ('71', 'field', '52', 'en_us', ' home top right cpdallas '),
 ('63', 'field', '72', 'en_us', ''),
 ('69', 'field', '47', 'en_us', ' test 2 '),
 ('69', 'field', '48', 'en_us', ' home bottomleft blog '),
 ('69', 'field', '49', 'en_us', ' www google com '),
 ('69', 'slug', '0', 'en_us', ''),
 ('70', 'field', '51', 'en_us', ' check out the blog '),
 ('70', 'field', '52', 'en_us', ' home bottomleft blog '),
 ('70', 'field', '53', 'en_us', ' www google com '),
 ('70', 'slug', '0', 'en_us', ''),
 ('71', 'field', '51', 'en_us', ' test 2 ');



DROP TABLE IF EXISTS `craft_sections`;


--
-- Schema for table `craft_sections`
--
CREATE TABLE `craft_sections` (
  `id` int(11) NOT NULL AUTO_INCREMENT,
  `structureId` int(11) DEFAULT NULL,
  `name` varchar(255) COLLATE utf8_unicode_ci NOT NULL,
  `handle` varchar(255) COLLATE utf8_unicode_ci NOT NULL,
  `type` enum('single','channel','structure') COLLATE utf8_unicode_ci NOT NULL DEFAULT 'channel',
  `hasUrls` tinyint(1) unsigned NOT NULL DEFAULT '1',
  `template` varchar(500) COLLATE utf8_unicode_ci DEFAULT NULL,
  `enableVersioning` tinyint(1) unsigned NOT NULL DEFAULT '0',
  `dateCreated` datetime NOT NULL,
  `dateUpdated` datetime NOT NULL,
  `uid` char(36) COLLATE utf8_unicode_ci NOT NULL DEFAULT '0',
  PRIMARY KEY (`id`),
  UNIQUE KEY `craft_sections_name_unq_idx` (`name`),
  UNIQUE KEY `craft_sections_handle_unq_idx` (`handle`),
  KEY `craft_sections_structureId_fk` (`structureId`)
) ENGINE=InnoDB AUTO_INCREMENT=10 DEFAULT CHARSET=utf8 COLLATE=utf8_unicode_ci;

--
-- Data for table `craft_sections`
--

INSERT INTO `craft_sections` (`id`, `structureId`, `name`, `handle`, `type`, `hasUrls`, `template`, `enableVersioning`, `dateCreated`, `dateUpdated`, `uid`) VALUES
 ('1', NULL, 'Homepage', 'homepage', 'single', '1', 'index', '1', '2017-11-17 06:35:17', '2017-11-17 06:35:17', 'fb3e1374-54e3-4a38-96f7-ed25baaca4b6'),
 ('4', NULL, 'Service', 'service', 'channel', '1', 'service/_entry', '1', '2017-11-17 07:44:11', '2017-11-17 07:44:11', '3d531002-9288-43f9-a2dd-b2d0357b90ec'),
 ('6', NULL, 'Product', 'product', 'channel', '1', 'product/_entry', '1', '2017-12-28 02:16:39', '2017-12-28 02:16:39', 'fee4912f-6a58-4ba6-b0a8-60ace08c3d59'),
 ('9', '1', 'Page', 'page', 'structure', '1', 'page/_entry', '1', '2018-01-24 05:28:14', '2018-01-26 04:44:45', '8426155d-3c6a-4c4b-bb08-1f69d0fc3954');



DROP TABLE IF EXISTS `craft_sections_i18n`;


--
-- Schema for table `craft_sections_i18n`
--
CREATE TABLE `craft_sections_i18n` (
  `id` int(11) NOT NULL AUTO_INCREMENT,
  `sectionId` int(11) NOT NULL,
  `locale` char(12) COLLATE utf8_unicode_ci NOT NULL,
  `enabledByDefault` tinyint(1) unsigned NOT NULL DEFAULT '1',
  `urlFormat` text COLLATE utf8_unicode_ci,
  `nestedUrlFormat` text COLLATE utf8_unicode_ci,
  `dateCreated` datetime NOT NULL,
  `dateUpdated` datetime NOT NULL,
  `uid` char(36) COLLATE utf8_unicode_ci NOT NULL DEFAULT '0',
  PRIMARY KEY (`id`),
  UNIQUE KEY `craft_sections_i18n_sectionId_locale_unq_idx` (`sectionId`,`locale`),
  KEY `craft_sections_i18n_locale_fk` (`locale`)
) ENGINE=InnoDB AUTO_INCREMENT=10 DEFAULT CHARSET=utf8 COLLATE=utf8_unicode_ci;

--
-- Data for table `craft_sections_i18n`
--

INSERT INTO `craft_sections_i18n` (`id`, `sectionId`, `locale`, `enabledByDefault`, `urlFormat`, `nestedUrlFormat`, `dateCreated`, `dateUpdated`, `uid`) VALUES
 ('1', '1', 'en_us', '1', '__home__', NULL, '2017-11-17 06:35:17', '2017-11-17 06:35:17', '97342bc4-bcd8-4b15-861b-632910192707'),
 ('4', '4', 'en_us', '1', 'service/{slug}', NULL, '2017-11-17 07:44:11', '2017-11-17 07:44:11', '8944b5ab-8feb-426b-bac5-1a1807741dc4'),
 ('6', '6', 'en_us', '1', 'product/{slug}', NULL, '2017-12-28 02:16:39', '2017-12-28 02:16:39', '0fcc689e-772c-4d9b-9a6d-9f0bdfc6f5e1'),
 ('9', '9', 'en_us', '1', '{slug}', '{parent.uri}/{slug}', '2018-01-24 05:28:14', '2018-01-26 04:42:41', '1aad3c15-6bda-42e6-832f-618fc1ac15fe');



DROP TABLE IF EXISTS `craft_sessions`;


--
-- Schema for table `craft_sessions`
--
CREATE TABLE `craft_sessions` (
  `id` int(11) NOT NULL AUTO_INCREMENT,
  `userId` int(11) NOT NULL,
  `token` char(100) COLLATE utf8_unicode_ci NOT NULL,
  `dateCreated` datetime NOT NULL,
  `dateUpdated` datetime NOT NULL,
  `uid` char(36) COLLATE utf8_unicode_ci NOT NULL DEFAULT '0',
  PRIMARY KEY (`id`),
  KEY `craft_sessions_uid_idx` (`uid`),
  KEY `craft_sessions_token_idx` (`token`),
  KEY `craft_sessions_dateUpdated_idx` (`dateUpdated`),
  KEY `craft_sessions_userId_fk` (`userId`)
) ENGINE=InnoDB AUTO_INCREMENT=3 DEFAULT CHARSET=utf8 COLLATE=utf8_unicode_ci;

DROP TABLE IF EXISTS `craft_shunnedmessages`;


--
-- Schema for table `craft_shunnedmessages`
--
CREATE TABLE `craft_shunnedmessages` (
  `id` int(11) NOT NULL AUTO_INCREMENT,
  `userId` int(11) NOT NULL,
  `message` varchar(255) COLLATE utf8_unicode_ci NOT NULL,
  `expiryDate` datetime DEFAULT NULL,
  `dateCreated` datetime NOT NULL,
  `dateUpdated` datetime NOT NULL,
  `uid` char(36) COLLATE utf8_unicode_ci NOT NULL DEFAULT '0',
  PRIMARY KEY (`id`),
  UNIQUE KEY `craft_shunnedmessages_userId_message_unq_idx` (`userId`,`message`)
) ENGINE=InnoDB DEFAULT CHARSET=utf8 COLLATE=utf8_unicode_ci;

DROP TABLE IF EXISTS `craft_structureelements`;


--
-- Schema for table `craft_structureelements`
--
CREATE TABLE `craft_structureelements` (
  `id` int(11) NOT NULL AUTO_INCREMENT,
  `structureId` int(11) NOT NULL,
  `elementId` int(11) DEFAULT NULL,
  `root` int(11) unsigned DEFAULT NULL,
  `lft` int(11) unsigned NOT NULL,
  `rgt` int(11) unsigned NOT NULL,
  `level` smallint(6) unsigned NOT NULL,
  `dateCreated` datetime NOT NULL,
  `dateUpdated` datetime NOT NULL,
  `uid` char(36) COLLATE utf8_unicode_ci NOT NULL DEFAULT '0',
  PRIMARY KEY (`id`),
  UNIQUE KEY `craft_structureelements_structureId_elementId_unq_idx` (`structureId`,`elementId`),
  KEY `craft_structureelements_root_idx` (`root`),
  KEY `craft_structureelements_lft_idx` (`lft`),
  KEY `craft_structureelements_rgt_idx` (`rgt`),
  KEY `craft_structureelements_level_idx` (`level`),
  KEY `craft_structureelements_elementId_fk` (`elementId`)
) ENGINE=InnoDB AUTO_INCREMENT=4 DEFAULT CHARSET=utf8 COLLATE=utf8_unicode_ci;

--
-- Data for table `craft_structureelements`
--

INSERT INTO `craft_structureelements` (`id`, `structureId`, `elementId`, `root`, `lft`, `rgt`, `level`, `dateCreated`, `dateUpdated`, `uid`) VALUES
 ('1', '1', NULL, '1', '1', '6', '0', '2018-01-24 05:36:20', '2018-01-24 05:36:20', '1f04aefc-734d-4a95-9a43-ae9501395989'),
 ('2', '1', '63', '1', '2', '3', '1', '2018-01-24 05:36:20', '2018-01-24 05:36:20', '2416e4d0-788f-4c8f-b903-317e6f70e4ca'),
 ('3', '1', '78', '1', '4', '5', '1', '2018-01-30 05:19:12', '2018-01-30 05:19:12', 'f50a81d2-771d-42c5-964f-ce134ec3626f');



DROP TABLE IF EXISTS `craft_structures`;


--
-- Schema for table `craft_structures`
--
CREATE TABLE `craft_structures` (
  `id` int(11) NOT NULL AUTO_INCREMENT,
  `maxLevels` smallint(6) unsigned DEFAULT NULL,
  `dateCreated` datetime NOT NULL,
  `dateUpdated` datetime NOT NULL,
  `uid` char(36) COLLATE utf8_unicode_ci NOT NULL DEFAULT '0',
  PRIMARY KEY (`id`)
) ENGINE=InnoDB AUTO_INCREMENT=2 DEFAULT CHARSET=utf8 COLLATE=utf8_unicode_ci;

--
-- Data for table `craft_structures`
--

INSERT INTO `craft_structures` (`id`, `maxLevels`, `dateCreated`, `dateUpdated`, `uid`) VALUES
 ('1', NULL, '2018-01-24 05:28:14', '2018-01-26 04:44:45', '102c5024-7d36-4e0e-a67e-9605ebd8bd04');



DROP TABLE IF EXISTS `craft_systemsettings`;


--
-- Schema for table `craft_systemsettings`
--
CREATE TABLE `craft_systemsettings` (
  `id` int(11) NOT NULL AUTO_INCREMENT,
  `category` varchar(15) COLLATE utf8_unicode_ci NOT NULL,
  `settings` text COLLATE utf8_unicode_ci,
  `dateCreated` datetime NOT NULL,
  `dateUpdated` datetime NOT NULL,
  `uid` char(36) COLLATE utf8_unicode_ci NOT NULL DEFAULT '0',
  PRIMARY KEY (`id`),
  UNIQUE KEY `craft_systemsettings_category_unq_idx` (`category`)
) ENGINE=InnoDB AUTO_INCREMENT=2 DEFAULT CHARSET=utf8 COLLATE=utf8_unicode_ci;

--
-- Data for table `craft_systemsettings`
--

INSERT INTO `craft_systemsettings` (`id`, `category`, `settings`, `dateCreated`, `dateUpdated`, `uid`) VALUES
 ('1', 'email', '{\"protocol\":\"php\",\"emailAddress\":\"daituzhang@outlook.com\",\"senderName\":\"Body by Robbie\"}', '2017-11-17 06:35:17', '2017-11-17 06:35:17', '4c39ef2e-8efe-4d81-bb1e-b4f01b4c68f9');



DROP TABLE IF EXISTS `craft_taggroups`;


--
-- Schema for table `craft_taggroups`
--
CREATE TABLE `craft_taggroups` (
  `id` int(11) NOT NULL AUTO_INCREMENT,
  `name` varchar(255) COLLATE utf8_unicode_ci NOT NULL,
  `handle` varchar(255) COLLATE utf8_unicode_ci NOT NULL,
  `fieldLayoutId` int(10) DEFAULT NULL,
  `dateCreated` datetime NOT NULL,
  `dateUpdated` datetime NOT NULL,
  `uid` char(36) COLLATE utf8_unicode_ci NOT NULL DEFAULT '0',
  PRIMARY KEY (`id`),
  UNIQUE KEY `craft_taggroups_name_unq_idx` (`name`),
  UNIQUE KEY `craft_taggroups_handle_unq_idx` (`handle`),
  KEY `craft_taggroups_fieldLayoutId_fk` (`fieldLayoutId`)
) ENGINE=InnoDB AUTO_INCREMENT=2 DEFAULT CHARSET=utf8 COLLATE=utf8_unicode_ci;

--
-- Data for table `craft_taggroups`
--

INSERT INTO `craft_taggroups` (`id`, `name`, `handle`, `fieldLayoutId`, `dateCreated`, `dateUpdated`, `uid`) VALUES
 ('1', 'Default', 'default', '1', '2017-11-17 06:35:17', '2017-11-17 06:35:17', '6c24494c-6a32-4bfc-aa73-bed5babc5747');



DROP TABLE IF EXISTS `craft_tags`;


--
-- Schema for table `craft_tags`
--
CREATE TABLE `craft_tags` (
  `id` int(11) NOT NULL,
  `groupId` int(11) NOT NULL,
  `dateCreated` datetime NOT NULL,
  `dateUpdated` datetime NOT NULL,
  `uid` char(36) COLLATE utf8_unicode_ci NOT NULL DEFAULT '0',
  PRIMARY KEY (`id`),
  KEY `craft_tags_groupId_fk` (`groupId`)
) ENGINE=InnoDB DEFAULT CHARSET=utf8 COLLATE=utf8_unicode_ci;

DROP TABLE IF EXISTS `craft_tasks`;


--
-- Schema for table `craft_tasks`
--
CREATE TABLE `craft_tasks` (
  `id` int(11) NOT NULL AUTO_INCREMENT,
  `root` int(11) unsigned DEFAULT NULL,
  `lft` int(11) unsigned NOT NULL,
  `rgt` int(11) unsigned NOT NULL,
  `level` smallint(6) unsigned NOT NULL,
  `currentStep` int(11) unsigned DEFAULT NULL,
  `totalSteps` int(11) unsigned DEFAULT NULL,
  `status` enum('pending','error','running') COLLATE utf8_unicode_ci DEFAULT NULL,
  `type` varchar(150) COLLATE utf8_unicode_ci NOT NULL,
  `description` varchar(255) COLLATE utf8_unicode_ci DEFAULT NULL,
  `settings` mediumtext COLLATE utf8_unicode_ci,
  `dateCreated` datetime NOT NULL,
  `dateUpdated` datetime NOT NULL,
  `uid` char(36) COLLATE utf8_unicode_ci NOT NULL DEFAULT '0',
  PRIMARY KEY (`id`),
  KEY `craft_tasks_root_idx` (`root`),
  KEY `craft_tasks_lft_idx` (`lft`),
  KEY `craft_tasks_rgt_idx` (`rgt`),
  KEY `craft_tasks_level_idx` (`level`)
) ENGINE=InnoDB AUTO_INCREMENT=7 DEFAULT CHARSET=utf8 COLLATE=utf8_unicode_ci;

DROP TABLE IF EXISTS `craft_templatecachecriteria`;


--
-- Schema for table `craft_templatecachecriteria`
--
CREATE TABLE `craft_templatecachecriteria` (
  `id` int(11) NOT NULL AUTO_INCREMENT,
  `cacheId` int(11) NOT NULL,
  `type` varchar(150) COLLATE utf8_unicode_ci NOT NULL,
  `criteria` text COLLATE utf8_unicode_ci NOT NULL,
  PRIMARY KEY (`id`),
  KEY `craft_templatecachecriteria_cacheId_fk` (`cacheId`),
  KEY `craft_templatecachecriteria_type_idx` (`type`)
) ENGINE=InnoDB AUTO_INCREMENT=791 DEFAULT CHARSET=utf8 COLLATE=utf8_unicode_ci;

DROP TABLE IF EXISTS `craft_templatecacheelements`;


--
-- Schema for table `craft_templatecacheelements`
--
CREATE TABLE `craft_templatecacheelements` (
  `cacheId` int(11) NOT NULL,
  `elementId` int(11) NOT NULL,
  KEY `craft_templatecacheelements_cacheId_fk` (`cacheId`),
  KEY `craft_templatecacheelements_elementId_fk` (`elementId`)
) ENGINE=InnoDB DEFAULT CHARSET=utf8 COLLATE=utf8_unicode_ci;

DROP TABLE IF EXISTS `craft_templatecaches`;


--
-- Schema for table `craft_templatecaches`
--
CREATE TABLE `craft_templatecaches` (
  `id` int(11) NOT NULL AUTO_INCREMENT,
  `cacheKey` varchar(255) COLLATE utf8_unicode_ci NOT NULL,
  `locale` char(12) COLLATE utf8_unicode_ci NOT NULL,
  `path` varchar(255) COLLATE utf8_unicode_ci DEFAULT NULL,
  `expiryDate` datetime NOT NULL,
  `body` mediumtext COLLATE utf8_unicode_ci NOT NULL,
  PRIMARY KEY (`id`),
  KEY `craft_templatecaches_expiryDate_cacheKey_locale_path_idx` (`expiryDate`,`cacheKey`,`locale`,`path`),
  KEY `craft_templatecaches_locale_fk` (`locale`)
) ENGINE=InnoDB AUTO_INCREMENT=1166 DEFAULT CHARSET=utf8 COLLATE=utf8_unicode_ci;

DROP TABLE IF EXISTS `craft_tokens`;


--
-- Schema for table `craft_tokens`
--
CREATE TABLE `craft_tokens` (
  `id` int(11) NOT NULL AUTO_INCREMENT,
  `token` char(32) COLLATE utf8_unicode_ci NOT NULL,
  `route` text COLLATE utf8_unicode_ci,
  `usageLimit` tinyint(3) unsigned DEFAULT NULL,
  `usageCount` tinyint(3) unsigned DEFAULT NULL,
  `expiryDate` datetime NOT NULL,
  `dateCreated` datetime NOT NULL,
  `dateUpdated` datetime NOT NULL,
  `uid` char(36) COLLATE utf8_unicode_ci NOT NULL DEFAULT '0',
  PRIMARY KEY (`id`),
  UNIQUE KEY `craft_tokens_token_unq_idx` (`token`),
  KEY `craft_tokens_expiryDate_idx` (`expiryDate`)
) ENGINE=InnoDB DEFAULT CHARSET=utf8 COLLATE=utf8_unicode_ci;

DROP TABLE IF EXISTS `craft_usergroups`;


--
-- Schema for table `craft_usergroups`
--
CREATE TABLE `craft_usergroups` (
  `id` int(11) NOT NULL AUTO_INCREMENT,
  `name` varchar(255) COLLATE utf8_unicode_ci NOT NULL,
  `handle` varchar(255) COLLATE utf8_unicode_ci NOT NULL,
  `dateCreated` datetime NOT NULL,
  `dateUpdated` datetime NOT NULL,
  `uid` char(36) COLLATE utf8_unicode_ci NOT NULL DEFAULT '0',
  PRIMARY KEY (`id`),
  UNIQUE KEY `craft_usergroups_name_unq_idx` (`name`),
  UNIQUE KEY `craft_usergroups_handle_unq_idx` (`handle`)
) ENGINE=InnoDB DEFAULT CHARSET=utf8 COLLATE=utf8_unicode_ci;

DROP TABLE IF EXISTS `craft_usergroups_users`;


--
-- Schema for table `craft_usergroups_users`
--
CREATE TABLE `craft_usergroups_users` (
  `id` int(11) NOT NULL AUTO_INCREMENT,
  `groupId` int(11) NOT NULL,
  `userId` int(11) NOT NULL,
  `dateCreated` datetime NOT NULL,
  `dateUpdated` datetime NOT NULL,
  `uid` char(36) COLLATE utf8_unicode_ci NOT NULL DEFAULT '0',
  PRIMARY KEY (`id`),
  UNIQUE KEY `craft_usergroups_users_groupId_userId_unq_idx` (`groupId`,`userId`),
  KEY `craft_usergroups_users_userId_fk` (`userId`)
) ENGINE=InnoDB DEFAULT CHARSET=utf8 COLLATE=utf8_unicode_ci;

DROP TABLE IF EXISTS `craft_userpermissions`;


--
-- Schema for table `craft_userpermissions`
--
CREATE TABLE `craft_userpermissions` (
  `id` int(11) NOT NULL AUTO_INCREMENT,
  `name` varchar(255) COLLATE utf8_unicode_ci NOT NULL,
  `dateCreated` datetime NOT NULL,
  `dateUpdated` datetime NOT NULL,
  `uid` char(36) COLLATE utf8_unicode_ci NOT NULL DEFAULT '0',
  PRIMARY KEY (`id`),
  UNIQUE KEY `craft_userpermissions_name_unq_idx` (`name`)
) ENGINE=InnoDB DEFAULT CHARSET=utf8 COLLATE=utf8_unicode_ci;

DROP TABLE IF EXISTS `craft_userpermissions_usergroups`;


--
-- Schema for table `craft_userpermissions_usergroups`
--
CREATE TABLE `craft_userpermissions_usergroups` (
  `id` int(11) NOT NULL AUTO_INCREMENT,
  `permissionId` int(11) NOT NULL,
  `groupId` int(11) NOT NULL,
  `dateCreated` datetime NOT NULL,
  `dateUpdated` datetime NOT NULL,
  `uid` char(36) COLLATE utf8_unicode_ci NOT NULL DEFAULT '0',
  PRIMARY KEY (`id`),
  UNIQUE KEY `craft_userpermissions_usergroups_permissionId_groupId_unq_idx` (`permissionId`,`groupId`),
  KEY `craft_userpermissions_usergroups_groupId_fk` (`groupId`)
) ENGINE=InnoDB DEFAULT CHARSET=utf8 COLLATE=utf8_unicode_ci;

DROP TABLE IF EXISTS `craft_userpermissions_users`;


--
-- Schema for table `craft_userpermissions_users`
--
CREATE TABLE `craft_userpermissions_users` (
  `id` int(11) NOT NULL AUTO_INCREMENT,
  `permissionId` int(11) NOT NULL,
  `userId` int(11) NOT NULL,
  `dateCreated` datetime NOT NULL,
  `dateUpdated` datetime NOT NULL,
  `uid` char(36) COLLATE utf8_unicode_ci NOT NULL DEFAULT '0',
  PRIMARY KEY (`id`),
  UNIQUE KEY `craft_userpermissions_users_permissionId_userId_unq_idx` (`permissionId`,`userId`),
  KEY `craft_userpermissions_users_userId_fk` (`userId`)
) ENGINE=InnoDB DEFAULT CHARSET=utf8 COLLATE=utf8_unicode_ci;

DROP TABLE IF EXISTS `craft_users`;


--
-- Schema for table `craft_users`
--
CREATE TABLE `craft_users` (
  `id` int(11) NOT NULL,
  `username` varchar(100) COLLATE utf8_unicode_ci NOT NULL,
  `photo` varchar(100) COLLATE utf8_unicode_ci DEFAULT NULL,
  `firstName` varchar(100) COLLATE utf8_unicode_ci DEFAULT NULL,
  `lastName` varchar(100) COLLATE utf8_unicode_ci DEFAULT NULL,
  `email` varchar(255) COLLATE utf8_unicode_ci NOT NULL,
  `password` char(255) COLLATE utf8_unicode_ci DEFAULT NULL,
  `preferredLocale` char(12) COLLATE utf8_unicode_ci DEFAULT NULL,
  `weekStartDay` tinyint(1) unsigned NOT NULL DEFAULT '0',
  `admin` tinyint(1) unsigned NOT NULL DEFAULT '0',
  `client` tinyint(1) unsigned NOT NULL DEFAULT '0',
  `locked` tinyint(1) unsigned NOT NULL DEFAULT '0',
  `suspended` tinyint(1) unsigned NOT NULL DEFAULT '0',
  `pending` tinyint(1) unsigned NOT NULL DEFAULT '0',
  `archived` tinyint(1) unsigned NOT NULL DEFAULT '0',
  `lastLoginDate` datetime DEFAULT NULL,
  `lastLoginAttemptIPAddress` varchar(45) COLLATE utf8_unicode_ci DEFAULT NULL,
  `invalidLoginWindowStart` datetime DEFAULT NULL,
  `invalidLoginCount` tinyint(4) unsigned DEFAULT NULL,
  `lastInvalidLoginDate` datetime DEFAULT NULL,
  `lockoutDate` datetime DEFAULT NULL,
  `verificationCode` char(100) COLLATE utf8_unicode_ci DEFAULT NULL,
  `verificationCodeIssuedDate` datetime DEFAULT NULL,
  `unverifiedEmail` varchar(255) COLLATE utf8_unicode_ci DEFAULT NULL,
  `passwordResetRequired` tinyint(1) unsigned NOT NULL DEFAULT '0',
  `lastPasswordChangeDate` datetime DEFAULT NULL,
  `dateCreated` datetime NOT NULL,
  `dateUpdated` datetime NOT NULL,
  `uid` char(36) COLLATE utf8_unicode_ci NOT NULL DEFAULT '0',
  PRIMARY KEY (`id`),
  UNIQUE KEY `craft_users_username_unq_idx` (`username`),
  UNIQUE KEY `craft_users_email_unq_idx` (`email`),
  KEY `craft_users_verificationCode_idx` (`verificationCode`),
  KEY `craft_users_uid_idx` (`uid`),
  KEY `craft_users_preferredLocale_fk` (`preferredLocale`)
) ENGINE=InnoDB DEFAULT CHARSET=utf8 COLLATE=utf8_unicode_ci;

--
-- Data for table `craft_users`
--

INSERT INTO `craft_users` (`id`, `username`, `photo`, `firstName`, `lastName`, `email`, `password`, `preferredLocale`, `weekStartDay`, `admin`, `client`, `locked`, `suspended`, `pending`, `archived`, `lastLoginDate`, `lastLoginAttemptIPAddress`, `invalidLoginWindowStart`, `invalidLoginCount`, `lastInvalidLoginDate`, `lockoutDate`, `verificationCode`, `verificationCodeIssuedDate`, `unverifiedEmail`, `passwordResetRequired`, `lastPasswordChangeDate`, `dateCreated`, `dateUpdated`, `uid`) VALUES
 ('1', 'admin', NULL, NULL, NULL, 'daituzhang@outlook.com', '$2y$13$Uj75tYIuqRPGjKOzrandpeNW.u1PeHPYynpNsupqlxMngIea66MHS', NULL, '0', '1', '0', '0', '0', '0', '0', '2018-01-25 04:12:22', '10.0.2.2', NULL, NULL, '2018-01-25 04:12:15', NULL, NULL, NULL, NULL, '0', '2017-11-17 06:35:15', '2017-11-17 06:35:15', '2018-01-25 04:12:22', 'fa7866eb-5a1b-4c08-ab35-95de694c431e');



DROP TABLE IF EXISTS `craft_venti_events`;


--
-- Schema for table `craft_venti_events`
--
CREATE TABLE `craft_venti_events` (
  `eid` int(11) NOT NULL AUTO_INCREMENT,
  `eventid` int(10) DEFAULT NULL,
  `startDate` datetime DEFAULT NULL,
  `endDate` datetime DEFAULT NULL,
  `allDay` int(10) DEFAULT NULL,
  `repeat` int(10) DEFAULT NULL,
  `rRule` varchar(255) COLLATE utf8_unicode_ci DEFAULT NULL,
  `summary` varchar(255) COLLATE utf8_unicode_ci DEFAULT NULL,
  `isrepeat` int(10) DEFAULT NULL,
  `locale` varchar(255) COLLATE utf8_unicode_ci DEFAULT NULL,
  `dateCreated` datetime NOT NULL,
  `dateUpdated` datetime NOT NULL,
  `uid` char(36) COLLATE utf8_unicode_ci NOT NULL DEFAULT '0',
  PRIMARY KEY (`eid`),
  UNIQUE KEY `craft_venti_events_eid_unq_idx` (`eid`),
  KEY `craft_venti_events_eventid_fk` (`eventid`)
) ENGINE=InnoDB DEFAULT CHARSET=utf8 COLLATE=utf8_unicode_ci;

DROP TABLE IF EXISTS `craft_widgets`;


--
-- Schema for table `craft_widgets`
--
CREATE TABLE `craft_widgets` (
  `id` int(11) NOT NULL AUTO_INCREMENT,
  `userId` int(11) NOT NULL,
  `type` varchar(150) COLLATE utf8_unicode_ci NOT NULL,
  `sortOrder` smallint(6) unsigned DEFAULT NULL,
  `colspan` tinyint(4) unsigned DEFAULT NULL,
  `settings` text COLLATE utf8_unicode_ci,
  `enabled` tinyint(1) unsigned NOT NULL DEFAULT '1',
  `dateCreated` datetime NOT NULL,
  `dateUpdated` datetime NOT NULL,
  `uid` char(36) COLLATE utf8_unicode_ci NOT NULL DEFAULT '0',
  PRIMARY KEY (`id`),
  KEY `craft_widgets_userId_fk` (`userId`)
) ENGINE=InnoDB AUTO_INCREMENT=5 DEFAULT CHARSET=utf8 COLLATE=utf8_unicode_ci;

--
-- Data for table `craft_widgets`
--

INSERT INTO `craft_widgets` (`id`, `userId`, `type`, `sortOrder`, `colspan`, `settings`, `enabled`, `dateCreated`, `dateUpdated`, `uid`) VALUES
 ('1', '1', 'RecentEntries', '1', NULL, NULL, '1', '2017-11-17 06:35:21', '2017-11-17 06:35:21', '84241de7-fb3c-46ec-a4e1-4f4c9417d258'),
 ('2', '1', 'GetHelp', '2', NULL, NULL, '1', '2017-11-17 06:35:21', '2017-11-17 06:35:21', '4c97985a-ea67-411b-abd1-9aae75ce21bd'),
 ('3', '1', 'Updates', '3', NULL, NULL, '1', '2017-11-17 06:35:21', '2017-11-17 06:35:21', '72a4f1a2-a3cf-46e5-8646-171e334383aa'),
 ('4', '1', 'Feed', '4', NULL, '{\"url\":\"https:\\/\\/craftcms.com\\/news.rss\",\"title\":\"Craft News\"}', '1', '2017-11-17 06:35:21', '2017-11-17 06:35:21', 'da33a7f3-ec78-4276-b155-a698218da75b');


--
-- Constraints for tables
--


--
-- Constraints for table `craft_assetfiles`
--
ALTER TABLE `craft_assetfiles`
	ADD CONSTRAINT `craft_assetfiles_folderId_fk` FOREIGN KEY (`folderId`) REFERENCES `craft_assetfolders` (`id`) ON DELETE CASCADE,
	ADD CONSTRAINT `craft_assetfiles_id_fk` FOREIGN KEY (`id`) REFERENCES `craft_elements` (`id`) ON DELETE CASCADE,
	ADD CONSTRAINT `craft_assetfiles_sourceId_fk` FOREIGN KEY (`sourceId`) REFERENCES `craft_assetsources` (`id`) ON DELETE CASCADE;

--
-- Constraints for table `craft_assetfolders`
--
ALTER TABLE `craft_assetfolders`
	ADD CONSTRAINT `craft_assetfolders_parentId_fk` FOREIGN KEY (`parentId`) REFERENCES `craft_assetfolders` (`id`) ON DELETE CASCADE,
	ADD CONSTRAINT `craft_assetfolders_sourceId_fk` FOREIGN KEY (`sourceId`) REFERENCES `craft_assetsources` (`id`) ON DELETE CASCADE;

--
-- Constraints for table `craft_assetindexdata`
--
ALTER TABLE `craft_assetindexdata`
	ADD CONSTRAINT `craft_assetindexdata_sourceId_fk` FOREIGN KEY (`sourceId`) REFERENCES `craft_assetsources` (`id`) ON DELETE CASCADE;

--
-- Constraints for table `craft_assetsources`
--
ALTER TABLE `craft_assetsources`
	ADD CONSTRAINT `craft_assetsources_fieldLayoutId_fk` FOREIGN KEY (`fieldLayoutId`) REFERENCES `craft_fieldlayouts` (`id`) ON DELETE SET NULL;

--
-- Constraints for table `craft_categories`
--
ALTER TABLE `craft_categories`
	ADD CONSTRAINT `craft_categories_groupId_fk` FOREIGN KEY (`groupId`) REFERENCES `craft_categorygroups` (`id`) ON DELETE CASCADE,
	ADD CONSTRAINT `craft_categories_id_fk` FOREIGN KEY (`id`) REFERENCES `craft_elements` (`id`) ON DELETE CASCADE;

--
-- Constraints for table `craft_categorygroups`
--
ALTER TABLE `craft_categorygroups`
	ADD CONSTRAINT `craft_categorygroups_fieldLayoutId_fk` FOREIGN KEY (`fieldLayoutId`) REFERENCES `craft_fieldlayouts` (`id`) ON DELETE SET NULL,
	ADD CONSTRAINT `craft_categorygroups_structureId_fk` FOREIGN KEY (`structureId`) REFERENCES `craft_structures` (`id`) ON DELETE CASCADE;

--
-- Constraints for table `craft_categorygroups_i18n`
--
ALTER TABLE `craft_categorygroups_i18n`
	ADD CONSTRAINT `craft_categorygroups_i18n_groupId_fk` FOREIGN KEY (`groupId`) REFERENCES `craft_categorygroups` (`id`) ON DELETE CASCADE,
	ADD CONSTRAINT `craft_categorygroups_i18n_locale_fk` FOREIGN KEY (`locale`) REFERENCES `craft_locales` (`locale`) ON DELETE CASCADE ON UPDATE CASCADE;

--
-- Constraints for table `craft_content`
--
ALTER TABLE `craft_content`
	ADD CONSTRAINT `craft_content_elementId_fk` FOREIGN KEY (`elementId`) REFERENCES `craft_elements` (`id`) ON DELETE CASCADE,
	ADD CONSTRAINT `craft_content_locale_fk` FOREIGN KEY (`locale`) REFERENCES `craft_locales` (`locale`) ON DELETE CASCADE ON UPDATE CASCADE;

--
-- Constraints for table `craft_elements_i18n`
--
ALTER TABLE `craft_elements_i18n`
	ADD CONSTRAINT `craft_elements_i18n_elementId_fk` FOREIGN KEY (`elementId`) REFERENCES `craft_elements` (`id`) ON DELETE CASCADE,
	ADD CONSTRAINT `craft_elements_i18n_locale_fk` FOREIGN KEY (`locale`) REFERENCES `craft_locales` (`locale`) ON DELETE CASCADE ON UPDATE CASCADE;

--
-- Constraints for table `craft_emailmessages`
--
ALTER TABLE `craft_emailmessages`
	ADD CONSTRAINT `craft_emailmessages_locale_fk` FOREIGN KEY (`locale`) REFERENCES `craft_locales` (`locale`) ON DELETE CASCADE ON UPDATE CASCADE;

--
-- Constraints for table `craft_entries`
--
ALTER TABLE `craft_entries`
	ADD CONSTRAINT `craft_entries_authorId_fk` FOREIGN KEY (`authorId`) REFERENCES `craft_users` (`id`) ON DELETE CASCADE,
	ADD CONSTRAINT `craft_entries_id_fk` FOREIGN KEY (`id`) REFERENCES `craft_elements` (`id`) ON DELETE CASCADE,
	ADD CONSTRAINT `craft_entries_sectionId_fk` FOREIGN KEY (`sectionId`) REFERENCES `craft_sections` (`id`) ON DELETE CASCADE,
	ADD CONSTRAINT `craft_entries_typeId_fk` FOREIGN KEY (`typeId`) REFERENCES `craft_entrytypes` (`id`) ON DELETE CASCADE;

--
-- Constraints for table `craft_entrydrafts`
--
ALTER TABLE `craft_entrydrafts`
	ADD CONSTRAINT `craft_entrydrafts_creatorId_fk` FOREIGN KEY (`creatorId`) REFERENCES `craft_users` (`id`) ON DELETE CASCADE,
	ADD CONSTRAINT `craft_entrydrafts_entryId_fk` FOREIGN KEY (`entryId`) REFERENCES `craft_entries` (`id`) ON DELETE CASCADE,
	ADD CONSTRAINT `craft_entrydrafts_locale_fk` FOREIGN KEY (`locale`) REFERENCES `craft_locales` (`locale`) ON DELETE CASCADE ON UPDATE CASCADE,
	ADD CONSTRAINT `craft_entrydrafts_sectionId_fk` FOREIGN KEY (`sectionId`) REFERENCES `craft_sections` (`id`) ON DELETE CASCADE;

--
-- Constraints for table `craft_entrytypes`
--
ALTER TABLE `craft_entrytypes`
	ADD CONSTRAINT `craft_entrytypes_fieldLayoutId_fk` FOREIGN KEY (`fieldLayoutId`) REFERENCES `craft_fieldlayouts` (`id`) ON DELETE SET NULL,
	ADD CONSTRAINT `craft_entrytypes_sectionId_fk` FOREIGN KEY (`sectionId`) REFERENCES `craft_sections` (`id`) ON DELETE CASCADE;

--
-- Constraints for table `craft_entryversions`
--
ALTER TABLE `craft_entryversions`
	ADD CONSTRAINT `craft_entryversions_creatorId_fk` FOREIGN KEY (`creatorId`) REFERENCES `craft_users` (`id`) ON DELETE SET NULL,
	ADD CONSTRAINT `craft_entryversions_entryId_fk` FOREIGN KEY (`entryId`) REFERENCES `craft_entries` (`id`) ON DELETE CASCADE,
	ADD CONSTRAINT `craft_entryversions_locale_fk` FOREIGN KEY (`locale`) REFERENCES `craft_locales` (`locale`) ON DELETE CASCADE ON UPDATE CASCADE,
	ADD CONSTRAINT `craft_entryversions_sectionId_fk` FOREIGN KEY (`sectionId`) REFERENCES `craft_sections` (`id`) ON DELETE CASCADE;

--
-- Constraints for table `craft_fieldlayoutfields`
--
ALTER TABLE `craft_fieldlayoutfields`
	ADD CONSTRAINT `craft_fieldlayoutfields_fieldId_fk` FOREIGN KEY (`fieldId`) REFERENCES `craft_fields` (`id`) ON DELETE CASCADE,
	ADD CONSTRAINT `craft_fieldlayoutfields_layoutId_fk` FOREIGN KEY (`layoutId`) REFERENCES `craft_fieldlayouts` (`id`) ON DELETE CASCADE,
	ADD CONSTRAINT `craft_fieldlayoutfields_tabId_fk` FOREIGN KEY (`tabId`) REFERENCES `craft_fieldlayouttabs` (`id`) ON DELETE CASCADE;

--
-- Constraints for table `craft_fieldlayouttabs`
--
ALTER TABLE `craft_fieldlayouttabs`
	ADD CONSTRAINT `craft_fieldlayouttabs_layoutId_fk` FOREIGN KEY (`layoutId`) REFERENCES `craft_fieldlayouts` (`id`) ON DELETE CASCADE;

--
-- Constraints for table `craft_fields`
--
ALTER TABLE `craft_fields`
	ADD CONSTRAINT `craft_fields_groupId_fk` FOREIGN KEY (`groupId`) REFERENCES `craft_fieldgroups` (`id`) ON DELETE CASCADE;

--
-- Constraints for table `craft_formbuilder_entries`
--
ALTER TABLE `craft_formbuilder_entries`
	ADD CONSTRAINT `craft_formbuilder_entries_formId_fk` FOREIGN KEY (`formId`) REFERENCES `craft_formbuilder_forms` (`id`) ON DELETE CASCADE,
	ADD CONSTRAINT `craft_formbuilder_entries_id_fk` FOREIGN KEY (`id`) REFERENCES `craft_elements` (`id`) ON DELETE CASCADE,
	ADD CONSTRAINT `craft_formbuilder_entries_statusId_fk` FOREIGN KEY (`statusId`) REFERENCES `craft_formbuilder_entrystatuses` (`id`) ON DELETE SET NULL;

--
-- Constraints for table `craft_formbuilder_fields`
--
ALTER TABLE `craft_formbuilder_fields`
	ADD CONSTRAINT `craft_formbuilder_fields_fieldId_fk` FOREIGN KEY (`fieldId`) REFERENCES `craft_fields` (`id`) ON DELETE CASCADE,
	ADD CONSTRAINT `craft_formbuilder_fields_fieldLayoutId_fk` FOREIGN KEY (`fieldLayoutId`) REFERENCES `craft_fieldlayouts` (`id`) ON DELETE CASCADE;

--
-- Constraints for table `craft_formbuilder_fieldsets`
--
ALTER TABLE `craft_formbuilder_fieldsets`
	ADD CONSTRAINT `craft_formbuilder_fieldsets_fieldLayoutId_fk` FOREIGN KEY (`fieldLayoutId`) REFERENCES `craft_fieldlayouts` (`id`) ON DELETE CASCADE,
	ADD CONSTRAINT `craft_formbuilder_fieldsets_tabId_fk` FOREIGN KEY (`tabId`) REFERENCES `craft_fieldlayouttabs` (`id`) ON DELETE CASCADE;

--
-- Constraints for table `craft_formbuilder_forms`
--
ALTER TABLE `craft_formbuilder_forms`
	ADD CONSTRAINT `craft_formbuilder_forms_fieldLayoutId_fk` FOREIGN KEY (`fieldLayoutId`) REFERENCES `craft_fieldlayouts` (`id`) ON DELETE SET NULL,
	ADD CONSTRAINT `craft_formbuilder_forms_groupId_fk` FOREIGN KEY (`groupId`) REFERENCES `craft_formbuilder_groups` (`id`) ON DELETE CASCADE,
	ADD CONSTRAINT `craft_formbuilder_forms_id_fk` FOREIGN KEY (`id`) REFERENCES `craft_elements` (`id`) ON DELETE CASCADE,
	ADD CONSTRAINT `craft_formbuilder_forms_statusId_fk` FOREIGN KEY (`statusId`) REFERENCES `craft_formbuilder_formstatuses` (`id`) ON DELETE SET NULL;

--
-- Constraints for table `craft_globalsets`
--
ALTER TABLE `craft_globalsets`
	ADD CONSTRAINT `craft_globalsets_fieldLayoutId_fk` FOREIGN KEY (`fieldLayoutId`) REFERENCES `craft_fieldlayouts` (`id`) ON DELETE SET NULL,
	ADD CONSTRAINT `craft_globalsets_id_fk` FOREIGN KEY (`id`) REFERENCES `craft_elements` (`id`) ON DELETE CASCADE;

--
-- Constraints for table `craft_matrixblocks`
--
ALTER TABLE `craft_matrixblocks`
	ADD CONSTRAINT `craft_matrixblocks_fieldId_fk` FOREIGN KEY (`fieldId`) REFERENCES `craft_fields` (`id`) ON DELETE CASCADE,
	ADD CONSTRAINT `craft_matrixblocks_id_fk` FOREIGN KEY (`id`) REFERENCES `craft_elements` (`id`) ON DELETE CASCADE,
	ADD CONSTRAINT `craft_matrixblocks_ownerId_fk` FOREIGN KEY (`ownerId`) REFERENCES `craft_elements` (`id`) ON DELETE CASCADE,
	ADD CONSTRAINT `craft_matrixblocks_ownerLocale_fk` FOREIGN KEY (`ownerLocale`) REFERENCES `craft_locales` (`locale`) ON DELETE CASCADE ON UPDATE CASCADE,
	ADD CONSTRAINT `craft_matrixblocks_typeId_fk` FOREIGN KEY (`typeId`) REFERENCES `craft_matrixblocktypes` (`id`) ON DELETE CASCADE;

--
-- Constraints for table `craft_matrixblocktypes`
--
ALTER TABLE `craft_matrixblocktypes`
	ADD CONSTRAINT `craft_matrixblocktypes_fieldId_fk` FOREIGN KEY (`fieldId`) REFERENCES `craft_fields` (`id`) ON DELETE CASCADE,
	ADD CONSTRAINT `craft_matrixblocktypes_fieldLayoutId_fk` FOREIGN KEY (`fieldLayoutId`) REFERENCES `craft_fieldlayouts` (`id`) ON DELETE SET NULL;

--
-- Constraints for table `craft_matrixcontent_press`
--
ALTER TABLE `craft_matrixcontent_press`
	ADD CONSTRAINT `craft_matrixcontent_press_elementId_fk` FOREIGN KEY (`elementId`) REFERENCES `craft_elements` (`id`) ON DELETE CASCADE,
	ADD CONSTRAINT `craft_matrixcontent_press_locale_fk` FOREIGN KEY (`locale`) REFERENCES `craft_locales` (`locale`) ON DELETE CASCADE ON UPDATE CASCADE;

--
-- Constraints for table `craft_matrixcontent_servicepages`
--
ALTER TABLE `craft_matrixcontent_servicepages`
	ADD CONSTRAINT `craft_matrixcontent_servicepages_elementId_fk` FOREIGN KEY (`elementId`) REFERENCES `craft_elements` (`id`) ON DELETE CASCADE,
	ADD CONSTRAINT `craft_matrixcontent_servicepages_locale_fk` FOREIGN KEY (`locale`) REFERENCES `craft_locales` (`locale`) ON DELETE CASCADE ON UPDATE CASCADE;

--
-- Constraints for table `craft_matrixcontent_slidesleftbottom`
--
ALTER TABLE `craft_matrixcontent_slidesleftbottom`
	ADD CONSTRAINT `craft_matrixcontent_slidesleftbottom_locale_fk` FOREIGN KEY (`locale`) REFERENCES `craft_locales` (`locale`) ON DELETE CASCADE ON UPDATE CASCADE,
	ADD CONSTRAINT `craft_matrixcontent_slidesleftbottom_elementId_fk` FOREIGN KEY (`elementId`) REFERENCES `craft_elements` (`id`) ON DELETE CASCADE;

--
-- Constraints for table `craft_matrixcontent_slidesleftup`
--
ALTER TABLE `craft_matrixcontent_slidesleftup`
	ADD CONSTRAINT `craft_matrixcontent_slidesleftup_locale_fk` FOREIGN KEY (`locale`) REFERENCES `craft_locales` (`locale`) ON DELETE CASCADE ON UPDATE CASCADE,
	ADD CONSTRAINT `craft_matrixcontent_slidesleftup_elementId_fk` FOREIGN KEY (`elementId`) REFERENCES `craft_elements` (`id`) ON DELETE CASCADE;

--
-- Constraints for table `craft_matrixcontent_slidesright`
--
ALTER TABLE `craft_matrixcontent_slidesright`
	ADD CONSTRAINT `craft_matrixcontent_slidesright_elementId_fk` FOREIGN KEY (`elementId`) REFERENCES `craft_elements` (`id`) ON DELETE CASCADE,
	ADD CONSTRAINT `craft_matrixcontent_slidesright_locale_fk` FOREIGN KEY (`locale`) REFERENCES `craft_locales` (`locale`) ON DELETE CASCADE ON UPDATE CASCADE;

--
-- Constraints for table `craft_migrations`
--
ALTER TABLE `craft_migrations`
	ADD CONSTRAINT `craft_migrations_pluginId_fk` FOREIGN KEY (`pluginId`) REFERENCES `craft_plugins` (`id`) ON DELETE CASCADE;

--
-- Constraints for table `craft_relations`
--
ALTER TABLE `craft_relations`
	ADD CONSTRAINT `craft_relations_fieldId_fk` FOREIGN KEY (`fieldId`) REFERENCES `craft_fields` (`id`) ON DELETE CASCADE,
	ADD CONSTRAINT `craft_relations_sourceId_fk` FOREIGN KEY (`sourceId`) REFERENCES `craft_elements` (`id`) ON DELETE CASCADE,
	ADD CONSTRAINT `craft_relations_sourceLocale_fk` FOREIGN KEY (`sourceLocale`) REFERENCES `craft_locales` (`locale`) ON DELETE CASCADE ON UPDATE CASCADE,
	ADD CONSTRAINT `craft_relations_targetId_fk` FOREIGN KEY (`targetId`) REFERENCES `craft_elements` (`id`) ON DELETE CASCADE;

--
-- Constraints for table `craft_routes`
--
ALTER TABLE `craft_routes`
	ADD CONSTRAINT `craft_routes_locale_fk` FOREIGN KEY (`locale`) REFERENCES `craft_locales` (`locale`) ON DELETE CASCADE ON UPDATE CASCADE;

--
-- Constraints for table `craft_sections`
--
ALTER TABLE `craft_sections`
	ADD CONSTRAINT `craft_sections_structureId_fk` FOREIGN KEY (`structureId`) REFERENCES `craft_structures` (`id`) ON DELETE SET NULL;

--
-- Constraints for table `craft_sections_i18n`
--
ALTER TABLE `craft_sections_i18n`
	ADD CONSTRAINT `craft_sections_i18n_locale_fk` FOREIGN KEY (`locale`) REFERENCES `craft_locales` (`locale`) ON DELETE CASCADE ON UPDATE CASCADE,
	ADD CONSTRAINT `craft_sections_i18n_sectionId_fk` FOREIGN KEY (`sectionId`) REFERENCES `craft_sections` (`id`) ON DELETE CASCADE;

--
-- Constraints for table `craft_sessions`
--
ALTER TABLE `craft_sessions`
	ADD CONSTRAINT `craft_sessions_userId_fk` FOREIGN KEY (`userId`) REFERENCES `craft_users` (`id`) ON DELETE CASCADE;

--
-- Constraints for table `craft_shunnedmessages`
--
ALTER TABLE `craft_shunnedmessages`
	ADD CONSTRAINT `craft_shunnedmessages_userId_fk` FOREIGN KEY (`userId`) REFERENCES `craft_users` (`id`) ON DELETE CASCADE;

--
-- Constraints for table `craft_structureelements`
--
ALTER TABLE `craft_structureelements`
	ADD CONSTRAINT `craft_structureelements_elementId_fk` FOREIGN KEY (`elementId`) REFERENCES `craft_elements` (`id`) ON DELETE CASCADE,
	ADD CONSTRAINT `craft_structureelements_structureId_fk` FOREIGN KEY (`structureId`) REFERENCES `craft_structures` (`id`) ON DELETE CASCADE;

--
-- Constraints for table `craft_taggroups`
--
ALTER TABLE `craft_taggroups`
	ADD CONSTRAINT `craft_taggroups_fieldLayoutId_fk` FOREIGN KEY (`fieldLayoutId`) REFERENCES `craft_fieldlayouts` (`id`) ON DELETE SET NULL;

--
-- Constraints for table `craft_tags`
--
ALTER TABLE `craft_tags`
	ADD CONSTRAINT `craft_tags_groupId_fk` FOREIGN KEY (`groupId`) REFERENCES `craft_taggroups` (`id`) ON DELETE CASCADE,
	ADD CONSTRAINT `craft_tags_id_fk` FOREIGN KEY (`id`) REFERENCES `craft_elements` (`id`) ON DELETE CASCADE;

--
-- Constraints for table `craft_templatecachecriteria`
--
ALTER TABLE `craft_templatecachecriteria`
	ADD CONSTRAINT `craft_templatecachecriteria_cacheId_fk` FOREIGN KEY (`cacheId`) REFERENCES `craft_templatecaches` (`id`) ON DELETE CASCADE;

--
-- Constraints for table `craft_templatecacheelements`
--
ALTER TABLE `craft_templatecacheelements`
	ADD CONSTRAINT `craft_templatecacheelements_cacheId_fk` FOREIGN KEY (`cacheId`) REFERENCES `craft_templatecaches` (`id`) ON DELETE CASCADE,
	ADD CONSTRAINT `craft_templatecacheelements_elementId_fk` FOREIGN KEY (`elementId`) REFERENCES `craft_elements` (`id`) ON DELETE CASCADE;

--
-- Constraints for table `craft_templatecaches`
--
ALTER TABLE `craft_templatecaches`
	ADD CONSTRAINT `craft_templatecaches_locale_fk` FOREIGN KEY (`locale`) REFERENCES `craft_locales` (`locale`) ON DELETE CASCADE ON UPDATE CASCADE;

--
-- Constraints for table `craft_usergroups_users`
--
ALTER TABLE `craft_usergroups_users`
	ADD CONSTRAINT `craft_usergroups_users_groupId_fk` FOREIGN KEY (`groupId`) REFERENCES `craft_usergroups` (`id`) ON DELETE CASCADE,
	ADD CONSTRAINT `craft_usergroups_users_userId_fk` FOREIGN KEY (`userId`) REFERENCES `craft_users` (`id`) ON DELETE CASCADE;

--
-- Constraints for table `craft_userpermissions_usergroups`
--
ALTER TABLE `craft_userpermissions_usergroups`
	ADD CONSTRAINT `craft_userpermissions_usergroups_groupId_fk` FOREIGN KEY (`groupId`) REFERENCES `craft_usergroups` (`id`) ON DELETE CASCADE,
	ADD CONSTRAINT `craft_userpermissions_usergroups_permissionId_fk` FOREIGN KEY (`permissionId`) REFERENCES `craft_userpermissions` (`id`) ON DELETE CASCADE;

--
-- Constraints for table `craft_userpermissions_users`
--
ALTER TABLE `craft_userpermissions_users`
	ADD CONSTRAINT `craft_userpermissions_users_permissionId_fk` FOREIGN KEY (`permissionId`) REFERENCES `craft_userpermissions` (`id`) ON DELETE CASCADE,
	ADD CONSTRAINT `craft_userpermissions_users_userId_fk` FOREIGN KEY (`userId`) REFERENCES `craft_users` (`id`) ON DELETE CASCADE;

--
-- Constraints for table `craft_users`
--
ALTER TABLE `craft_users`
	ADD CONSTRAINT `craft_users_id_fk` FOREIGN KEY (`id`) REFERENCES `craft_elements` (`id`) ON DELETE CASCADE,
	ADD CONSTRAINT `craft_users_preferredLocale_fk` FOREIGN KEY (`preferredLocale`) REFERENCES `craft_locales` (`locale`) ON DELETE SET NULL ON UPDATE CASCADE;

--
-- Constraints for table `craft_venti_events`
--
ALTER TABLE `craft_venti_events`
	ADD CONSTRAINT `craft_venti_events_eventid_fk` FOREIGN KEY (`eventid`) REFERENCES `craft_elements` (`id`) ON DELETE CASCADE;

--
-- Constraints for table `craft_widgets`
--
ALTER TABLE `craft_widgets`
	ADD CONSTRAINT `craft_widgets_userId_fk` FOREIGN KEY (`userId`) REFERENCES `craft_users` (`id`) ON DELETE CASCADE;

SET FOREIGN_KEY_CHECKS = 1;
