-- Generated by Craft v2.6.2997 on Dec 17, 2017, 4:05:53 PM.

--
-- Disable foreign key checks and autocommit.
--

SET FOREIGN_KEY_CHECKS = 0;
SET SQL_MODE = "NO_AUTO_VALUE_ON_ZERO";
SET AUTOCOMMIT = 0;
SET NAMES utf8;


DROP TABLE IF EXISTS `craft_assetfiles`;


--
-- Schema for table `craft_assetfiles`
--
CREATE TABLE `craft_assetfiles` (
  `id` int(11) NOT NULL,
  `sourceId` int(11) DEFAULT NULL,
  `folderId` int(11) NOT NULL,
  `filename` varchar(255) COLLATE utf8_unicode_ci NOT NULL,
  `kind` varchar(50) COLLATE utf8_unicode_ci NOT NULL DEFAULT 'unknown',
  `width` int(11) unsigned DEFAULT NULL,
  `height` int(11) unsigned DEFAULT NULL,
  `size` bigint(20) unsigned DEFAULT NULL,
  `dateModified` datetime DEFAULT NULL,
  `dateCreated` datetime NOT NULL,
  `dateUpdated` datetime NOT NULL,
  `uid` char(36) COLLATE utf8_unicode_ci NOT NULL DEFAULT '0',
  PRIMARY KEY (`id`),
  UNIQUE KEY `craft_assetfiles_filename_folderId_unq_idx` (`filename`,`folderId`),
  KEY `craft_assetfiles_sourceId_fk` (`sourceId`),
  KEY `craft_assetfiles_folderId_fk` (`folderId`)
) ENGINE=InnoDB DEFAULT CHARSET=utf8 COLLATE=utf8_unicode_ci;

--
-- Data for table `craft_assetfiles`
--

INSERT INTO `craft_assetfiles` (`id`, `sourceId`, `folderId`, `filename`, `kind`, `width`, `height`, `size`, `dateModified`, `dateCreated`, `dateUpdated`, `uid`) VALUES
 ('4', '1', '1', 'bbr_hero.jpg', 'image', '1500', '858', '227154', '2017-11-17 07:59:01', '2017-11-17 07:59:01', '2017-11-17 07:59:01', 'f01315ec-38c2-4568-80b7-e2e4ff9f6941'),
 ('5', '1', '1', 'robbie_circle.png', 'image', '354', '354', '102925', '2017-11-17 08:02:07', '2017-11-17 08:02:07', '2017-11-17 08:02:07', '43cd23e0-ebe7-4901-b2a2-8740f6a9406b'),
 ('18', '1', '1', 'logo.svg', 'image', '157', '53', '351', '2017-12-09 14:36:38', '2017-12-04 13:06:57', '2017-12-09 14:18:24', '713ff7b2-5b04-4c50-b525-1c770eee9618'),
 ('45', '1', '1', 'bbr_hero_mobile@2x.jpg', 'image', '750', '1210', '177271', '2017-12-09 14:45:58', '2017-12-09 14:27:44', '2017-12-09 14:27:44', 'c0c34a81-5c9f-43e1-a98d-f1aca47b9cf0'),
 ('46', '1', '1', 'testimonial_mobile@2x.jpg', 'image', '750', '1094', '199374', '2017-12-09 14:45:59', '2017-12-09 14:27:45', '2017-12-09 14:27:45', '359df1f0-2f46-4a0f-be5a-6112c6d3e546'),
 ('47', '1', '1', 'testimonial@2x.jpg', 'image', '3000', '856', '631306', '2017-12-09 14:46:00', '2017-12-09 14:27:46', '2017-12-09 14:27:46', '2c0d8299-9765-47bc-898c-e4d880f16c14'),
 ('48', '1', '1', 'logo.png', 'image', '157', '53', '3783', '2017-12-09 14:50:25', '2017-12-09 14:32:10', '2017-12-09 14:32:10', '2d912dfb-937d-4feb-836a-5fa2247e6278');



DROP TABLE IF EXISTS `craft_assetfolders`;


--
-- Schema for table `craft_assetfolders`
--
CREATE TABLE `craft_assetfolders` (
  `id` int(11) NOT NULL AUTO_INCREMENT,
  `parentId` int(11) DEFAULT NULL,
  `sourceId` int(11) DEFAULT NULL,
  `name` varchar(255) COLLATE utf8_unicode_ci NOT NULL,
  `path` varchar(255) COLLATE utf8_unicode_ci DEFAULT NULL,
  `dateCreated` datetime NOT NULL,
  `dateUpdated` datetime NOT NULL,
  `uid` char(36) COLLATE utf8_unicode_ci NOT NULL DEFAULT '0',
  PRIMARY KEY (`id`),
  UNIQUE KEY `craft_assetfolders_name_parentId_sourceId_unq_idx` (`name`,`parentId`,`sourceId`),
  KEY `craft_assetfolders_parentId_fk` (`parentId`),
  KEY `craft_assetfolders_sourceId_fk` (`sourceId`)
) ENGINE=InnoDB AUTO_INCREMENT=2 DEFAULT CHARSET=utf8 COLLATE=utf8_unicode_ci;

--
-- Data for table `craft_assetfolders`
--

INSERT INTO `craft_assetfolders` (`id`, `parentId`, `sourceId`, `name`, `path`, `dateCreated`, `dateUpdated`, `uid`) VALUES
 ('1', NULL, '1', 'Images', '', '2017-11-17 07:02:06', '2017-11-17 07:02:06', 'f4978ce1-4317-4a22-80d1-72a63f675efc');



DROP TABLE IF EXISTS `craft_assetindexdata`;


--
-- Schema for table `craft_assetindexdata`
--
CREATE TABLE `craft_assetindexdata` (
  `id` int(11) NOT NULL AUTO_INCREMENT,
  `sessionId` varchar(36) COLLATE utf8_unicode_ci NOT NULL DEFAULT '',
  `sourceId` int(10) NOT NULL,
  `offset` int(10) NOT NULL,
  `uri` varchar(255) COLLATE utf8_unicode_ci DEFAULT NULL,
  `size` varchar(255) COLLATE utf8_unicode_ci DEFAULT NULL,
  `recordId` int(10) DEFAULT NULL,
  `dateCreated` datetime NOT NULL,
  `dateUpdated` datetime NOT NULL,
  `uid` char(36) COLLATE utf8_unicode_ci NOT NULL DEFAULT '0',
  PRIMARY KEY (`id`),
  UNIQUE KEY `craft_assetindexdata_sessionId_sourceId_offset_unq_idx` (`sessionId`,`sourceId`,`offset`),
  KEY `craft_assetindexdata_sourceId_fk` (`sourceId`)
) ENGINE=InnoDB DEFAULT CHARSET=utf8 COLLATE=utf8_unicode_ci;

DROP TABLE IF EXISTS `craft_assetsources`;


--
-- Schema for table `craft_assetsources`
--
CREATE TABLE `craft_assetsources` (
  `id` int(11) NOT NULL AUTO_INCREMENT,
  `name` varchar(255) COLLATE utf8_unicode_ci NOT NULL,
  `handle` varchar(255) COLLATE utf8_unicode_ci NOT NULL,
  `type` varchar(150) COLLATE utf8_unicode_ci NOT NULL,
  `settings` text COLLATE utf8_unicode_ci,
  `sortOrder` smallint(6) unsigned DEFAULT NULL,
  `fieldLayoutId` int(10) DEFAULT NULL,
  `dateCreated` datetime NOT NULL,
  `dateUpdated` datetime NOT NULL,
  `uid` char(36) COLLATE utf8_unicode_ci NOT NULL DEFAULT '0',
  PRIMARY KEY (`id`),
  UNIQUE KEY `craft_assetsources_name_unq_idx` (`name`),
  UNIQUE KEY `craft_assetsources_handle_unq_idx` (`handle`),
  KEY `craft_assetsources_fieldLayoutId_fk` (`fieldLayoutId`)
) ENGINE=InnoDB AUTO_INCREMENT=2 DEFAULT CHARSET=utf8 COLLATE=utf8_unicode_ci;

--
-- Data for table `craft_assetsources`
--

INSERT INTO `craft_assetsources` (`id`, `name`, `handle`, `type`, `settings`, `sortOrder`, `fieldLayoutId`, `dateCreated`, `dateUpdated`, `uid`) VALUES
 ('1', 'Images', 'images', 'Local', '{\"path\":\"{fileSystemPath}uploads\\/images\\/\",\"publicURLs\":\"1\",\"url\":\"\\/uploads\\/images\\/\"}', '1', '6', '2017-11-17 07:02:06', '2017-11-17 07:02:06', '6692a010-d191-4c32-b6b6-d0da71dbaaf7');



DROP TABLE IF EXISTS `craft_assettransformindex`;


--
-- Schema for table `craft_assettransformindex`
--
CREATE TABLE `craft_assettransformindex` (
  `id` int(11) NOT NULL AUTO_INCREMENT,
  `fileId` int(11) NOT NULL,
  `filename` varchar(255) COLLATE utf8_unicode_ci DEFAULT NULL,
  `format` varchar(255) COLLATE utf8_unicode_ci DEFAULT NULL,
  `location` varchar(255) COLLATE utf8_unicode_ci NOT NULL,
  `sourceId` int(11) DEFAULT NULL,
  `fileExists` tinyint(1) DEFAULT NULL,
  `inProgress` tinyint(1) DEFAULT NULL,
  `dateIndexed` datetime DEFAULT NULL,
  `dateCreated` datetime NOT NULL,
  `dateUpdated` datetime NOT NULL,
  `uid` char(36) COLLATE utf8_unicode_ci NOT NULL DEFAULT '0',
  PRIMARY KEY (`id`),
  KEY `craft_assettransformindex_sourceId_fileId_location_idx` (`sourceId`,`fileId`,`location`)
) ENGINE=InnoDB DEFAULT CHARSET=utf8 COLLATE=utf8_unicode_ci;

DROP TABLE IF EXISTS `craft_assettransforms`;


--
-- Schema for table `craft_assettransforms`
--
CREATE TABLE `craft_assettransforms` (
  `id` int(11) NOT NULL AUTO_INCREMENT,
  `name` varchar(255) COLLATE utf8_unicode_ci NOT NULL,
  `handle` varchar(255) COLLATE utf8_unicode_ci NOT NULL,
  `mode` enum('stretch','fit','crop') COLLATE utf8_unicode_ci NOT NULL DEFAULT 'crop',
  `position` enum('top-left','top-center','top-right','center-left','center-center','center-right','bottom-left','bottom-center','bottom-right') COLLATE utf8_unicode_ci NOT NULL DEFAULT 'center-center',
  `height` int(10) DEFAULT NULL,
  `width` int(10) DEFAULT NULL,
  `format` varchar(255) COLLATE utf8_unicode_ci DEFAULT NULL,
  `quality` int(10) DEFAULT NULL,
  `dimensionChangeTime` datetime DEFAULT NULL,
  `dateCreated` datetime NOT NULL,
  `dateUpdated` datetime NOT NULL,
  `uid` char(36) COLLATE utf8_unicode_ci NOT NULL DEFAULT '0',
  PRIMARY KEY (`id`),
  UNIQUE KEY `craft_assettransforms_name_unq_idx` (`name`),
  UNIQUE KEY `craft_assettransforms_handle_unq_idx` (`handle`)
) ENGINE=InnoDB DEFAULT CHARSET=utf8 COLLATE=utf8_unicode_ci;

DROP TABLE IF EXISTS `craft_categories`;


--
-- Schema for table `craft_categories`
--
CREATE TABLE `craft_categories` (
  `id` int(11) NOT NULL,
  `groupId` int(11) NOT NULL,
  `dateCreated` datetime NOT NULL,
  `dateUpdated` datetime NOT NULL,
  `uid` char(36) COLLATE utf8_unicode_ci NOT NULL DEFAULT '0',
  PRIMARY KEY (`id`),
  KEY `craft_categories_groupId_fk` (`groupId`)
) ENGINE=InnoDB DEFAULT CHARSET=utf8 COLLATE=utf8_unicode_ci;

DROP TABLE IF EXISTS `craft_categorygroups`;


--
-- Schema for table `craft_categorygroups`
--
CREATE TABLE `craft_categorygroups` (
  `id` int(11) NOT NULL AUTO_INCREMENT,
  `structureId` int(11) NOT NULL,
  `fieldLayoutId` int(11) DEFAULT NULL,
  `name` varchar(255) COLLATE utf8_unicode_ci NOT NULL,
  `handle` varchar(255) COLLATE utf8_unicode_ci NOT NULL,
  `hasUrls` tinyint(1) unsigned NOT NULL DEFAULT '1',
  `template` varchar(500) COLLATE utf8_unicode_ci DEFAULT NULL,
  `dateCreated` datetime NOT NULL,
  `dateUpdated` datetime NOT NULL,
  `uid` char(36) COLLATE utf8_unicode_ci NOT NULL DEFAULT '0',
  PRIMARY KEY (`id`),
  UNIQUE KEY `craft_categorygroups_name_unq_idx` (`name`),
  UNIQUE KEY `craft_categorygroups_handle_unq_idx` (`handle`),
  KEY `craft_categorygroups_structureId_fk` (`structureId`),
  KEY `craft_categorygroups_fieldLayoutId_fk` (`fieldLayoutId`)
) ENGINE=InnoDB DEFAULT CHARSET=utf8 COLLATE=utf8_unicode_ci;

DROP TABLE IF EXISTS `craft_categorygroups_i18n`;


--
-- Schema for table `craft_categorygroups_i18n`
--
CREATE TABLE `craft_categorygroups_i18n` (
  `id` int(11) NOT NULL AUTO_INCREMENT,
  `groupId` int(11) NOT NULL,
  `locale` char(12) COLLATE utf8_unicode_ci NOT NULL,
  `urlFormat` text COLLATE utf8_unicode_ci,
  `nestedUrlFormat` text COLLATE utf8_unicode_ci,
  `dateCreated` datetime NOT NULL,
  `dateUpdated` datetime NOT NULL,
  `uid` char(36) COLLATE utf8_unicode_ci NOT NULL DEFAULT '0',
  PRIMARY KEY (`id`),
  UNIQUE KEY `craft_categorygroups_i18n_groupId_locale_unq_idx` (`groupId`,`locale`),
  KEY `craft_categorygroups_i18n_locale_fk` (`locale`)
) ENGINE=InnoDB DEFAULT CHARSET=utf8 COLLATE=utf8_unicode_ci;

DROP TABLE IF EXISTS `craft_content`;


--
-- Schema for table `craft_content`
--
CREATE TABLE `craft_content` (
  `id` int(11) NOT NULL AUTO_INCREMENT,
  `elementId` int(11) NOT NULL,
  `locale` char(12) COLLATE utf8_unicode_ci NOT NULL,
  `title` varchar(255) COLLATE utf8_unicode_ci DEFAULT NULL,
  `field_body` text COLLATE utf8_unicode_ci,
  `field_titleText` text COLLATE utf8_unicode_ci,
  `field_titleRich` text COLLATE utf8_unicode_ci,
  `field_text` text COLLATE utf8_unicode_ci,
  `field_heroTitle` text COLLATE utf8_unicode_ci,
  `field_heroButtonText` text COLLATE utf8_unicode_ci,
  `field_heroButtonLink` text COLLATE utf8_unicode_ci,
  `field_aboutTitle` text COLLATE utf8_unicode_ci,
  `field_aboutName` text COLLATE utf8_unicode_ci,
  `field_aboutQuote` text COLLATE utf8_unicode_ci,
  `field_aboutQuoteFrom` text COLLATE utf8_unicode_ci,
  `field_aboutBody` text COLLATE utf8_unicode_ci,
  `field_textAuthor` text COLLATE utf8_unicode_ci,
  `field_linkText` text COLLATE utf8_unicode_ci,
  `field_linkAddress` text COLLATE utf8_unicode_ci,
  `field_servicesTitle` text COLLATE utf8_unicode_ci,
  `field_servicesBody` text COLLATE utf8_unicode_ci,
  `field_training` text COLLATE utf8_unicode_ci,
  `field_metaTitle` text COLLATE utf8_unicode_ci,
  `field_metaDescription` text COLLATE utf8_unicode_ci,
  `field_facebook` text COLLATE utf8_unicode_ci,
  `field_instagram` text COLLATE utf8_unicode_ci,
  `field_twitter` text COLLATE utf8_unicode_ci,
  `field_pinterest` text COLLATE utf8_unicode_ci,
  `field_testimonialstitle` text COLLATE utf8_unicode_ci,
  `field_contactName` text COLLATE utf8_unicode_ci,
  `field_contactEmail` text COLLATE utf8_unicode_ci,
  `field_contactPhone` text COLLATE utf8_unicode_ci,
  `field_contactMessage` text COLLATE utf8_unicode_ci,
  `field_location` text COLLATE utf8_unicode_ci,
  `field_tel` text COLLATE utf8_unicode_ci,
  `field_email` text COLLATE utf8_unicode_ci,
  `dateCreated` datetime NOT NULL,
  `dateUpdated` datetime NOT NULL,
  `uid` char(36) COLLATE utf8_unicode_ci NOT NULL DEFAULT '0',
  PRIMARY KEY (`id`),
  UNIQUE KEY `craft_content_elementId_locale_unq_idx` (`elementId`,`locale`),
  KEY `craft_content_title_idx` (`title`),
  KEY `craft_content_locale_fk` (`locale`)
) ENGINE=InnoDB AUTO_INCREMENT=50 DEFAULT CHARSET=utf8 COLLATE=utf8_unicode_ci;

--
-- Data for table `craft_content`
--

INSERT INTO `craft_content` (`id`, `elementId`, `locale`, `title`, `field_body`, `field_titleText`, `field_titleRich`, `field_text`, `field_heroTitle`, `field_heroButtonText`, `field_heroButtonLink`, `field_aboutTitle`, `field_aboutName`, `field_aboutQuote`, `field_aboutQuoteFrom`, `field_aboutBody`, `field_textAuthor`, `field_linkText`, `field_linkAddress`, `field_servicesTitle`, `field_servicesBody`, `field_training`, `field_metaTitle`, `field_metaDescription`, `field_facebook`, `field_instagram`, `field_twitter`, `field_pinterest`, `field_testimonialstitle`, `field_contactName`, `field_contactEmail`, `field_contactPhone`, `field_contactMessage`, `field_location`, `field_tel`, `field_email`, `dateCreated`, `dateUpdated`, `uid`) VALUES
 ('1', '1', 'en_us', NULL, NULL, NULL, NULL, NULL, NULL, NULL, NULL, NULL, NULL, NULL, NULL, NULL, NULL, NULL, NULL, NULL, NULL, NULL, NULL, NULL, NULL, NULL, NULL, NULL, NULL, NULL, NULL, NULL, NULL, NULL, NULL, NULL, '2017-11-17 06:35:15', '2017-11-17 06:35:15', 'd6ba7a5b-f54f-401e-9625-fa8821a8909e'),
 ('2', '2', 'en_us', 'Homepage', '<p>It’s true, this site doesn’t have a whole lot of content yet, but don’t worry. Our web developers have just installed the CMS, and they’re setting things up for the content editors this very moment. Soon Localhost will be an oasis of fresh perspectives, sharp analyses, and astute opinions that will keep you coming back again and again.</p>', NULL, NULL, NULL, 'It’s time to turn doubt into drive.', 'View Workouts', '', 'About', 'Robbie Birdwell', '“As Iron Sharpens Iron, So One Man Sharpens Another.”', 'Proverbs 27:17', '<h5>For Robbie Birdwell, fitness is more than a passion—it’s a lifestyle. He’s personally experienced the power of physical conditioning to provide mental, spiritual, and bodily healing. </h5>\n<p>Having a diverse background in health and fitness, Robbie specializes in injury prevention, rehabilitation, and functional training. His expertise in correcting mobility issues and faulty movement patterns has helped clients of all types, from injury-plagued couch potatoes to Division 1 college athletes.</p>\n<p>As a certified athletic trainer (through the National Board of Certification for Athletic Training), Robbie earned his bachelor’s degree in athletic training and sports medicine from Baylor University. He went on to receive a master’s degree in kinesiology from the University of North Texas. He worked with several notable athletes throughout his collegiate career including track stars, Jeremy Wariner, Darold Williamson, and Stephen White as well as then up-and-coming NFL players, Robert Griffin III (RG3), Jason Smith, Lance Dunbar, and Zachary Orr.</p>\n<p>Robbie also knows firsthand what it takes to prepare and compete. He played professional arena football in the Indoor Football League (IFL) for two years and competed as a bodybuilder within the physique division for the Better Bodies Championship. </p>\n<p>Robbie’s extensive education and experience have prepared him to offer quality service and care. His goal-oriented approach and customized, research-based workout programs empower clients to be accountable, stay motivated, and have fun!</p>\n<p>When Robbie is not at the gym, he enjoys riding his motorcycle, playing the guitar, and watching football (no surprise!).</p>', NULL, NULL, NULL, 'Services', '<h5>Working out, eating healthy, and losing weight does not have to be a chore. </h5>\n<p>It should be an energizing, enjoyable, and empowering experience that you look forward to every day. Together, we will overcome your obstacles, push your boundaries and have a ton of fun, making your fitness dreams a reality.</p>', NULL, NULL, NULL, NULL, NULL, NULL, NULL, 'What my clients are saying...', NULL, NULL, NULL, NULL, '5555 E. Mockingbird Lane S-200\r\nDallas, Texas 75206', '254.214.2618', 'bodybyrobbie@gmail.com', '2017-11-17 06:35:17', '2017-12-13 13:03:26', '2aba6aaf-0d2e-4446-8c00-ee14abed3d05'),
 ('3', '3', 'en_us', 'We just installed Craft!', '<p>Craft is the CMS that’s powering Localhost. It’s beautiful, powerful, flexible, and easy-to-use, and it’s made by Pixel &amp; Tonic. We can’t wait to dive in and see what it’s capable of!</p><!--pagebreak--><p>This is even more captivating content, which you couldn’t see on the News index page because it was entered after a Page Break, and the News index template only likes to show the content on the first page.</p><p>Craft: a nice alternative to Word, if you’re making a website.</p>', NULL, NULL, NULL, NULL, NULL, NULL, NULL, NULL, NULL, NULL, NULL, NULL, NULL, NULL, NULL, NULL, NULL, NULL, NULL, NULL, NULL, NULL, NULL, NULL, NULL, NULL, NULL, NULL, NULL, NULL, NULL, '2017-11-17 06:35:17', '2017-11-17 06:35:17', 'dcace178-b56a-45d8-b454-f05801c73385'),
 ('4', '4', 'en_us', 'Bbr Hero', NULL, NULL, NULL, NULL, NULL, NULL, NULL, NULL, NULL, NULL, NULL, NULL, NULL, NULL, NULL, NULL, NULL, NULL, NULL, NULL, NULL, NULL, NULL, NULL, NULL, NULL, NULL, NULL, NULL, NULL, NULL, NULL, '2017-11-17 07:59:01', '2017-11-17 07:59:01', 'bbca6f16-8363-4983-a258-cfdb84c3d465'),
 ('5', '5', 'en_us', 'Robbie Circle', NULL, NULL, NULL, NULL, NULL, NULL, NULL, NULL, NULL, NULL, NULL, NULL, NULL, NULL, NULL, NULL, NULL, NULL, NULL, NULL, NULL, NULL, NULL, NULL, NULL, NULL, NULL, NULL, NULL, NULL, NULL, NULL, '2017-11-17 08:02:07', '2017-11-17 08:02:07', 'b7669c9d-06af-4fd9-b21b-0aea73bf5e7c'),
 ('6', '6', 'en_us', NULL, NULL, NULL, NULL, NULL, NULL, NULL, NULL, NULL, NULL, NULL, NULL, NULL, NULL, NULL, NULL, NULL, NULL, NULL, NULL, NULL, '', '', '', '', NULL, NULL, NULL, NULL, NULL, NULL, NULL, NULL, '2017-12-03 06:22:01', '2017-12-09 14:32:16', '964a3432-0545-4d45-afb2-67e3248ce727'),
 ('7', '7', 'en_us', NULL, NULL, NULL, NULL, NULL, NULL, NULL, NULL, NULL, NULL, NULL, NULL, NULL, NULL, NULL, NULL, NULL, NULL, NULL, NULL, NULL, NULL, NULL, NULL, NULL, NULL, NULL, NULL, NULL, NULL, NULL, NULL, NULL, '2017-12-03 06:38:13', '2017-12-03 06:38:13', 'ccea4637-2f77-4b9f-9728-4e5e61b911b9'),
 ('8', '8', 'en_us', 'What my clients are saying...', NULL, NULL, NULL, '“Robbie challenges me in ways better than any gym I have ever belonged to. He is friendly, professional and so much fun to be around. I tell whoever will listen—Robbie’s your guy.”', NULL, NULL, NULL, NULL, NULL, NULL, NULL, NULL, 'Jennifer S.', NULL, NULL, NULL, NULL, NULL, NULL, NULL, NULL, NULL, NULL, NULL, NULL, NULL, NULL, NULL, NULL, NULL, NULL, NULL, '2017-12-03 13:56:07', '2017-12-03 13:56:07', '3470b6b8-91f6-4330-8192-c0e9f561ab6b'),
 ('9', '9', 'en_us', 'Nutrition Coaching', '<p>Education is key when it comes to proper nutrition. That’s why I offer a separate service devoted to meal planning. Your dietary restrictions and workout goals should work together. Learn specific techniques to make meal prepping easier. Discover how to enjoy “cheat days” and still reach your fitness goals. Meal prepping and delivery are available through our partner, Prepped and Ready Meal Prep.</p>', NULL, NULL, NULL, NULL, NULL, NULL, NULL, NULL, NULL, NULL, NULL, NULL, NULL, '', NULL, NULL, NULL, NULL, NULL, NULL, NULL, NULL, NULL, NULL, NULL, NULL, NULL, NULL, NULL, NULL, NULL, '2017-12-03 14:02:54', '2017-12-03 14:02:54', '244c059a-e452-4ac8-8401-22c0f5a94cd8'),
 ('10', '10', 'en_us', '​Personal training', '<p>Intimidated by large groups? My personal training program is a great option for those who desire one-on-one attention. Together, we’ll assess your current state and establish realistic goals by completing a fitness and nutrition assessment. Using this data, I’ll develop a customized, guided workout program and nutrition plan. (Meal prepping and delivery available upon request.)</p>', NULL, NULL, NULL, NULL, NULL, NULL, NULL, NULL, NULL, NULL, NULL, NULL, NULL, '', NULL, NULL, NULL, NULL, NULL, NULL, NULL, NULL, NULL, NULL, NULL, NULL, NULL, NULL, NULL, NULL, NULL, '2017-12-03 14:03:19', '2017-12-03 14:03:19', '1813c6af-92ae-471e-84dd-ef9c739a613d'),
 ('11', '11', 'en_us', 'Small Group Training', '<p>Thrive in small groups? Grab a group of 2-5 friends, relatives, or colleagues, and share the cost! We’ll use the fitness and nutrition assessment to create individual goals as well as to develop customized, guided workout programs and nutrition plans. You’ll still enjoy the benefit of personalized attention but in a slightly more social environment. (Meal prepping and delivery available upon request.)</p>', NULL, NULL, NULL, NULL, NULL, NULL, NULL, NULL, NULL, NULL, NULL, NULL, NULL, '', NULL, NULL, NULL, NULL, NULL, NULL, NULL, NULL, NULL, NULL, NULL, NULL, NULL, NULL, NULL, NULL, NULL, '2017-12-03 14:03:48', '2017-12-03 14:03:48', 'c5843896-335e-404a-8005-8f932fa3bd4e'),
 ('12', '12', 'en_us', '​online training', '<p>Adapt your fitness program to your lifestyle with online training. If you travel often for work or prefer the comfort of your own home, I provide a customized experience, suitable for any setting, via the app, Trainerize. View your workouts, track your meals, send me messages, and more—access everything you need on your mobile device or desktop. (Meal prepping and delivery available upon request.)</p>', NULL, NULL, NULL, NULL, NULL, NULL, NULL, NULL, NULL, NULL, NULL, NULL, NULL, '', NULL, NULL, NULL, NULL, NULL, NULL, NULL, NULL, NULL, NULL, NULL, NULL, NULL, NULL, NULL, NULL, NULL, '2017-12-03 14:04:07', '2017-12-03 14:04:07', 'c1f57db7-a951-4836-838c-b415f22e4ccb'),
 ('13', '13', 'en_us', '​bridal boot camps', '<p>Got the perfect dress, now need to fit into it? You’re not alone. Our bridal boot camps provide the perfect environment to whip your body into shape and de-stress at the same time. Bring your bridesmaids along—discounts are available for groups, so the more the merrier. Join now and get ready for the big day!</p>', NULL, NULL, NULL, NULL, NULL, NULL, NULL, NULL, NULL, NULL, NULL, NULL, NULL, '', NULL, NULL, NULL, NULL, NULL, NULL, NULL, NULL, NULL, NULL, NULL, NULL, NULL, NULL, NULL, NULL, NULL, '2017-12-03 14:04:27', '2017-12-03 14:04:27', '67bb16c7-f596-4913-a69d-7211b6c6b330'),
 ('14', '14', 'en_us', '​sport-specific strength training', '<p>Want to take your athletic ability to the next level? Want to train like the pros? This program is for the serious athlete who needs help with distinct skills in order to compete. Drawing on my background as an athlete and athletic trainer, I provide rigorous workouts tailored to your sport as well as insight on the best techniques to help you reach your goals.</p>', NULL, NULL, NULL, NULL, NULL, NULL, NULL, NULL, NULL, NULL, NULL, NULL, NULL, '', NULL, NULL, NULL, NULL, NULL, NULL, NULL, NULL, NULL, NULL, NULL, NULL, NULL, NULL, NULL, NULL, NULL, '2017-12-03 14:04:56', '2017-12-03 14:04:56', 'cb1fcc4e-488b-4c47-a498-647996a85993'),
 ('15', '15', 'en_us', 'Workplace Ergonomics Consulting', '<p>Optimize your work space! Are you sitting correctly? Is your monitor in the best position? I’ll observe your work environment as well as how you work, and get an inventory of current physical issues (ex. headaches, backaches, etc.). From there, I’ll provide research-based solutions to modify your work space and enhance your wellness. Gain insight on the best ways to stay highly productive and injury-free.</p>', NULL, NULL, NULL, NULL, NULL, NULL, NULL, NULL, NULL, NULL, NULL, NULL, NULL, '', NULL, NULL, NULL, NULL, NULL, NULL, NULL, NULL, NULL, NULL, NULL, NULL, NULL, NULL, NULL, NULL, NULL, '2017-12-03 14:05:21', '2017-12-03 14:05:21', 'aef683b6-1253-4463-9133-64a7ed0aa08b'),
 ('16', '16', 'en_us', '​restorative therapy', '<p>Aches and pains? Come see me! My unique regimen of deep tissue massages and corrective exercises reduces the discomfort associated with many injuries. I employ the same level of care I used when working with both professional and division I athletes. Sign up for a free consultation, and we’ll discuss the best way to restore proper function to your body.</p>', NULL, NULL, NULL, NULL, NULL, NULL, NULL, NULL, NULL, NULL, NULL, NULL, NULL, '', NULL, NULL, NULL, NULL, NULL, NULL, NULL, NULL, NULL, NULL, NULL, NULL, NULL, NULL, NULL, NULL, NULL, '2017-12-03 14:05:38', '2017-12-03 14:05:38', '1ed14afc-0dde-4183-98eb-df0e02f6dd21'),
 ('18', '18', 'en_us', 'Logo', NULL, NULL, NULL, NULL, NULL, NULL, NULL, NULL, NULL, NULL, NULL, NULL, NULL, NULL, NULL, NULL, NULL, NULL, NULL, NULL, NULL, NULL, NULL, NULL, NULL, NULL, NULL, NULL, NULL, NULL, NULL, NULL, '2017-12-04 13:06:57', '2017-12-09 14:18:24', 'b5ed2390-e219-4717-b40c-6efe2c9659fd'),
 ('44', '45', 'en_us', 'Bbr Hero Mobile@2X', NULL, NULL, NULL, NULL, NULL, NULL, NULL, NULL, NULL, NULL, NULL, NULL, NULL, NULL, NULL, NULL, NULL, NULL, NULL, NULL, NULL, NULL, NULL, NULL, NULL, NULL, NULL, NULL, NULL, NULL, NULL, NULL, '2017-12-09 14:27:44', '2017-12-09 14:27:44', '39c0da1a-bec5-4289-90dd-3e9f6a4ef756'),
 ('45', '46', 'en_us', 'Testimonial Mobile@2X', NULL, NULL, NULL, NULL, NULL, NULL, NULL, NULL, NULL, NULL, NULL, NULL, NULL, NULL, NULL, NULL, NULL, NULL, NULL, NULL, NULL, NULL, NULL, NULL, NULL, NULL, NULL, NULL, NULL, NULL, NULL, NULL, '2017-12-09 14:27:45', '2017-12-09 14:27:45', 'd8901ac9-f4aa-48de-80db-6a2e2fdd4fac'),
 ('46', '47', 'en_us', 'Testimonial@2X', NULL, NULL, NULL, NULL, NULL, NULL, NULL, NULL, NULL, NULL, NULL, NULL, NULL, NULL, NULL, NULL, NULL, NULL, NULL, NULL, NULL, NULL, NULL, NULL, NULL, NULL, NULL, NULL, NULL, NULL, NULL, NULL, '2017-12-09 14:27:46', '2017-12-09 14:27:46', 'b08a596f-a761-417d-a3d3-58d1d0c692a5'),
 ('47', '48', 'en_us', 'Logo', NULL, NULL, NULL, NULL, NULL, NULL, NULL, NULL, NULL, NULL, NULL, NULL, NULL, NULL, NULL, NULL, NULL, NULL, NULL, NULL, NULL, NULL, NULL, NULL, NULL, NULL, NULL, NULL, NULL, NULL, NULL, NULL, '2017-12-09 14:32:10', '2017-12-09 14:32:10', '26ec2b51-bf84-4cdf-9c0d-37e6d4241c86'),
 ('48', '49', 'en_us', 'test2', NULL, NULL, NULL, 'sajfoweroiaf sajfoweroiaf sajfoweroiaf sajfoweroiaf sajfoweroiaf sajfoweroiaf sajfoweroiaf sajfoweroiaf sajfoweroiaf sajfoweroiaf ', NULL, NULL, NULL, NULL, NULL, NULL, NULL, NULL, 'test2 author', NULL, NULL, NULL, NULL, NULL, NULL, NULL, NULL, NULL, NULL, NULL, NULL, NULL, NULL, NULL, NULL, NULL, NULL, NULL, '2017-12-09 15:45:19', '2017-12-10 12:44:00', 'c97980a2-08f4-42aa-87ee-ee8ed0aa8078'),
 ('49', '50', 'en_us', 'test 3', NULL, NULL, NULL, 'asdfa asdfa asdfa asdfa asdfa asdfa asdfa asdfa asdfa asdfa asdfa asdfa asdfa asdfa asdfa asdfa asdfa asdfa asdfa asdfa asdfa asdfa asdfa ', NULL, NULL, NULL, NULL, NULL, NULL, NULL, NULL, 'test3 author', NULL, NULL, NULL, NULL, NULL, NULL, NULL, NULL, NULL, NULL, NULL, NULL, NULL, NULL, NULL, NULL, NULL, NULL, NULL, '2017-12-09 15:45:36', '2017-12-10 12:43:39', '51db2335-fb15-4edc-a8d7-cde9fcf4c844');



DROP TABLE IF EXISTS `craft_deprecationerrors`;


--
-- Schema for table `craft_deprecationerrors`
--
CREATE TABLE `craft_deprecationerrors` (
  `id` int(11) NOT NULL AUTO_INCREMENT,
  `key` varchar(255) COLLATE utf8_unicode_ci NOT NULL,
  `fingerprint` varchar(255) COLLATE utf8_unicode_ci NOT NULL,
  `lastOccurrence` datetime NOT NULL,
  `file` varchar(255) COLLATE utf8_unicode_ci NOT NULL,
  `line` smallint(6) unsigned NOT NULL,
  `class` varchar(255) COLLATE utf8_unicode_ci DEFAULT NULL,
  `method` varchar(255) COLLATE utf8_unicode_ci DEFAULT NULL,
  `template` varchar(255) COLLATE utf8_unicode_ci DEFAULT NULL,
  `templateLine` smallint(6) unsigned DEFAULT NULL,
  `message` varchar(255) COLLATE utf8_unicode_ci DEFAULT NULL,
  `traces` text COLLATE utf8_unicode_ci,
  `dateCreated` datetime NOT NULL,
  `dateUpdated` datetime NOT NULL,
  `uid` char(36) COLLATE utf8_unicode_ci NOT NULL DEFAULT '0',
  PRIMARY KEY (`id`),
  UNIQUE KEY `craft_deprecationerrors_key_fingerprint_unq_idx` (`key`,`fingerprint`)
) ENGINE=InnoDB DEFAULT CHARSET=utf8 COLLATE=utf8_unicode_ci;

DROP TABLE IF EXISTS `craft_elementindexsettings`;


--
-- Schema for table `craft_elementindexsettings`
--
CREATE TABLE `craft_elementindexsettings` (
  `id` int(11) NOT NULL AUTO_INCREMENT,
  `type` varchar(150) COLLATE utf8_unicode_ci NOT NULL,
  `settings` text COLLATE utf8_unicode_ci,
  `dateCreated` datetime NOT NULL,
  `dateUpdated` datetime NOT NULL,
  `uid` char(36) COLLATE utf8_unicode_ci NOT NULL DEFAULT '0',
  PRIMARY KEY (`id`),
  UNIQUE KEY `craft_elementindexsettings_type_unq_idx` (`type`)
) ENGINE=InnoDB DEFAULT CHARSET=utf8 COLLATE=utf8_unicode_ci;

DROP TABLE IF EXISTS `craft_elements`;


--
-- Schema for table `craft_elements`
--
CREATE TABLE `craft_elements` (
  `id` int(11) NOT NULL AUTO_INCREMENT,
  `type` varchar(150) COLLATE utf8_unicode_ci NOT NULL,
  `enabled` tinyint(1) unsigned NOT NULL DEFAULT '1',
  `archived` tinyint(1) unsigned NOT NULL DEFAULT '0',
  `dateCreated` datetime NOT NULL,
  `dateUpdated` datetime NOT NULL,
  `uid` char(36) COLLATE utf8_unicode_ci NOT NULL DEFAULT '0',
  PRIMARY KEY (`id`),
  KEY `craft_elements_type_idx` (`type`),
  KEY `craft_elements_enabled_idx` (`enabled`),
  KEY `craft_elements_archived_dateCreated_idx` (`archived`,`dateCreated`)
) ENGINE=InnoDB AUTO_INCREMENT=52 DEFAULT CHARSET=utf8 COLLATE=utf8_unicode_ci;

--
-- Data for table `craft_elements`
--

INSERT INTO `craft_elements` (`id`, `type`, `enabled`, `archived`, `dateCreated`, `dateUpdated`, `uid`) VALUES
 ('1', 'User', '1', '0', '2017-11-17 06:35:15', '2017-11-17 06:35:15', '7f6df911-b3f8-4592-bb4d-2414fb98cac0'),
 ('2', 'Entry', '1', '0', '2017-11-17 06:35:17', '2017-12-13 13:03:26', 'eedea85f-16f9-4940-aff8-a78d6abbf950'),
 ('3', 'Entry', '1', '0', '2017-11-17 06:35:17', '2017-11-17 06:35:17', 'f0d16fc4-8e0f-44fb-a5ee-c159636969a0'),
 ('4', 'Asset', '1', '0', '2017-11-17 07:59:01', '2017-11-17 07:59:01', '6fdd5ffd-c2e2-45d8-8cb7-45ef310fefd3'),
 ('5', 'Asset', '1', '0', '2017-11-17 08:02:07', '2017-11-17 08:02:07', '6fde6df0-be8a-4390-b02d-a4ae65dd5103'),
 ('6', 'GlobalSet', '1', '0', '2017-12-03 06:22:01', '2017-12-09 14:32:16', '3bff42c9-b61b-4f81-bffe-ef2fecdb70dc'),
 ('7', 'GlobalSet', '1', '0', '2017-12-03 06:38:13', '2017-12-03 06:38:13', '433e1914-ea41-4e3b-84ed-da09e7f7a83c'),
 ('8', 'Entry', '1', '0', '2017-12-03 13:56:07', '2017-12-03 13:56:07', 'a62455e3-d990-4415-8f34-e0b29332ac4f'),
 ('9', 'Entry', '1', '0', '2017-12-03 14:02:54', '2017-12-03 14:02:54', 'ad7b9899-e864-43af-9128-9ee49ecd86c9'),
 ('10', 'Entry', '1', '0', '2017-12-03 14:03:19', '2017-12-03 14:03:19', '757bfe30-3a65-4fb9-94b8-a667dd895e7c'),
 ('11', 'Entry', '1', '0', '2017-12-03 14:03:48', '2017-12-03 14:03:48', '7f9d356b-40cd-4ef7-a1ee-a8f112e36a38'),
 ('12', 'Entry', '1', '0', '2017-12-03 14:04:07', '2017-12-03 14:04:07', '763a9b4b-b8a5-41f0-8410-d5f9926b7593'),
 ('13', 'Entry', '1', '0', '2017-12-03 14:04:27', '2017-12-03 14:04:27', 'e43e9ca1-be0b-4ace-90f8-1f7bc91d4a97'),
 ('14', 'Entry', '1', '0', '2017-12-03 14:04:56', '2017-12-03 14:04:56', 'c467e861-f21b-41bf-a50a-3afb44347963'),
 ('15', 'Entry', '1', '0', '2017-12-03 14:05:21', '2017-12-03 14:05:21', 'c9785d19-6334-493e-8b65-5dd3bd0bc532'),
 ('16', 'Entry', '1', '0', '2017-12-03 14:05:38', '2017-12-03 14:05:38', 'a0a60aac-a941-48d8-8eb6-e915807e0074'),
 ('18', 'Asset', '1', '0', '2017-12-04 13:06:57', '2017-12-09 14:18:24', '391cdcac-e797-4660-b33a-0164c2e3bb87'),
 ('19', 'FormBuilder_Form', '1', '0', '2017-12-08 16:15:22', '2017-12-08 16:15:22', '80372177-b68d-45dc-a474-030a5ab8bff9'),
 ('45', 'Asset', '1', '0', '2017-12-09 14:27:44', '2017-12-09 14:27:44', '877c5327-7335-4b51-be28-629324af7276'),
 ('46', 'Asset', '1', '0', '2017-12-09 14:27:45', '2017-12-09 14:27:45', 'e20359a2-6acd-4f50-9d58-015390dfebde'),
 ('47', 'Asset', '1', '0', '2017-12-09 14:27:46', '2017-12-09 14:27:46', '9cc5feea-79d5-4d00-b7a8-18fe62ecc5bc'),
 ('48', 'Asset', '1', '0', '2017-12-09 14:32:10', '2017-12-09 14:32:10', 'f3f0f79c-4250-4d63-b2e1-fba885df3ef8'),
 ('49', 'Entry', '1', '0', '2017-12-09 15:45:19', '2017-12-10 12:44:00', '9748a79d-ca41-4a19-9b29-8b8c672e33fa'),
 ('50', 'Entry', '1', '0', '2017-12-09 15:45:36', '2017-12-10 12:43:39', '24e792b5-fc43-4eb8-85b4-f4e0c6ade93a'),
 ('51', 'FormBuilder_Form', '1', '0', '2017-12-11 15:49:38', '2017-12-12 07:49:31', '8ba899ea-589c-44c6-bcdd-888555f78236');



DROP TABLE IF EXISTS `craft_elements_i18n`;


--
-- Schema for table `craft_elements_i18n`
--
CREATE TABLE `craft_elements_i18n` (
  `id` int(11) NOT NULL AUTO_INCREMENT,
  `elementId` int(11) NOT NULL,
  `locale` char(12) COLLATE utf8_unicode_ci NOT NULL,
  `slug` varchar(255) COLLATE utf8_unicode_ci DEFAULT NULL,
  `uri` varchar(255) COLLATE utf8_unicode_ci DEFAULT NULL,
  `enabled` tinyint(1) unsigned NOT NULL DEFAULT '1',
  `dateCreated` datetime NOT NULL,
  `dateUpdated` datetime NOT NULL,
  `uid` char(36) COLLATE utf8_unicode_ci NOT NULL DEFAULT '0',
  PRIMARY KEY (`id`),
  UNIQUE KEY `craft_elements_i18n_elementId_locale_unq_idx` (`elementId`,`locale`),
  UNIQUE KEY `craft_elements_i18n_uri_locale_unq_idx` (`uri`,`locale`),
  KEY `craft_elements_i18n_slug_locale_idx` (`slug`,`locale`),
  KEY `craft_elements_i18n_enabled_idx` (`enabled`),
  KEY `craft_elements_i18n_locale_fk` (`locale`)
) ENGINE=InnoDB AUTO_INCREMENT=52 DEFAULT CHARSET=utf8 COLLATE=utf8_unicode_ci;

--
-- Data for table `craft_elements_i18n`
--

INSERT INTO `craft_elements_i18n` (`id`, `elementId`, `locale`, `slug`, `uri`, `enabled`, `dateCreated`, `dateUpdated`, `uid`) VALUES
 ('1', '1', 'en_us', '', NULL, '1', '2017-11-17 06:35:15', '2017-11-17 06:35:15', '2a96b3fc-758b-4837-941f-e31fc99d4d9c'),
 ('2', '2', 'en_us', 'homepage', '__home__', '1', '2017-11-17 06:35:17', '2017-12-13 13:03:26', '4539f8e2-b045-4c3b-afc8-07d9770ac64b'),
 ('3', '3', 'en_us', 'we-just-installed-craft', 'news/2017/we-just-installed-craft', '1', '2017-11-17 06:35:17', '2017-11-17 06:35:17', '5c586b3a-8566-4554-a149-f590ef3fef8b'),
 ('4', '4', 'en_us', 'bbr-hero', NULL, '1', '2017-11-17 07:59:01', '2017-11-17 07:59:01', '8b8404c4-c46c-47db-a089-cd14b265c1ae'),
 ('5', '5', 'en_us', 'robbie-circle', NULL, '1', '2017-11-17 08:02:07', '2017-11-17 08:02:07', '3d6c12b8-99f9-4718-8e58-55d3c0c40b2a'),
 ('6', '6', 'en_us', '', NULL, '1', '2017-12-03 06:22:01', '2017-12-09 14:32:16', '2af91033-12fd-41dd-ab28-242a4f853162'),
 ('7', '7', 'en_us', '', NULL, '1', '2017-12-03 06:38:13', '2017-12-03 06:38:13', '96a0463f-8fc5-4267-9a07-b7953dc23884'),
 ('8', '8', 'en_us', 'what-my-clients-are-saying', 'testimonial/what-my-clients-are-saying', '1', '2017-12-03 13:56:08', '2017-12-03 13:56:08', 'd044be6b-33ed-4a5f-9058-54d4e9126c31'),
 ('9', '9', 'en_us', 'nutrition-coaching', 'service/nutrition-coaching', '1', '2017-12-03 14:02:54', '2017-12-03 14:02:54', 'a0c88f83-0671-472b-a969-96577c0f1739'),
 ('10', '10', 'en_us', 'personal-training', 'service/personal-training', '1', '2017-12-03 14:03:19', '2017-12-03 14:03:19', '0df2484a-50d3-4346-a1cb-13e681da67be'),
 ('11', '11', 'en_us', 'small-group-training', 'service/small-group-training', '1', '2017-12-03 14:03:48', '2017-12-03 14:03:48', 'de1804ea-fcc2-4aac-8c67-81731cdf3b6b'),
 ('12', '12', 'en_us', 'online-training', 'service/online-training', '1', '2017-12-03 14:04:07', '2017-12-03 14:04:07', '6c37e12c-b0bd-406a-8626-f6b5fe8a244b'),
 ('13', '13', 'en_us', 'bridal-boot-camps', 'service/bridal-boot-camps', '1', '2017-12-03 14:04:27', '2017-12-03 14:04:27', '992f3117-10e7-4839-a81b-20064c1b7aeb'),
 ('14', '14', 'en_us', 'sport-specific-strength-training', 'service/sport-specific-strength-training', '1', '2017-12-03 14:04:56', '2017-12-03 14:04:56', '7c876170-5809-482c-ba0b-06ad49aade40'),
 ('15', '15', 'en_us', 'workplace-ergonomics-consulting', 'service/workplace-ergonomics-consulting', '1', '2017-12-03 14:05:21', '2017-12-03 14:05:21', '8061505a-4e98-44af-a7d7-0d56a304f7a3'),
 ('16', '16', 'en_us', 'restorative-therapy', 'service/restorative-therapy', '1', '2017-12-03 14:05:38', '2017-12-03 14:05:38', '746d5adb-8ba9-401f-9518-c61dd54585bc'),
 ('18', '18', 'en_us', 'logo', NULL, '1', '2017-12-04 13:06:57', '2017-12-09 14:18:24', '9a696def-6622-45c8-ba5f-083b0e3beb06'),
 ('19', '19', 'en_us', '', NULL, '1', '2017-12-08 16:15:22', '2017-12-08 16:15:22', 'bcfa8c77-1f81-4bba-80ff-8fac5db51857'),
 ('45', '45', 'en_us', 'bbr-hero-mobile-2x', NULL, '1', '2017-12-09 14:27:44', '2017-12-09 14:27:44', 'a97fcd43-3de8-42b2-af12-aa32b994c881'),
 ('46', '46', 'en_us', 'testimonial-mobile-2x', NULL, '1', '2017-12-09 14:27:45', '2017-12-09 14:27:45', 'f7af9bae-5c67-4266-a7d6-ac2a01790db2'),
 ('47', '47', 'en_us', 'testimonial-2x', NULL, '1', '2017-12-09 14:27:46', '2017-12-09 14:27:46', '1676d4f9-26d2-4f56-85b6-adc6e11f4fc5'),
 ('48', '48', 'en_us', 'logo', NULL, '1', '2017-12-09 14:32:10', '2017-12-09 14:32:10', 'b531f268-5638-4b8e-9d2f-595798e97afa'),
 ('49', '49', 'en_us', 'test2', 'testimonial/test2', '1', '2017-12-09 15:45:19', '2017-12-10 12:44:00', 'd3eb50d2-5970-47e9-bf72-761a30662542'),
 ('50', '50', 'en_us', 'test-3', 'testimonial/test-3', '1', '2017-12-09 15:45:36', '2017-12-10 12:43:39', '01cfa319-56d2-458c-b336-2714b81c4844'),
 ('51', '51', 'en_us', '', NULL, '1', '2017-12-11 15:49:38', '2017-12-12 07:49:31', '862d1488-53ee-4fd9-a672-1ab049c699e5');



DROP TABLE IF EXISTS `craft_emailmessages`;


--
-- Schema for table `craft_emailmessages`
--
CREATE TABLE `craft_emailmessages` (
  `id` int(11) NOT NULL AUTO_INCREMENT,
  `key` char(150) COLLATE utf8_unicode_ci NOT NULL,
  `locale` char(12) COLLATE utf8_unicode_ci NOT NULL,
  `subject` varchar(1000) COLLATE utf8_unicode_ci NOT NULL,
  `body` text COLLATE utf8_unicode_ci NOT NULL,
  `dateCreated` datetime NOT NULL,
  `dateUpdated` datetime NOT NULL,
  `uid` char(36) COLLATE utf8_unicode_ci NOT NULL DEFAULT '0',
  PRIMARY KEY (`id`),
  UNIQUE KEY `craft_emailmessages_key_locale_unq_idx` (`key`,`locale`),
  KEY `craft_emailmessages_locale_fk` (`locale`)
) ENGINE=InnoDB DEFAULT CHARSET=utf8 COLLATE=utf8_unicode_ci;

DROP TABLE IF EXISTS `craft_entries`;


--
-- Schema for table `craft_entries`
--
CREATE TABLE `craft_entries` (
  `id` int(11) NOT NULL,
  `sectionId` int(11) NOT NULL,
  `typeId` int(11) DEFAULT NULL,
  `authorId` int(11) DEFAULT NULL,
  `postDate` datetime DEFAULT NULL,
  `expiryDate` datetime DEFAULT NULL,
  `dateCreated` datetime NOT NULL,
  `dateUpdated` datetime NOT NULL,
  `uid` char(36) COLLATE utf8_unicode_ci NOT NULL DEFAULT '0',
  PRIMARY KEY (`id`),
  KEY `craft_entries_sectionId_idx` (`sectionId`),
  KEY `craft_entries_typeId_idx` (`typeId`),
  KEY `craft_entries_postDate_idx` (`postDate`),
  KEY `craft_entries_expiryDate_idx` (`expiryDate`),
  KEY `craft_entries_authorId_fk` (`authorId`)
) ENGINE=InnoDB DEFAULT CHARSET=utf8 COLLATE=utf8_unicode_ci;

--
-- Data for table `craft_entries`
--

INSERT INTO `craft_entries` (`id`, `sectionId`, `typeId`, `authorId`, `postDate`, `expiryDate`, `dateCreated`, `dateUpdated`, `uid`) VALUES
 ('2', '1', NULL, NULL, '2017-11-17 06:35:17', NULL, '2017-11-17 06:35:17', '2017-12-13 13:03:26', '2a7905ac-2583-4b85-afc7-5102dbe92a09'),
 ('3', '2', '2', '1', '2017-11-17 06:35:17', NULL, '2017-11-17 06:35:17', '2017-11-17 06:35:17', 'd1209585-9389-4c1a-9065-318f406b0b43'),
 ('8', '3', '3', '1', '2017-12-03 13:56:07', NULL, '2017-12-03 13:56:08', '2017-12-03 13:56:08', 'b76a397a-a5b0-4e9b-b4e9-b3356341f817'),
 ('9', '4', '4', '1', '2017-12-03 14:02:54', NULL, '2017-12-03 14:02:54', '2017-12-03 14:02:54', '25880af2-fe90-4d66-b439-fb964e44e169'),
 ('10', '4', '4', '1', '2017-12-03 14:03:19', NULL, '2017-12-03 14:03:19', '2017-12-03 14:03:19', '9d83074e-2859-436a-891d-65118f4a5621'),
 ('11', '4', '4', '1', '2017-12-03 14:03:48', NULL, '2017-12-03 14:03:48', '2017-12-03 14:03:48', '964f2fb3-4dfb-4ad8-b8a7-73788961585b'),
 ('12', '4', '4', '1', '2017-12-03 14:04:07', NULL, '2017-12-03 14:04:07', '2017-12-03 14:04:07', '243a585b-3665-4fb7-84ed-10e32abad8f1'),
 ('13', '4', '4', '1', '2017-12-03 14:04:27', NULL, '2017-12-03 14:04:27', '2017-12-03 14:04:27', '2a9f69db-39f2-4f68-ac80-a153af8e7e50'),
 ('14', '4', '4', '1', '2017-12-03 14:04:56', NULL, '2017-12-03 14:04:56', '2017-12-03 14:04:56', 'd6583aa7-5b12-46d4-9488-7919aa90ce02'),
 ('15', '4', '4', '1', '2017-12-03 14:05:21', NULL, '2017-12-03 14:05:21', '2017-12-03 14:05:21', 'b0ff5adc-cc54-422c-bff1-573d6eb70fd7'),
 ('16', '4', '4', '1', '2017-12-03 14:05:38', NULL, '2017-12-03 14:05:38', '2017-12-03 14:05:38', 'e9caf630-46e9-43ef-bef0-a1b5cb78c0d9'),
 ('49', '3', '3', '1', '2017-12-09 15:45:00', NULL, '2017-12-09 15:45:19', '2017-12-10 12:44:00', '065d131a-fdc1-4f14-89d2-2ff9035fe7b2'),
 ('50', '3', '3', '1', '2017-12-09 15:45:00', NULL, '2017-12-09 15:45:36', '2017-12-10 12:43:39', 'fee23595-a1e4-4d61-8ff5-9f3afef2b906');



DROP TABLE IF EXISTS `craft_entrydrafts`;


--
-- Schema for table `craft_entrydrafts`
--
CREATE TABLE `craft_entrydrafts` (
  `id` int(11) NOT NULL AUTO_INCREMENT,
  `entryId` int(11) NOT NULL,
  `sectionId` int(11) NOT NULL,
  `creatorId` int(11) NOT NULL,
  `locale` char(12) COLLATE utf8_unicode_ci NOT NULL,
  `name` varchar(255) COLLATE utf8_unicode_ci NOT NULL,
  `notes` tinytext COLLATE utf8_unicode_ci,
  `data` mediumtext COLLATE utf8_unicode_ci NOT NULL,
  `dateCreated` datetime NOT NULL,
  `dateUpdated` datetime NOT NULL,
  `uid` char(36) COLLATE utf8_unicode_ci NOT NULL DEFAULT '0',
  PRIMARY KEY (`id`),
  KEY `craft_entrydrafts_entryId_locale_idx` (`entryId`,`locale`),
  KEY `craft_entrydrafts_sectionId_fk` (`sectionId`),
  KEY `craft_entrydrafts_creatorId_fk` (`creatorId`),
  KEY `craft_entrydrafts_locale_fk` (`locale`)
) ENGINE=InnoDB DEFAULT CHARSET=utf8 COLLATE=utf8_unicode_ci;

DROP TABLE IF EXISTS `craft_entrytypes`;


--
-- Schema for table `craft_entrytypes`
--
CREATE TABLE `craft_entrytypes` (
  `id` int(11) NOT NULL AUTO_INCREMENT,
  `sectionId` int(11) NOT NULL,
  `fieldLayoutId` int(11) DEFAULT NULL,
  `name` varchar(255) COLLATE utf8_unicode_ci NOT NULL,
  `handle` varchar(255) COLLATE utf8_unicode_ci NOT NULL,
  `hasTitleField` tinyint(1) unsigned NOT NULL DEFAULT '1',
  `titleLabel` varchar(255) COLLATE utf8_unicode_ci DEFAULT 'Title',
  `titleFormat` varchar(255) COLLATE utf8_unicode_ci DEFAULT NULL,
  `sortOrder` smallint(6) unsigned DEFAULT NULL,
  `dateCreated` datetime NOT NULL,
  `dateUpdated` datetime NOT NULL,
  `uid` char(36) COLLATE utf8_unicode_ci NOT NULL DEFAULT '0',
  PRIMARY KEY (`id`),
  UNIQUE KEY `craft_entrytypes_name_sectionId_unq_idx` (`name`,`sectionId`),
  UNIQUE KEY `craft_entrytypes_handle_sectionId_unq_idx` (`handle`,`sectionId`),
  KEY `craft_entrytypes_sectionId_fk` (`sectionId`),
  KEY `craft_entrytypes_fieldLayoutId_fk` (`fieldLayoutId`)
) ENGINE=InnoDB AUTO_INCREMENT=6 DEFAULT CHARSET=utf8 COLLATE=utf8_unicode_ci;

--
-- Data for table `craft_entrytypes`
--

INSERT INTO `craft_entrytypes` (`id`, `sectionId`, `fieldLayoutId`, `name`, `handle`, `hasTitleField`, `titleLabel`, `titleFormat`, `sortOrder`, `dateCreated`, `dateUpdated`, `uid`) VALUES
 ('1', '1', '30', 'Homepage', 'homepage', '1', 'Title', NULL, '1', '2017-11-17 06:35:17', '2017-12-13 13:01:52', 'c9ace99b-8ac0-4374-826f-7be38d381ea9'),
 ('2', '2', '5', 'News', 'news', '1', 'Title', NULL, '1', '2017-11-17 06:35:17', '2017-11-17 06:35:17', 'cf1297d0-e6c1-4b51-947b-7461d6c62934'),
 ('3', '3', '11', 'Testimonial', 'testimonial', '1', 'Title', NULL, '1', '2017-11-17 07:38:10', '2017-11-17 07:46:17', '26a6f041-4ec4-445b-a3e4-82fcdd28e73b'),
 ('4', '4', '12', 'Service', 'service', '1', 'Title', NULL, '1', '2017-11-17 07:44:11', '2017-11-17 07:46:43', '76be70b9-c636-4189-89e2-fb06b1daa7d0'),
 ('5', '5', '16', 'Training', 'training', '1', 'Title', NULL, '1', '2017-11-21 12:22:04', '2017-11-21 12:22:26', '1eab2c66-0132-4df1-a8a4-c69e9afd1196');



DROP TABLE IF EXISTS `craft_entryversions`;


--
-- Schema for table `craft_entryversions`
--
CREATE TABLE `craft_entryversions` (
  `id` int(11) NOT NULL AUTO_INCREMENT,
  `entryId` int(11) NOT NULL,
  `sectionId` int(11) NOT NULL,
  `creatorId` int(11) DEFAULT NULL,
  `locale` char(12) COLLATE utf8_unicode_ci NOT NULL,
  `num` smallint(6) unsigned NOT NULL,
  `notes` tinytext COLLATE utf8_unicode_ci,
  `data` mediumtext COLLATE utf8_unicode_ci NOT NULL,
  `dateCreated` datetime NOT NULL,
  `dateUpdated` datetime NOT NULL,
  `uid` char(36) COLLATE utf8_unicode_ci NOT NULL DEFAULT '0',
  PRIMARY KEY (`id`),
  KEY `craft_entryversions_entryId_locale_idx` (`entryId`,`locale`),
  KEY `craft_entryversions_sectionId_fk` (`sectionId`),
  KEY `craft_entryversions_creatorId_fk` (`creatorId`),
  KEY `craft_entryversions_locale_fk` (`locale`)
) ENGINE=InnoDB AUTO_INCREMENT=29 DEFAULT CHARSET=utf8 COLLATE=utf8_unicode_ci;

--
-- Data for table `craft_entryversions`
--

INSERT INTO `craft_entryversions` (`id`, `entryId`, `sectionId`, `creatorId`, `locale`, `num`, `notes`, `data`, `dateCreated`, `dateUpdated`, `uid`) VALUES
 ('1', '2', '1', '1', 'en_us', '1', NULL, '{\"typeId\":\"1\",\"authorId\":null,\"title\":\"Homepage\",\"slug\":\"homepage\",\"postDate\":1510900517,\"expiryDate\":null,\"enabled\":1,\"parentId\":null,\"fields\":[]}', '2017-11-17 06:35:17', '2017-11-17 06:35:17', 'ae526874-8556-41f3-95e5-42d85329a668'),
 ('2', '2', '1', '1', 'en_us', '2', NULL, '{\"typeId\":null,\"authorId\":null,\"title\":\"Welcome to Localhost!\",\"slug\":\"homepage\",\"postDate\":1510900517,\"expiryDate\":null,\"enabled\":\"1\",\"parentId\":null,\"fields\":{\"1\":\"<p>It\\u2019s true, this site doesn\\u2019t have a whole lot of content yet, but don\\u2019t worry. Our web developers have just installed the CMS, and they\\u2019re setting things up for the content editors this very moment. Soon Localhost will be an oasis of fresh perspectives, sharp analyses, and astute opinions that will keep you coming back again and again.<\\/p>\"}}', '2017-11-17 06:35:17', '2017-11-17 06:35:17', 'fa7cd5e0-733b-4c37-a9ab-62591694a493'),
 ('3', '3', '2', '1', 'en_us', '1', NULL, '{\"typeId\":\"2\",\"authorId\":\"1\",\"title\":\"We just installed Craft!\",\"slug\":\"we-just-installed-craft\",\"postDate\":1510900517,\"expiryDate\":null,\"enabled\":1,\"parentId\":null,\"fields\":[]}', '2017-11-17 06:35:17', '2017-11-17 06:35:17', 'de71a7cd-6c58-4256-9644-4f03e2000a98'),
 ('4', '2', '1', '1', 'en_us', '3', '', '{\"typeId\":null,\"authorId\":null,\"title\":\"Homepage\",\"slug\":\"homepage\",\"postDate\":1510900517,\"expiryDate\":null,\"enabled\":1,\"parentId\":null,\"fields\":{\"16\":\"\",\"13\":\"\",\"12\":\"\",\"14\":\"\",\"15\":\"\",\"11\":\"\",\"10\":[\"4\"],\"9\":\"\",\"8\":\"View Workouts\",\"7\":\"It\\u2019s time to turn doubt into drive.\",\"22\":\"\",\"23\":\"\",\"21\":\"\",\"18\":\"\"}}', '2017-11-17 07:59:06', '2017-11-17 07:59:06', '69860522-c74e-4a0f-9692-044ab13a4333'),
 ('5', '2', '1', '1', 'en_us', '4', '', '{\"typeId\":null,\"authorId\":null,\"title\":\"Homepage\",\"slug\":\"homepage\",\"postDate\":1510900517,\"expiryDate\":null,\"enabled\":1,\"parentId\":null,\"fields\":{\"16\":\"<p>For Robbie Birdwell, fitness is more than a passion&mdash;it\\u2019s a lifestyle. He\\u2019s personally experienced the power of physical conditioning to provide mental, spiritual, and bodily healing.&nbsp;<\\/p>\\r\\n<p>Having a diverse background in health and fitness, Robbie specializes in injury prevention, rehabilitation, and functional training. His expertise in correcting mobility issues and faulty movement patterns has helped clients of all types, from injury-plagued couch potatoes to Division 1 college athletes.<\\/p>\\r\\n<p>As a certified athletic trainer (through the National Board of Certification for Athletic Training), Robbie earned his bachelor\\u2019s degree in athletic training and sports medicine from Baylor University. He went on to receive a master\\u2019s degree in kinesiology from the University of North Texas. He worked with several notable athletes throughout his collegiate career including track stars, Jeremy Wariner, Darold Williamson, and Stephen White as well as then up-and-coming NFL players, Robert Griffin III (RG3), Jason Smith, Lance Dunbar, and Zachary Orr.<\\/p>\\r\\n<p>Robbie also knows firsthand what it takes to prepare and compete. He played professional arena football in the Indoor Football League (IFL) for two years and competed as a bodybuilder within the physique division for the Better Bodies Championship.&nbsp;<\\/p>\\r\\n<p>Robbie\\u2019s extensive education and experience have prepared him to offer quality service and care. His goal-oriented approach and customized, research-based workout programs empower clients to be accountable, stay motivated, and have fun!<\\/p>\\r\\n<p>When Robbie is not at the gym, he enjoys riding his motorcycle, playing the guitar, and watching football (no surprise!).<\\/p>\",\"13\":[\"5\"],\"12\":\"Robbie Birdwell\",\"14\":\"\\u201cAs Iron Sharpens Iron, So One Man Sharpens Another.\\u201d\",\"15\":\"Proverbs 27:17\",\"11\":\"About\",\"10\":[\"4\"],\"9\":\"\",\"8\":\"View Workouts\",\"7\":\"It\\u2019s time to turn doubt into drive.\",\"22\":\"<p>Working out, eating healthy, and losing weight does not have to be a chore.&nbsp;<\\/p>\\r\\n<p>It should be an energizing, enjoyable, and empowering experience that you look forward to every day. Together, we will overcome your obstacles, push your boundaries and have a ton of fun, making your fitness dreams a reality.<\\/p>\",\"23\":\"\",\"21\":\"Services\",\"18\":\"\"}}', '2017-11-17 08:04:44', '2017-11-17 08:04:44', '6c422e15-f4b3-4cd3-b5fa-4a68f47e7e3a'),
 ('6', '8', '3', '1', 'en_us', '1', '', '{\"typeId\":null,\"authorId\":\"1\",\"title\":\"What my clients are saying...\",\"slug\":\"what-my-clients-are-saying\",\"postDate\":1512309367,\"expiryDate\":null,\"enabled\":1,\"parentId\":null,\"fields\":{\"17\":\"Jennifer S.\",\"6\":\"\\u201cRobbie challenges me in ways better than any gym I have ever belonged to. He is friendly, professional and so much fun to be around. I tell whoever will listen\\u2014Robbie\\u2019s your guy.\\u201d\"}}', '2017-12-03 13:56:08', '2017-12-03 13:56:08', '1b722415-1c1c-4490-ba0a-e6b261e8545c'),
 ('7', '2', '1', '1', 'en_us', '5', '', '{\"typeId\":null,\"authorId\":null,\"title\":\"Homepage\",\"slug\":\"homepage\",\"postDate\":1510900517,\"expiryDate\":null,\"enabled\":1,\"parentId\":null,\"fields\":{\"16\":\"<p>For Robbie Birdwell, fitness is more than a passion&mdash;it\\u2019s a lifestyle. He\\u2019s personally experienced the power of physical conditioning to provide mental, spiritual, and bodily healing.&nbsp;<\\/p>\\r\\n<p>Having a diverse background in health and fitness, Robbie specializes in injury prevention, rehabilitation, and functional training. His expertise in correcting mobility issues and faulty movement patterns has helped clients of all types, from injury-plagued couch potatoes to Division 1 college athletes.<\\/p>\\r\\n<p>As a certified athletic trainer (through the National Board of Certification for Athletic Training), Robbie earned his bachelor\\u2019s degree in athletic training and sports medicine from Baylor University. He went on to receive a master\\u2019s degree in kinesiology from the University of North Texas. He worked with several notable athletes throughout his collegiate career including track stars, Jeremy Wariner, Darold Williamson, and Stephen White as well as then up-and-coming NFL players, Robert Griffin III (RG3), Jason Smith, Lance Dunbar, and Zachary Orr.<\\/p>\\r\\n<p>Robbie also knows firsthand what it takes to prepare and compete. He played professional arena football in the Indoor Football League (IFL) for two years and competed as a bodybuilder within the physique division for the Better Bodies Championship.&nbsp;<\\/p>\\r\\n<p>Robbie\\u2019s extensive education and experience have prepared him to offer quality service and care. His goal-oriented approach and customized, research-based workout programs empower clients to be accountable, stay motivated, and have fun!<\\/p>\\r\\n<p>When Robbie is not at the gym, he enjoys riding his motorcycle, playing the guitar, and watching football (no surprise!).<\\/p>\",\"13\":[\"5\"],\"12\":\"Robbie Birdwell\",\"14\":\"\\u201cAs Iron Sharpens Iron, So One Man Sharpens Another.\\u201d\",\"15\":\"Proverbs 27:17\",\"11\":\"About\",\"10\":[\"4\"],\"9\":\"\",\"8\":\"View Workouts\",\"7\":\"It\\u2019s time to turn doubt into drive.\",\"22\":\"<p>Working out, eating healthy, and losing weight does not have to be a chore.&nbsp;<\\/p>\\r\\n<p>It should be an energizing, enjoyable, and empowering experience that you look forward to every day. Together, we will overcome your obstacles, push your boundaries and have a ton of fun, making your fitness dreams a reality.<\\/p>\",\"23\":\"\",\"21\":\"Services\",\"18\":[\"8\"],\"32\":\"What my clients are saying...\"}}', '2017-12-03 14:02:10', '2017-12-03 14:02:10', 'b8249024-88be-4aca-8d8e-ad6e57d320bd'),
 ('8', '9', '4', '1', 'en_us', '1', '', '{\"typeId\":null,\"authorId\":\"1\",\"title\":\"Nutrition Coaching\",\"slug\":\"nutrition-coaching\",\"postDate\":1512309774,\"expiryDate\":null,\"enabled\":1,\"parentId\":null,\"fields\":{\"1\":\"<p>Education is key when it comes to proper nutrition. That\\u2019s why I offer a separate service devoted to meal planning. Your dietary restrictions and workout goals should work together. Learn specific techniques to make meal prepping easier. Discover how to enjoy \\u201ccheat days\\u201d and still reach your fitness goals. Meal prepping and delivery are available through our partner, Prepped and Ready Meal Prep.<\\/p>\",\"20\":\"\"}}', '2017-12-03 14:02:54', '2017-12-03 14:02:54', 'b21e2416-99a1-41fa-960b-c23d448de93a'),
 ('9', '10', '4', '1', 'en_us', '1', '', '{\"typeId\":null,\"authorId\":\"1\",\"title\":\"\\u200bPersonal training\",\"slug\":\"personal-training\",\"postDate\":1512309799,\"expiryDate\":null,\"enabled\":1,\"parentId\":null,\"fields\":{\"1\":\"<p>Intimidated by large groups? My personal training program is a great option for those who desire one-on-one attention. Together, we\\u2019ll assess your current state and establish realistic goals by completing a fitness and nutrition assessment. Using this data, I\\u2019ll develop a customized, guided workout program and nutrition plan. (Meal prepping and delivery available upon request.)<\\/p>\",\"20\":\"\"}}', '2017-12-03 14:03:19', '2017-12-03 14:03:19', '0bb39dac-5b27-4610-9b7a-e3e5fd5fdb42'),
 ('10', '11', '4', '1', 'en_us', '1', '', '{\"typeId\":null,\"authorId\":\"1\",\"title\":\"Small Group Training\",\"slug\":\"small-group-training\",\"postDate\":1512309828,\"expiryDate\":null,\"enabled\":1,\"parentId\":null,\"fields\":{\"1\":\"<p>Thrive in small groups? Grab a group of 2-5 friends, relatives, or colleagues, and share the cost! We\\u2019ll use the fitness and nutrition assessment to create individual goals as well as to develop customized, guided workout programs and nutrition plans. You\\u2019ll still enjoy the benefit of personalized attention but in a slightly more social environment. (Meal prepping and delivery available upon request.)<\\/p>\",\"20\":\"\"}}', '2017-12-03 14:03:48', '2017-12-03 14:03:48', 'beeaa5e7-a043-4bf3-b093-4de1ade37fcf'),
 ('11', '12', '4', '1', 'en_us', '1', '', '{\"typeId\":null,\"authorId\":\"1\",\"title\":\"\\u200bonline training\",\"slug\":\"online-training\",\"postDate\":1512309847,\"expiryDate\":null,\"enabled\":1,\"parentId\":null,\"fields\":{\"1\":\"<p>Adapt your fitness program to your lifestyle with online training. If you travel often for work or prefer the comfort of your own home, I provide a customized experience, suitable for any setting, via the app, Trainerize. View your workouts, track your meals, send me messages, and more&mdash;access everything you need on your mobile device or desktop. (Meal prepping and delivery available upon request.)<\\/p>\",\"20\":\"\"}}', '2017-12-03 14:04:07', '2017-12-03 14:04:07', 'ac390986-1fe7-42d1-b718-359b4602bb90'),
 ('12', '13', '4', '1', 'en_us', '1', '', '{\"typeId\":null,\"authorId\":\"1\",\"title\":\"\\u200bbridal boot camps\",\"slug\":\"bridal-boot-camps\",\"postDate\":1512309867,\"expiryDate\":null,\"enabled\":1,\"parentId\":null,\"fields\":{\"1\":\"<p>Got the perfect dress, now need to fit into it? You\\u2019re not alone. Our bridal boot camps provide the perfect environment to whip your body into shape and de-stress at the same time. Bring your bridesmaids along&mdash;discounts are available for groups, so the more the merrier. Join now and get ready for the big day!<\\/p>\",\"20\":\"\"}}', '2017-12-03 14:04:27', '2017-12-03 14:04:27', 'd046c7b1-41ee-44ce-9adc-55ebc18e78d0'),
 ('13', '14', '4', '1', 'en_us', '1', '', '{\"typeId\":null,\"authorId\":\"1\",\"title\":\"\\u200bsport-specific strength training\",\"slug\":\"sport-specific-strength-training\",\"postDate\":1512309896,\"expiryDate\":null,\"enabled\":1,\"parentId\":null,\"fields\":{\"1\":\"<p>Want to take your athletic ability to the next level? Want to train like the pros? This program is for the serious athlete who needs help with distinct skills in order to compete. Drawing on my background as an athlete and athletic trainer, I provide rigorous workouts tailored to your sport as well as insight on the best techniques to help you reach your goals.<\\/p>\",\"20\":\"\"}}', '2017-12-03 14:04:56', '2017-12-03 14:04:56', '5b17b0c6-8c40-4566-a543-0cbef089d1ba'),
 ('14', '15', '4', '1', 'en_us', '1', '', '{\"typeId\":null,\"authorId\":\"1\",\"title\":\"Workplace Ergonomics Consulting\",\"slug\":\"workplace-ergonomics-consulting\",\"postDate\":1512309921,\"expiryDate\":null,\"enabled\":1,\"parentId\":null,\"fields\":{\"1\":\"<p>Optimize your work space! Are you sitting correctly? Is your monitor in the best position? I\\u2019ll observe your work environment as well as how you work, and get an inventory of current physical issues (ex. headaches, backaches, etc.). From there, I\\u2019ll provide research-based solutions to modify your work space and enhance your wellness. Gain insight on the best ways to stay highly productive and injury-free.<\\/p>\",\"20\":\"\"}}', '2017-12-03 14:05:21', '2017-12-03 14:05:21', '45bb6d37-9ff6-4057-b1ec-3833097b8c56'),
 ('15', '16', '4', '1', 'en_us', '1', '', '{\"typeId\":null,\"authorId\":\"1\",\"title\":\"\\u200brestorative therapy\",\"slug\":\"restorative-therapy\",\"postDate\":1512309938,\"expiryDate\":null,\"enabled\":1,\"parentId\":null,\"fields\":{\"1\":\"<p>Aches and pains? Come see me! My unique regimen of deep tissue massages and corrective exercises reduces the discomfort associated with many injuries. I employ the same level of care I used when working with both professional and division I athletes. Sign up for a free consultation, and we\\u2019ll discuss the best way to restore proper function to your body.<\\/p>\",\"20\":\"\"}}', '2017-12-03 14:05:38', '2017-12-03 14:05:38', '90708b23-ecb0-4b20-a4d3-53b555fea982'),
 ('16', '2', '1', '1', 'en_us', '6', '', '{\"typeId\":null,\"authorId\":null,\"title\":\"Homepage\",\"slug\":\"homepage\",\"postDate\":1510900517,\"expiryDate\":null,\"enabled\":1,\"parentId\":null,\"fields\":{\"16\":\"<p>For Robbie Birdwell, fitness is more than a passion&mdash;it\\u2019s a lifestyle. He\\u2019s personally experienced the power of physical conditioning to provide mental, spiritual, and bodily healing.&nbsp;<\\/p>\\r\\n<p>Having a diverse background in health and fitness, Robbie specializes in injury prevention, rehabilitation, and functional training. His expertise in correcting mobility issues and faulty movement patterns has helped clients of all types, from injury-plagued couch potatoes to Division 1 college athletes.<\\/p>\\r\\n<p>As a certified athletic trainer (through the National Board of Certification for Athletic Training), Robbie earned his bachelor\\u2019s degree in athletic training and sports medicine from Baylor University. He went on to receive a master\\u2019s degree in kinesiology from the University of North Texas. He worked with several notable athletes throughout his collegiate career including track stars, Jeremy Wariner, Darold Williamson, and Stephen White as well as then up-and-coming NFL players, Robert Griffin III (RG3), Jason Smith, Lance Dunbar, and Zachary Orr.<\\/p>\\r\\n<p>Robbie also knows firsthand what it takes to prepare and compete. He played professional arena football in the Indoor Football League (IFL) for two years and competed as a bodybuilder within the physique division for the Better Bodies Championship.&nbsp;<\\/p>\\r\\n<p>Robbie\\u2019s extensive education and experience have prepared him to offer quality service and care. His goal-oriented approach and customized, research-based workout programs empower clients to be accountable, stay motivated, and have fun!<\\/p>\\r\\n<p>When Robbie is not at the gym, he enjoys riding his motorcycle, playing the guitar, and watching football (no surprise!).<\\/p>\",\"13\":[\"5\"],\"12\":\"Robbie Birdwell\",\"14\":\"\\u201cAs Iron Sharpens Iron, So One Man Sharpens Another.\\u201d\",\"15\":\"Proverbs 27:17\",\"11\":\"About\",\"10\":[\"4\"],\"9\":\"\",\"8\":\"View Workouts\",\"7\":\"It\\u2019s time to turn doubt into drive.\",\"22\":\"<p>Working out, eating healthy, and losing weight does not have to be a chore.&nbsp;<\\/p>\\r\\n<p>It should be an energizing, enjoyable, and empowering experience that you look forward to every day. Together, we will overcome your obstacles, push your boundaries and have a ton of fun, making your fitness dreams a reality.<\\/p>\",\"23\":[\"9\",\"10\",\"11\",\"12\",\"13\",\"14\",\"15\",\"16\"],\"21\":\"Services\",\"18\":[\"8\"],\"32\":\"What my clients are saying...\"}}', '2017-12-03 14:29:48', '2017-12-03 14:29:48', '2f833163-c418-4f1a-a2b3-0da34f8d86bb'),
 ('17', '2', '1', '1', 'en_us', '7', '', '{\"typeId\":null,\"authorId\":null,\"title\":\"Homepage\",\"slug\":\"homepage\",\"postDate\":1510900517,\"expiryDate\":null,\"enabled\":1,\"parentId\":null,\"fields\":{\"16\":\"<h5>For Robbie Birdwell, fitness is more than a passion&mdash;it\\u2019s a lifestyle. He\\u2019s personally experienced the power of physical conditioning to provide mental, spiritual, and bodily healing.&nbsp;<\\/h5>\\r\\n<p>Having a diverse background in health and fitness, Robbie specializes in injury prevention, rehabilitation, and functional training. His expertise in correcting mobility issues and faulty movement patterns has helped clients of all types, from injury-plagued couch potatoes to Division 1 college athletes.<\\/p>\\r\\n<p>As a certified athletic trainer (through the National Board of Certification for Athletic Training), Robbie earned his bachelor\\u2019s degree in athletic training and sports medicine from Baylor University. He went on to receive a master\\u2019s degree in kinesiology from the University of North Texas. He worked with several notable athletes throughout his collegiate career including track stars, Jeremy Wariner, Darold Williamson, and Stephen White as well as then up-and-coming NFL players, Robert Griffin III (RG3), Jason Smith, Lance Dunbar, and Zachary Orr.<\\/p>\\r\\n<p>Robbie also knows firsthand what it takes to prepare and compete. He played professional arena football in the Indoor Football League (IFL) for two years and competed as a bodybuilder within the physique division for the Better Bodies Championship.&nbsp;<\\/p>\\r\\n<p>Robbie\\u2019s extensive education and experience have prepared him to offer quality service and care. His goal-oriented approach and customized, research-based workout programs empower clients to be accountable, stay motivated, and have fun!<\\/p>\\r\\n<p>When Robbie is not at the gym, he enjoys riding his motorcycle, playing the guitar, and watching football (no surprise!).<\\/p>\",\"13\":[\"5\"],\"12\":\"Robbie Birdwell\",\"14\":\"\\u201cAs Iron Sharpens Iron, So One Man Sharpens Another.\\u201d\",\"15\":\"Proverbs 27:17\",\"11\":\"About\",\"10\":[\"4\"],\"9\":\"\",\"8\":\"View Workouts\",\"7\":\"It\\u2019s time to turn doubt into drive.\",\"22\":\"<h5>Working out, eating healthy, and losing weight does not have to be a chore.&nbsp;<\\/h5>\\r\\n<h5>It should be an energizing, enjoyable, and empowering experience that you look forward to every day. Together, we will overcome your obstacles, push your boundaries and have a ton of fun, making your fitness dreams a reality.<\\/h5>\",\"23\":[\"9\",\"10\",\"11\",\"12\",\"13\",\"14\",\"15\",\"16\"],\"21\":\"Services\",\"18\":[\"8\"],\"32\":\"What my clients are saying...\"}}', '2017-12-08 13:56:34', '2017-12-08 13:56:34', '2bb9b5a3-b45d-4306-a690-67178d0a371f'),
 ('18', '2', '1', '1', 'en_us', '8', '', '{\"typeId\":null,\"authorId\":null,\"title\":\"Homepage\",\"slug\":\"homepage\",\"postDate\":1510900517,\"expiryDate\":null,\"enabled\":1,\"parentId\":null,\"fields\":{\"16\":\"<h5>For Robbie Birdwell, fitness is more than a passion&mdash;it\\u2019s a lifestyle. He\\u2019s personally experienced the power of physical conditioning to provide mental, spiritual, and bodily healing.&nbsp;<\\/h5>\\r\\n<p>Having a diverse background in health and fitness, Robbie specializes in injury prevention, rehabilitation, and functional training. His expertise in correcting mobility issues and faulty movement patterns has helped clients of all types, from injury-plagued couch potatoes to Division 1 college athletes.<\\/p>\\r\\n<p>As a certified athletic trainer (through the National Board of Certification for Athletic Training), Robbie earned his bachelor\\u2019s degree in athletic training and sports medicine from Baylor University. He went on to receive a master\\u2019s degree in kinesiology from the University of North Texas. He worked with several notable athletes throughout his collegiate career including track stars, Jeremy Wariner, Darold Williamson, and Stephen White as well as then up-and-coming NFL players, Robert Griffin III (RG3), Jason Smith, Lance Dunbar, and Zachary Orr.<\\/p>\\r\\n<p>Robbie also knows firsthand what it takes to prepare and compete. He played professional arena football in the Indoor Football League (IFL) for two years and competed as a bodybuilder within the physique division for the Better Bodies Championship.&nbsp;<\\/p>\\r\\n<p>Robbie\\u2019s extensive education and experience have prepared him to offer quality service and care. His goal-oriented approach and customized, research-based workout programs empower clients to be accountable, stay motivated, and have fun!<\\/p>\\r\\n<p>When Robbie is not at the gym, he enjoys riding his motorcycle, playing the guitar, and watching football (no surprise!).<\\/p>\",\"13\":[\"5\"],\"12\":\"Robbie Birdwell\",\"14\":\"\\u201cAs Iron Sharpens Iron, So One Man Sharpens Another.\\u201d\",\"15\":\"Proverbs 27:17\",\"11\":\"About\",\"10\":\"\",\"9\":\"\",\"8\":\"View Workouts\",\"7\":\"It\\u2019s time to turn doubt into drive.\",\"22\":\"<h5>Working out, eating healthy, and losing weight does not have to be a chore.&nbsp;<\\/h5>\\r\\n<p>It should be an energizing, enjoyable, and empowering experience that you look forward to every day. Together, we will overcome your obstacles, push your boundaries and have a ton of fun, making your fitness dreams a reality.<\\/p>\",\"23\":[\"9\",\"10\",\"11\",\"12\",\"13\",\"14\",\"15\",\"16\"],\"21\":\"Services\",\"18\":[\"8\"],\"32\":\"What my clients are saying...\"}}', '2017-12-09 14:12:13', '2017-12-09 14:12:13', '93fc82fa-d991-4ed2-a848-dc0a9f7f1181'),
 ('19', '2', '1', '1', 'en_us', '9', '', '{\"typeId\":null,\"authorId\":null,\"title\":\"Homepage\",\"slug\":\"homepage\",\"postDate\":1510900517,\"expiryDate\":null,\"enabled\":1,\"parentId\":null,\"fields\":{\"16\":\"<h5>For Robbie Birdwell, fitness is more than a passion&mdash;it\\u2019s a lifestyle. He\\u2019s personally experienced the power of physical conditioning to provide mental, spiritual, and bodily healing.&nbsp;<\\/h5>\\r\\n<p>Having a diverse background in health and fitness, Robbie specializes in injury prevention, rehabilitation, and functional training. His expertise in correcting mobility issues and faulty movement patterns has helped clients of all types, from injury-plagued couch potatoes to Division 1 college athletes.<\\/p>\\r\\n<p>As a certified athletic trainer (through the National Board of Certification for Athletic Training), Robbie earned his bachelor\\u2019s degree in athletic training and sports medicine from Baylor University. He went on to receive a master\\u2019s degree in kinesiology from the University of North Texas. He worked with several notable athletes throughout his collegiate career including track stars, Jeremy Wariner, Darold Williamson, and Stephen White as well as then up-and-coming NFL players, Robert Griffin III (RG3), Jason Smith, Lance Dunbar, and Zachary Orr.<\\/p>\\r\\n<p>Robbie also knows firsthand what it takes to prepare and compete. He played professional arena football in the Indoor Football League (IFL) for two years and competed as a bodybuilder within the physique division for the Better Bodies Championship.&nbsp;<\\/p>\\r\\n<p>Robbie\\u2019s extensive education and experience have prepared him to offer quality service and care. His goal-oriented approach and customized, research-based workout programs empower clients to be accountable, stay motivated, and have fun!<\\/p>\\r\\n<p>When Robbie is not at the gym, he enjoys riding his motorcycle, playing the guitar, and watching football (no surprise!).<\\/p>\",\"13\":[\"5\"],\"12\":\"Robbie Birdwell\",\"14\":\"\\u201cAs Iron Sharpens Iron, So One Man Sharpens Another.\\u201d\",\"15\":\"Proverbs 27:17\",\"11\":\"About\",\"10\":[\"4\"],\"9\":\"\",\"8\":\"View Workouts\",\"7\":\"It\\u2019s time to turn doubt into drive.\",\"22\":\"<h5>Working out, eating healthy, and losing weight does not have to be a chore.&nbsp;<\\/h5>\\r\\n<p>It should be an energizing, enjoyable, and empowering experience that you look forward to every day. Together, we will overcome your obstacles, push your boundaries and have a ton of fun, making your fitness dreams a reality.<\\/p>\",\"23\":[\"9\",\"10\",\"11\",\"12\",\"13\",\"14\",\"15\",\"16\"],\"21\":\"Services\",\"18\":[\"8\"],\"32\":\"What my clients are saying...\"}}', '2017-12-09 14:27:08', '2017-12-09 14:27:08', '36049d92-3b60-48a8-8005-5d5781c97d27'),
 ('20', '49', '3', '1', 'en_us', '1', '', '{\"typeId\":null,\"authorId\":\"1\",\"title\":\"test2\",\"slug\":\"test2\",\"postDate\":1512834319,\"expiryDate\":null,\"enabled\":1,\"parentId\":null,\"fields\":{\"17\":\"test2 author\",\"6\":\"sajfoweroiafjsdmlmvlkmflsajfoweroiafjsdmlmvlkmflsajfoweroiafjsdmlmvlkmflsajfoweroiafjsdmlmvlkmflsajfoweroiafjsdmlmvlkmflsajfoweroiafjsdmlmvlkmfl\"}}', '2017-12-09 15:45:19', '2017-12-09 15:45:19', 'aa62369b-23f7-46e1-8e3b-a33ae6193677'),
 ('21', '50', '3', '1', 'en_us', '1', '', '{\"typeId\":null,\"authorId\":\"1\",\"title\":\"test 3\",\"slug\":\"test-3\",\"postDate\":1512834336,\"expiryDate\":null,\"enabled\":1,\"parentId\":null,\"fields\":{\"17\":\"test3 author\",\"6\":\"asdfajflajlkdfsnlakfnlsdnasdfajflajlkdfsnlakfnlsdnasdfajflajlkdfsnlakfnlsdnasdfajflajlkdfsnlakfnlsdnasdfajflajlkdfsnlakfnlsdnasdfajflajlkdfsnlakfnlsdnasdfajflajlkdfsnlakfnlsdn\"}}', '2017-12-09 15:45:36', '2017-12-09 15:45:36', 'c7fe65c9-d73e-4555-bc1d-eb48bffba806'),
 ('22', '2', '1', '1', 'en_us', '10', '', '{\"typeId\":null,\"authorId\":null,\"title\":\"Homepage\",\"slug\":\"homepage\",\"postDate\":1510900517,\"expiryDate\":null,\"enabled\":1,\"parentId\":null,\"fields\":{\"16\":\"<h5>For Robbie Birdwell, fitness is more than a passion&mdash;it\\u2019s a lifestyle. He\\u2019s personally experienced the power of physical conditioning to provide mental, spiritual, and bodily healing.&nbsp;<\\/h5>\\r\\n<p>Having a diverse background in health and fitness, Robbie specializes in injury prevention, rehabilitation, and functional training. His expertise in correcting mobility issues and faulty movement patterns has helped clients of all types, from injury-plagued couch potatoes to Division 1 college athletes.<\\/p>\\r\\n<p>As a certified athletic trainer (through the National Board of Certification for Athletic Training), Robbie earned his bachelor\\u2019s degree in athletic training and sports medicine from Baylor University. He went on to receive a master\\u2019s degree in kinesiology from the University of North Texas. He worked with several notable athletes throughout his collegiate career including track stars, Jeremy Wariner, Darold Williamson, and Stephen White as well as then up-and-coming NFL players, Robert Griffin III (RG3), Jason Smith, Lance Dunbar, and Zachary Orr.<\\/p>\\r\\n<p>Robbie also knows firsthand what it takes to prepare and compete. He played professional arena football in the Indoor Football League (IFL) for two years and competed as a bodybuilder within the physique division for the Better Bodies Championship.&nbsp;<\\/p>\\r\\n<p>Robbie\\u2019s extensive education and experience have prepared him to offer quality service and care. His goal-oriented approach and customized, research-based workout programs empower clients to be accountable, stay motivated, and have fun!<\\/p>\\r\\n<p>When Robbie is not at the gym, he enjoys riding his motorcycle, playing the guitar, and watching football (no surprise!).<\\/p>\",\"13\":[\"5\"],\"12\":\"Robbie Birdwell\",\"14\":\"\\u201cAs Iron Sharpens Iron, So One Man Sharpens Another.\\u201d\",\"15\":\"Proverbs 27:17\",\"11\":\"About\",\"10\":[\"4\"],\"9\":\"\",\"8\":\"View Workouts\",\"7\":\"It\\u2019s time to turn doubt into drive.\",\"22\":\"<h5>Working out, eating healthy, and losing weight does not have to be a chore.&nbsp;<\\/h5>\\r\\n<p>It should be an energizing, enjoyable, and empowering experience that you look forward to every day. Together, we will overcome your obstacles, push your boundaries and have a ton of fun, making your fitness dreams a reality.<\\/p>\",\"23\":[\"9\",\"10\",\"11\",\"12\",\"13\",\"14\",\"15\",\"16\"],\"21\":\"Services\",\"18\":[\"8\",\"50\",\"49\"],\"32\":\"What my clients are saying...\"}}', '2017-12-09 15:45:58', '2017-12-09 15:45:58', '6a7349d2-d8a3-4474-b8c0-296b2313c989'),
 ('23', '2', '1', '1', 'en_us', '11', '', '{\"typeId\":null,\"authorId\":null,\"title\":\"Homepage\",\"slug\":\"homepage\",\"postDate\":1510900517,\"expiryDate\":null,\"enabled\":1,\"parentId\":null,\"fields\":{\"16\":\"<h5>For Robbie Birdwell, fitness is more than a passion&mdash;it\\u2019s a lifestyle. He\\u2019s personally experienced the power of physical conditioning to provide mental, spiritual, and bodily healing.&nbsp;<\\/h5>\\r\\n<p>Having a diverse background in health and fitness, Robbie specializes in injury prevention, rehabilitation, and functional training. His expertise in correcting mobility issues and faulty movement patterns has helped clients of all types, from injury-plagued couch potatoes to Division 1 college athletes.<\\/p>\\r\\n<p>As a certified athletic trainer (through the National Board of Certification for Athletic Training), Robbie earned his bachelor\\u2019s degree in athletic training and sports medicine from Baylor University. He went on to receive a master\\u2019s degree in kinesiology from the University of North Texas. He worked with several notable athletes throughout his collegiate career including track stars, Jeremy Wariner, Darold Williamson, and Stephen White as well as then up-and-coming NFL players, Robert Griffin III (RG3), Jason Smith, Lance Dunbar, and Zachary Orr.<\\/p>\\r\\n<p>Robbie also knows firsthand what it takes to prepare and compete. He played professional arena football in the Indoor Football League (IFL) for two years and competed as a bodybuilder within the physique division for the Better Bodies Championship.&nbsp;<\\/p>\\r\\n<p>Robbie\\u2019s extensive education and experience have prepared him to offer quality service and care. His goal-oriented approach and customized, research-based workout programs empower clients to be accountable, stay motivated, and have fun!<\\/p>\\r\\n<p>When Robbie is not at the gym, he enjoys riding his motorcycle, playing the guitar, and watching football (no surprise!).<\\/p>\",\"13\":[\"5\"],\"12\":\"Robbie Birdwell\",\"14\":\"\\u201cAs Iron Sharpens Iron, So One Man Sharpens Another.\\u201d\",\"15\":\"Proverbs 27:17\",\"11\":\"About\",\"10\":[\"4\",\"45\"],\"9\":\"\",\"8\":\"View Workouts\",\"7\":\"It\\u2019s time to turn doubt into drive.\",\"22\":\"<h5>Working out, eating healthy, and losing weight does not have to be a chore.&nbsp;<\\/h5>\\r\\n<p>It should be an energizing, enjoyable, and empowering experience that you look forward to every day. Together, we will overcome your obstacles, push your boundaries and have a ton of fun, making your fitness dreams a reality.<\\/p>\",\"23\":[\"9\",\"10\",\"11\",\"12\",\"13\",\"14\",\"15\",\"16\"],\"21\":\"Services\",\"18\":[\"8\",\"50\",\"49\"],\"34\":[\"47\",\"46\"],\"32\":\"What my clients are saying...\"}}', '2017-12-09 15:55:58', '2017-12-09 15:55:58', 'd121c1de-08e6-4e85-a69a-f19a5e4276e6'),
 ('24', '49', '3', '1', 'en_us', '2', '', '{\"typeId\":\"3\",\"authorId\":\"1\",\"title\":\"test2\",\"slug\":\"test2\",\"postDate\":1512834300,\"expiryDate\":null,\"enabled\":1,\"parentId\":null,\"fields\":{\"6\":\"sajfoweroiaf sajfoweroiaf sajfoweroiaf sajfoweroiaf sajfoweroiaf sajfoweroiaf sajfoweroiaf sajfoweroiaf sajfoweroiaf sajfoweroiaf sajfoweroiaf sajfoweroiaf sajfoweroiaf sajfoweroiaf sajfoweroiaf sajfoweroiaf sajfoweroiaf \",\"17\":\"test2 author\"}}', '2017-12-10 12:42:27', '2017-12-10 12:42:27', 'b4f5993f-4f53-4352-81be-3bc5204002a9'),
 ('25', '50', '3', '1', 'en_us', '2', '', '{\"typeId\":\"3\",\"authorId\":\"1\",\"title\":\"test 3\",\"slug\":\"test-3\",\"postDate\":1512834300,\"expiryDate\":null,\"enabled\":1,\"parentId\":null,\"fields\":{\"6\":\"asdfa asdfa asdfa asdfa asdfa asdfa asdfa asdfa asdfa asdfa asdfa asdfa asdfa asdfa asdfa asdfa asdfa asdfa asdfa asdfa asdfa asdfa asdfa asdfa asdfa asdfa asdfa asdfa asdfa asdfa \",\"17\":\"test3 author\"}}', '2017-12-10 12:42:46', '2017-12-10 12:42:46', '523890cb-ee70-4197-a425-ce16b9eb0935'),
 ('26', '50', '3', '1', 'en_us', '3', '', '{\"typeId\":\"3\",\"authorId\":\"1\",\"title\":\"test 3\",\"slug\":\"test-3\",\"postDate\":1512834300,\"expiryDate\":null,\"enabled\":1,\"parentId\":null,\"fields\":{\"6\":\"asdfa asdfa asdfa asdfa asdfa asdfa asdfa asdfa asdfa asdfa asdfa asdfa asdfa asdfa asdfa asdfa asdfa asdfa asdfa asdfa asdfa asdfa asdfa \",\"17\":\"test3 author\"}}', '2017-12-10 12:43:39', '2017-12-10 12:43:39', 'bccc0f03-45f2-401f-a8cc-d6e90d122727'),
 ('27', '49', '3', '1', 'en_us', '3', '', '{\"typeId\":\"3\",\"authorId\":\"1\",\"title\":\"test2\",\"slug\":\"test2\",\"postDate\":1512834300,\"expiryDate\":null,\"enabled\":1,\"parentId\":null,\"fields\":{\"6\":\"sajfoweroiaf sajfoweroiaf sajfoweroiaf sajfoweroiaf sajfoweroiaf sajfoweroiaf sajfoweroiaf sajfoweroiaf sajfoweroiaf sajfoweroiaf \",\"17\":\"test2 author\"}}', '2017-12-10 12:44:00', '2017-12-10 12:44:00', '33b93139-64ab-4f6e-b42c-b6da626d119b'),
 ('28', '2', '1', '1', 'en_us', '12', '', '{\"typeId\":null,\"authorId\":null,\"title\":\"Homepage\",\"slug\":\"homepage\",\"postDate\":1510900517,\"expiryDate\":null,\"enabled\":1,\"parentId\":null,\"fields\":{\"16\":\"<h5>For Robbie Birdwell, fitness is more than a passion&mdash;it\\u2019s a lifestyle. He\\u2019s personally experienced the power of physical conditioning to provide mental, spiritual, and bodily healing.&nbsp;<\\/h5>\\r\\n<p>Having a diverse background in health and fitness, Robbie specializes in injury prevention, rehabilitation, and functional training. His expertise in correcting mobility issues and faulty movement patterns has helped clients of all types, from injury-plagued couch potatoes to Division 1 college athletes.<\\/p>\\r\\n<p>As a certified athletic trainer (through the National Board of Certification for Athletic Training), Robbie earned his bachelor\\u2019s degree in athletic training and sports medicine from Baylor University. He went on to receive a master\\u2019s degree in kinesiology from the University of North Texas. He worked with several notable athletes throughout his collegiate career including track stars, Jeremy Wariner, Darold Williamson, and Stephen White as well as then up-and-coming NFL players, Robert Griffin III (RG3), Jason Smith, Lance Dunbar, and Zachary Orr.<\\/p>\\r\\n<p>Robbie also knows firsthand what it takes to prepare and compete. He played professional arena football in the Indoor Football League (IFL) for two years and competed as a bodybuilder within the physique division for the Better Bodies Championship.&nbsp;<\\/p>\\r\\n<p>Robbie\\u2019s extensive education and experience have prepared him to offer quality service and care. His goal-oriented approach and customized, research-based workout programs empower clients to be accountable, stay motivated, and have fun!<\\/p>\\r\\n<p>When Robbie is not at the gym, he enjoys riding his motorcycle, playing the guitar, and watching football (no surprise!).<\\/p>\",\"13\":[\"5\"],\"12\":\"Robbie Birdwell\",\"14\":\"\\u201cAs Iron Sharpens Iron, So One Man Sharpens Another.\\u201d\",\"15\":\"Proverbs 27:17\",\"11\":\"About\",\"41\":\"bodybyrobbie@gmail.com\",\"10\":[\"4\",\"45\"],\"9\":\"\",\"8\":\"View Workouts\",\"7\":\"It\\u2019s time to turn doubt into drive.\",\"39\":\"5555 E. Mockingbird Lane S-200\\r\\nDallas, Texas 75206\",\"22\":\"<h5>Working out, eating healthy, and losing weight does not have to be a chore.&nbsp;<\\/h5>\\r\\n<p>It should be an energizing, enjoyable, and empowering experience that you look forward to every day. Together, we will overcome your obstacles, push your boundaries and have a ton of fun, making your fitness dreams a reality.<\\/p>\",\"23\":[\"9\",\"10\",\"11\",\"12\",\"13\",\"14\",\"15\",\"16\"],\"21\":\"Services\",\"40\":\"254.214.2618\",\"18\":[\"8\",\"50\",\"49\"],\"34\":[\"47\",\"46\"],\"32\":\"What my clients are saying...\"}}', '2017-12-13 13:03:26', '2017-12-13 13:03:26', '027aee3e-66b4-4031-ac10-b9f7a6108681');



DROP TABLE IF EXISTS `craft_fieldgroups`;


--
-- Schema for table `craft_fieldgroups`
--
CREATE TABLE `craft_fieldgroups` (
  `id` int(11) NOT NULL AUTO_INCREMENT,
  `name` varchar(255) COLLATE utf8_unicode_ci NOT NULL,
  `dateCreated` datetime NOT NULL,
  `dateUpdated` datetime NOT NULL,
  `uid` char(36) COLLATE utf8_unicode_ci NOT NULL DEFAULT '0',
  PRIMARY KEY (`id`),
  UNIQUE KEY `craft_fieldgroups_name_unq_idx` (`name`)
) ENGINE=InnoDB AUTO_INCREMENT=10 DEFAULT CHARSET=utf8 COLLATE=utf8_unicode_ci;

--
-- Data for table `craft_fieldgroups`
--

INSERT INTO `craft_fieldgroups` (`id`, `name`, `dateCreated`, `dateUpdated`, `uid`) VALUES
 ('1', 'Default', '2017-11-17 06:35:17', '2017-11-17 06:35:17', 'c15eea5f-cb51-4777-a0ee-1fe03299ea1d'),
 ('2', 'Hero', '2017-11-17 07:06:26', '2017-11-17 07:06:26', 'd8f7002c-d70e-41e0-9241-3100cb7395ca'),
 ('3', 'About', '2017-11-17 07:08:24', '2017-11-17 07:08:24', 'deb32ba7-4a9c-415a-b1fc-ba648b9c04c1'),
 ('4', 'Testimonials', '2017-11-17 07:11:03', '2017-11-17 07:11:03', 'e9b78a82-b650-4c87-a543-f0c332cc7a76'),
 ('5', 'Services', '2017-11-17 07:47:00', '2017-11-17 07:47:00', '9ef38f45-c797-41a4-9622-61920ea103a6'),
 ('7', 'Trainings', '2017-11-21 12:21:22', '2017-11-21 12:21:22', 'aa74cc20-c9a9-40cb-9a3d-7a9acae96bbe'),
 ('8', 'Global', '2017-12-03 06:23:23', '2017-12-03 06:40:57', 'd7a989bd-e5ed-490f-b50c-d2541410c1e6'),
 ('9', 'Contact', '2017-12-11 15:05:35', '2017-12-11 15:05:35', 'b312bc8a-f723-412c-b05c-1143f7c10eb4');



DROP TABLE IF EXISTS `craft_fieldlayoutfields`;


--
-- Schema for table `craft_fieldlayoutfields`
--
CREATE TABLE `craft_fieldlayoutfields` (
  `id` int(11) NOT NULL AUTO_INCREMENT,
  `layoutId` int(11) NOT NULL,
  `tabId` int(11) NOT NULL,
  `fieldId` int(11) NOT NULL,
  `required` tinyint(1) unsigned NOT NULL DEFAULT '0',
  `sortOrder` smallint(6) unsigned DEFAULT NULL,
  `dateCreated` datetime NOT NULL,
  `dateUpdated` datetime NOT NULL,
  `uid` char(36) COLLATE utf8_unicode_ci NOT NULL DEFAULT '0',
  PRIMARY KEY (`id`),
  UNIQUE KEY `craft_fieldlayoutfields_layoutId_fieldId_unq_idx` (`layoutId`,`fieldId`),
  KEY `craft_fieldlayoutfields_sortOrder_idx` (`sortOrder`),
  KEY `craft_fieldlayoutfields_tabId_fk` (`tabId`),
  KEY `craft_fieldlayoutfields_fieldId_fk` (`fieldId`)
) ENGINE=InnoDB AUTO_INCREMENT=134 DEFAULT CHARSET=utf8 COLLATE=utf8_unicode_ci;

--
-- Data for table `craft_fieldlayoutfields`
--

INSERT INTO `craft_fieldlayoutfields` (`id`, `layoutId`, `tabId`, `fieldId`, `required`, `sortOrder`, `dateCreated`, `dateUpdated`, `uid`) VALUES
 ('2', '5', '2', '1', '1', '1', '2017-11-17 06:35:17', '2017-11-17 06:35:17', '14692bff-4747-44b4-a12b-24df5d5d281c'),
 ('3', '5', '2', '2', '0', '2', '2017-11-17 06:35:17', '2017-11-17 06:35:17', 'eb412a3b-9d02-40f6-a316-fdb467869839'),
 ('8', '11', '5', '6', '0', '1', '2017-11-17 07:46:17', '2017-11-17 07:46:17', '71fa1c5e-5173-4d52-b8d6-7d0010cf2732'),
 ('9', '11', '5', '17', '0', '2', '2017-11-17 07:46:17', '2017-11-17 07:46:17', 'adce310b-18c0-4bc7-9081-713c08c1dd9b'),
 ('10', '12', '6', '1', '0', '1', '2017-11-17 07:46:43', '2017-11-17 07:46:43', 'adbf9f38-37fa-412d-a03c-d4d2c49ca508'),
 ('11', '12', '6', '20', '0', '2', '2017-11-17 07:46:43', '2017-11-17 07:46:43', '64ace3d8-0c8a-442c-a65a-655814f7fd5b'),
 ('40', '16', '15', '24', '0', '1', '2017-11-21 12:22:26', '2017-11-21 12:22:26', 'b00078b8-cdec-471d-a258-d0001ec38a2c'),
 ('41', '18', '16', '26', '0', '1', '2017-12-03 06:38:13', '2017-12-03 06:38:13', '1a6225cb-4417-47fd-81c7-404664078e72'),
 ('42', '18', '16', '27', '0', '2', '2017-12-03 06:38:13', '2017-12-03 06:38:13', 'e72ff4d6-fb3b-4ece-b363-6e4ac135c5d9'),
 ('66', '23', '23', '33', '0', '1', '2017-12-04 12:01:53', '2017-12-04 12:01:53', '4e33d9ca-2c8a-4e3d-bf4b-1864d9fbf0c2'),
 ('67', '23', '23', '28', '0', '2', '2017-12-04 12:01:53', '2017-12-04 12:01:53', '3691e001-f0fa-430b-8131-2fd34db2942d'),
 ('68', '23', '23', '29', '0', '3', '2017-12-04 12:01:53', '2017-12-04 12:01:53', 'f12799cf-ec07-4ded-b759-4e456fc1861e'),
 ('69', '23', '23', '30', '0', '4', '2017-12-04 12:01:53', '2017-12-04 12:01:53', '3dcfb9b0-fd60-4f46-a155-afd49d3201d9'),
 ('70', '23', '23', '31', '0', '5', '2017-12-04 12:01:53', '2017-12-04 12:01:53', '5db70b44-68ee-4160-8058-fe61c8861262'),
 ('92', '28', '30', '35', '1', '1', '2017-12-12 07:49:31', '2017-12-12 07:49:31', '0402cc26-042c-4726-9faf-cacc62d540fe'),
 ('93', '28', '30', '36', '0', '2', '2017-12-12 07:49:31', '2017-12-12 07:49:31', 'a1bed9cc-d3f3-4bdb-9611-9299be741c78'),
 ('94', '28', '30', '37', '1', '3', '2017-12-12 07:49:31', '2017-12-12 07:49:31', '299bc992-c11d-4e12-a4cf-98f336733fd4'),
 ('95', '28', '30', '38', '1', '4', '2017-12-12 07:49:31', '2017-12-12 07:49:31', '5a77e1c0-db79-416e-84d5-7e3ba88d5ab1'),
 ('115', '30', '36', '7', '0', '1', '2017-12-13 13:01:52', '2017-12-13 13:01:52', '3a4b9965-4c76-48a9-94eb-9835d6439f10'),
 ('116', '30', '36', '10', '0', '2', '2017-12-13 13:01:52', '2017-12-13 13:01:52', '15b58ebf-3fd7-4d1c-b2ec-f760c1cdabd3'),
 ('117', '30', '36', '8', '0', '3', '2017-12-13 13:01:52', '2017-12-13 13:01:52', '0ef0cf81-d392-437c-9ed1-eb610c1c6731'),
 ('118', '30', '36', '9', '0', '4', '2017-12-13 13:01:52', '2017-12-13 13:01:52', '66150c31-9070-4285-81b3-a8c361f75c7e'),
 ('119', '30', '37', '11', '0', '1', '2017-12-13 13:01:52', '2017-12-13 13:01:52', '9fddc9e0-f00c-42a6-a5db-7deac4f25bf9'),
 ('120', '30', '37', '12', '0', '2', '2017-12-13 13:01:52', '2017-12-13 13:01:52', '3a48aa56-86e8-42ec-a1fa-9920c16d2f1d'),
 ('121', '30', '37', '13', '0', '3', '2017-12-13 13:01:52', '2017-12-13 13:01:52', 'a6d7606e-fceb-44c4-901b-e1ac866154fc'),
 ('122', '30', '37', '14', '0', '4', '2017-12-13 13:01:52', '2017-12-13 13:01:52', 'aca899d8-44b1-4746-832f-31214ca51789'),
 ('123', '30', '37', '15', '0', '5', '2017-12-13 13:01:52', '2017-12-13 13:01:52', '3c5e118e-462a-47c1-ad27-12149f4da174'),
 ('124', '30', '37', '16', '0', '6', '2017-12-13 13:01:52', '2017-12-13 13:01:52', 'fe97c647-6416-4f5f-9d4c-9133ce37c4ca'),
 ('125', '30', '38', '32', '0', '1', '2017-12-13 13:01:52', '2017-12-13 13:01:52', '861065b8-04c4-47dc-b01f-c54a5148f1cc'),
 ('126', '30', '38', '34', '0', '2', '2017-12-13 13:01:52', '2017-12-13 13:01:52', '8c574ab7-95ec-437b-a72d-5f1d021f9fe8'),
 ('127', '30', '38', '18', '0', '3', '2017-12-13 13:01:52', '2017-12-13 13:01:52', '580aa39a-3f7d-4777-9ec2-3ee2bd0dbaff'),
 ('128', '30', '39', '21', '0', '1', '2017-12-13 13:01:52', '2017-12-13 13:01:52', '0369fa1a-4dac-4ff3-846a-2fc63f94ae6b'),
 ('129', '30', '39', '22', '0', '2', '2017-12-13 13:01:52', '2017-12-13 13:01:52', '3514377b-5937-49bf-852a-4211c0588d57'),
 ('130', '30', '39', '23', '0', '3', '2017-12-13 13:01:52', '2017-12-13 13:01:52', '9b6fb9a7-739c-4cfe-acc2-d4aa5fd241a5'),
 ('131', '30', '40', '39', '0', '1', '2017-12-13 13:01:52', '2017-12-13 13:01:52', 'a73b6f82-8b84-410d-89cb-8c71f9a06d4b'),
 ('132', '30', '40', '40', '0', '2', '2017-12-13 13:01:52', '2017-12-13 13:01:52', 'e943ce98-1f92-4e31-bf72-a54f8fb4f156'),
 ('133', '30', '40', '41', '0', '3', '2017-12-13 13:01:52', '2017-12-13 13:01:52', '0670c510-4ef6-43e4-b705-2d640816162a');



DROP TABLE IF EXISTS `craft_fieldlayouts`;


--
-- Schema for table `craft_fieldlayouts`
--
CREATE TABLE `craft_fieldlayouts` (
  `id` int(11) NOT NULL AUTO_INCREMENT,
  `type` varchar(150) COLLATE utf8_unicode_ci NOT NULL,
  `dateCreated` datetime NOT NULL,
  `dateUpdated` datetime NOT NULL,
  `uid` char(36) COLLATE utf8_unicode_ci NOT NULL DEFAULT '0',
  PRIMARY KEY (`id`),
  KEY `craft_fieldlayouts_type_idx` (`type`)
) ENGINE=InnoDB AUTO_INCREMENT=31 DEFAULT CHARSET=utf8 COLLATE=utf8_unicode_ci;

--
-- Data for table `craft_fieldlayouts`
--

INSERT INTO `craft_fieldlayouts` (`id`, `type`, `dateCreated`, `dateUpdated`, `uid`) VALUES
 ('1', 'Tag', '2017-11-17 06:35:17', '2017-11-17 06:35:17', '5f3b37cf-f59a-4e8c-b52f-829589cd6ad5'),
 ('5', 'Entry', '2017-11-17 06:35:17', '2017-11-17 06:35:17', 'f4df898b-08d0-41ce-9dfd-50b871855947'),
 ('6', 'Asset', '2017-11-17 07:02:06', '2017-11-17 07:02:06', '1535994b-8f8b-453c-8a26-3ad350a3905c'),
 ('11', 'Entry', '2017-11-17 07:46:17', '2017-11-17 07:46:17', '62758739-9985-42b8-970d-154ab6c91ccc'),
 ('12', 'Entry', '2017-11-17 07:46:43', '2017-11-17 07:46:43', 'b6ee005f-d1c3-454a-97cc-59078096cdff'),
 ('16', 'Entry', '2017-11-21 12:22:26', '2017-11-21 12:22:26', '92e4d34c-b1fb-4ef4-998f-dd147c6ca389'),
 ('18', 'GlobalSet', '2017-12-03 06:38:13', '2017-12-03 06:38:13', '9af0e764-1b89-4557-a1c0-388f6411e7f9'),
 ('23', 'GlobalSet', '2017-12-04 12:01:53', '2017-12-04 12:01:53', 'a585cea2-6aff-4f33-9d29-46527ee8489f'),
 ('24', 'FormBuilder_Form', '2017-12-08 16:15:22', '2017-12-08 16:15:22', '122272d2-8d7a-4f6c-97b5-7a6176343576'),
 ('28', 'FormBuilder_Form', '2017-12-12 07:49:31', '2017-12-12 07:49:31', 'be2d611c-2520-4079-a844-24f5306c32fb'),
 ('30', 'Entry', '2017-12-13 13:01:52', '2017-12-13 13:01:52', '17659d95-0679-46d3-b3fa-707099d239c0');



DROP TABLE IF EXISTS `craft_fieldlayouttabs`;


--
-- Schema for table `craft_fieldlayouttabs`
--
CREATE TABLE `craft_fieldlayouttabs` (
  `id` int(11) NOT NULL AUTO_INCREMENT,
  `layoutId` int(11) NOT NULL,
  `name` varchar(255) COLLATE utf8_unicode_ci NOT NULL,
  `sortOrder` smallint(6) unsigned DEFAULT NULL,
  `dateCreated` datetime NOT NULL,
  `dateUpdated` datetime NOT NULL,
  `uid` char(36) COLLATE utf8_unicode_ci NOT NULL DEFAULT '0',
  PRIMARY KEY (`id`),
  KEY `craft_fieldlayouttabs_sortOrder_idx` (`sortOrder`),
  KEY `craft_fieldlayouttabs_layoutId_fk` (`layoutId`)
) ENGINE=InnoDB AUTO_INCREMENT=41 DEFAULT CHARSET=utf8 COLLATE=utf8_unicode_ci;

--
-- Data for table `craft_fieldlayouttabs`
--

INSERT INTO `craft_fieldlayouttabs` (`id`, `layoutId`, `name`, `sortOrder`, `dateCreated`, `dateUpdated`, `uid`) VALUES
 ('2', '5', 'Content', '1', '2017-11-17 06:35:17', '2017-11-17 06:35:17', '6e103beb-774c-461c-9e56-af522a5947d6'),
 ('5', '11', 'Tab 1', '1', '2017-11-17 07:46:17', '2017-11-17 07:46:17', '8a0ecb75-65b4-4df8-8798-181e32b02bf2'),
 ('6', '12', 'Tab 1', '1', '2017-11-17 07:46:43', '2017-11-17 07:46:43', 'aff19a02-5467-4031-9369-5ac41b951474'),
 ('15', '16', 'Trainings', '1', '2017-11-21 12:22:26', '2017-11-21 12:22:26', '8ba8211d-a71d-4ded-ad1e-8be508dfcf14'),
 ('16', '18', 'Content', '1', '2017-12-03 06:38:13', '2017-12-03 06:38:13', 'b7b25f89-7e66-45df-bc20-e3aa3a114472'),
 ('23', '23', 'Content', '1', '2017-12-04 12:01:53', '2017-12-04 12:01:53', 'eef71861-eb41-4e2b-85ad-8e09561892a1'),
 ('30', '28', 'Contact', '1', '2017-12-12 07:49:31', '2017-12-12 07:49:31', 'd472836d-347c-4d36-90b5-3a4f0c84b861'),
 ('36', '30', 'Hero', '1', '2017-12-13 13:01:52', '2017-12-13 13:01:52', '3473d47b-5bbb-4cc2-b639-053aca38aa04'),
 ('37', '30', 'About', '2', '2017-12-13 13:01:52', '2017-12-13 13:01:52', '35ab31db-5214-4f30-a753-b69b630ddb55'),
 ('38', '30', 'Testimonials', '3', '2017-12-13 13:01:52', '2017-12-13 13:01:52', '37a3b8ce-c7eb-4130-a743-52800843fe40'),
 ('39', '30', 'Services', '4', '2017-12-13 13:01:52', '2017-12-13 13:01:52', '7ff8e7c7-4366-496a-b9db-ee0404985801'),
 ('40', '30', 'Contact', '5', '2017-12-13 13:01:52', '2017-12-13 13:01:52', '40de68f3-62d8-4a8a-83d6-498c63ed027b');



DROP TABLE IF EXISTS `craft_fields`;


--
-- Schema for table `craft_fields`
--
CREATE TABLE `craft_fields` (
  `id` int(11) NOT NULL AUTO_INCREMENT,
  `groupId` int(11) DEFAULT NULL,
  `name` varchar(255) COLLATE utf8_unicode_ci NOT NULL,
  `handle` varchar(58) COLLATE utf8_unicode_ci NOT NULL,
  `context` varchar(255) COLLATE utf8_unicode_ci NOT NULL DEFAULT 'global',
  `instructions` text COLLATE utf8_unicode_ci,
  `translatable` tinyint(1) unsigned NOT NULL DEFAULT '0',
  `type` varchar(150) COLLATE utf8_unicode_ci NOT NULL,
  `settings` text COLLATE utf8_unicode_ci,
  `dateCreated` datetime NOT NULL,
  `dateUpdated` datetime NOT NULL,
  `uid` char(36) COLLATE utf8_unicode_ci NOT NULL DEFAULT '0',
  PRIMARY KEY (`id`),
  UNIQUE KEY `craft_fields_handle_context_unq_idx` (`handle`,`context`),
  KEY `craft_fields_context_idx` (`context`),
  KEY `craft_fields_groupId_fk` (`groupId`)
) ENGINE=InnoDB AUTO_INCREMENT=42 DEFAULT CHARSET=utf8 COLLATE=utf8_unicode_ci;

--
-- Data for table `craft_fields`
--

INSERT INTO `craft_fields` (`id`, `groupId`, `name`, `handle`, `context`, `instructions`, `translatable`, `type`, `settings`, `dateCreated`, `dateUpdated`, `uid`) VALUES
 ('1', '1', 'Body', 'body', 'global', NULL, '1', 'RichText', '{\"configFile\":\"Standard.json\",\"columnType\":\"text\"}', '2017-11-17 06:35:17', '2017-11-17 06:35:17', '38706ab3-e7f4-4fa2-9998-fedefbf3686f'),
 ('2', '1', 'Tags', 'tags', 'global', NULL, '0', 'Tags', '{\"source\":\"taggroup:1\"}', '2017-11-17 06:35:17', '2017-11-17 06:35:17', '66f0799b-8a6b-489c-bc15-bac9f9b075a7'),
 ('3', '1', 'Title Text', 'titleText', 'global', '', '0', 'PlainText', '{\"placeholder\":\"\",\"maxLength\":\"\",\"multiline\":\"\",\"initialRows\":\"4\"}', '2017-11-17 06:58:45', '2017-11-17 06:58:45', 'c5295f0f-4fc7-4a12-8546-e38ee78a9d00'),
 ('4', '1', 'Title Rich', 'titleRich', 'global', '', '0', 'RichText', '{\"configFile\":\"\",\"availableAssetSources\":\"*\",\"availableTransforms\":\"*\",\"cleanupHtml\":\"1\",\"purifyHtml\":\"1\",\"purifierConfig\":\"\",\"columnType\":\"text\"}', '2017-11-17 06:59:05', '2017-11-17 06:59:05', '3d3a3134-737e-444b-9a2c-8cfe81389438'),
 ('5', '1', 'Image', 'image', 'global', '', '0', 'Assets', '{\"useSingleFolder\":\"\",\"sources\":[\"folder:1\"],\"defaultUploadLocationSource\":\"1\",\"defaultUploadLocationSubpath\":\"\",\"singleUploadLocationSource\":\"1\",\"singleUploadLocationSubpath\":\"\",\"restrictFiles\":\"\",\"limit\":\"\",\"viewMode\":\"list\",\"selectionLabel\":\"\"}', '2017-11-17 07:02:33', '2017-11-17 07:02:33', '93faf1a5-2f8e-4379-a462-c39176d71096'),
 ('6', '1', 'Text', 'text', 'global', '', '0', 'PlainText', '{\"placeholder\":\"\",\"maxLength\":\"\",\"multiline\":\"1\",\"initialRows\":\"4\"}', '2017-11-17 07:03:15', '2017-12-03 13:54:45', 'cfa57b27-fee4-4013-91d6-4bb79cdad4a3'),
 ('7', '2', 'Hero Title', 'heroTitle', 'global', '', '0', 'PlainText', '{\"placeholder\":\"\",\"maxLength\":\"\",\"multiline\":\"\",\"initialRows\":\"4\"}', '2017-11-17 07:07:04', '2017-11-17 07:07:04', '2dc42ec9-ad70-4c27-8b57-34c885e3a5a0'),
 ('8', '2', 'Hero Button Text', 'heroButtonText', 'global', '', '0', 'PlainText', '{\"placeholder\":\"\",\"maxLength\":\"\",\"multiline\":\"\",\"initialRows\":\"4\"}', '2017-11-17 07:07:18', '2017-11-17 07:07:18', '7ed44857-088b-4359-8203-ccf50fccc41d'),
 ('9', '2', 'Hero Button Link', 'heroButtonLink', 'global', '', '0', 'PlainText', '{\"placeholder\":\"\",\"maxLength\":\"\",\"multiline\":\"\",\"initialRows\":\"4\"}', '2017-11-17 07:07:34', '2017-11-17 07:07:34', '3d665a0a-6215-4e14-b00b-b094a7bc0bb9'),
 ('10', '2', 'Hero Background Image', 'heroBackgroundImage', 'global', '', '0', 'Assets', '{\"useSingleFolder\":\"\",\"sources\":[\"folder:1\"],\"defaultUploadLocationSource\":\"1\",\"defaultUploadLocationSubpath\":\"\",\"singleUploadLocationSource\":\"1\",\"singleUploadLocationSubpath\":\"\",\"restrictFiles\":\"\",\"limit\":\"\",\"viewMode\":\"list\",\"selectionLabel\":\"\"}', '2017-11-17 07:08:10', '2017-11-17 07:08:10', 'bbb0f1a8-5fc1-4853-8816-95652cd3b9d2'),
 ('11', '3', 'About Title', 'aboutTitle', 'global', '', '0', 'PlainText', '{\"placeholder\":\"\",\"maxLength\":\"\",\"multiline\":\"\",\"initialRows\":\"4\"}', '2017-11-17 07:08:45', '2017-11-17 07:08:45', '796ce6ed-3c00-4ba6-a3ef-d2f2a5ad144c'),
 ('12', '3', 'About Name', 'aboutName', 'global', '', '0', 'PlainText', '{\"placeholder\":\"\",\"maxLength\":\"\",\"multiline\":\"\",\"initialRows\":\"4\"}', '2017-11-17 07:09:00', '2017-11-17 07:09:00', '0c6485ff-d4c1-4b1e-853b-bafbb2aef571'),
 ('13', '3', 'About Image', 'aboutImage', 'global', '', '0', 'Assets', '{\"useSingleFolder\":\"\",\"sources\":[\"folder:1\"],\"defaultUploadLocationSource\":\"1\",\"defaultUploadLocationSubpath\":\"\",\"singleUploadLocationSource\":\"1\",\"singleUploadLocationSubpath\":\"\",\"restrictFiles\":\"\",\"limit\":\"\",\"viewMode\":\"list\",\"selectionLabel\":\"\"}', '2017-11-17 07:09:24', '2017-11-17 07:09:24', '832ccffa-4645-47c2-a53a-2c6c19159219'),
 ('14', '3', 'About Quote', 'aboutQuote', 'global', '', '0', 'PlainText', '{\"placeholder\":\"\",\"maxLength\":\"\",\"multiline\":\"\",\"initialRows\":\"4\"}', '2017-11-17 07:09:45', '2017-11-17 07:09:45', 'c2aa6907-e1de-4af5-a583-e8ffd6cada9e'),
 ('15', '3', 'About Quote From', 'aboutQuoteFrom', 'global', '', '0', 'PlainText', '{\"placeholder\":\"\",\"maxLength\":\"\",\"multiline\":\"\",\"initialRows\":\"4\"}', '2017-11-17 07:09:59', '2017-11-17 07:09:59', 'a18b6033-64e5-425e-978b-f533f0300e56'),
 ('16', '3', 'About Body', 'aboutBody', 'global', '', '0', 'RichText', '{\"configFile\":\"\",\"availableAssetSources\":\"*\",\"availableTransforms\":\"*\",\"cleanupHtml\":\"1\",\"purifyHtml\":\"1\",\"purifierConfig\":\"\",\"columnType\":\"text\"}', '2017-11-17 07:10:17', '2017-11-17 07:10:17', 'dae7b7c3-d747-4d4c-bbc6-a8966e842b38'),
 ('17', '1', 'Text Author', 'textAuthor', 'global', '', '0', 'PlainText', '{\"placeholder\":\"\",\"maxLength\":\"\",\"multiline\":\"\",\"initialRows\":\"4\"}', '2017-11-17 07:40:28', '2017-12-10 11:48:38', 'b5b183f3-7ac2-4fe6-95f0-89b235fd1a06'),
 ('18', '4', 'Testimonials', 'testimonials', 'global', '', '0', 'Entries', '{\"sources\":[\"section:3\"],\"limit\":\"\",\"selectionLabel\":\"\"}', '2017-11-17 07:42:38', '2017-11-17 07:42:38', 'b66b203e-55f4-4e57-873a-9ee00a8bea98'),
 ('19', '1', 'Link Text', 'linkText', 'global', '', '0', 'PlainText', '{\"placeholder\":\"\",\"maxLength\":\"\",\"multiline\":\"\",\"initialRows\":\"4\"}', '2017-11-17 07:45:33', '2017-11-17 07:45:33', '483220cf-bef3-438a-92f4-3625ceabc913'),
 ('20', '1', 'Link Address', 'linkAddress', 'global', '', '0', 'PlainText', '{\"placeholder\":\"\",\"maxLength\":\"\",\"multiline\":\"\",\"initialRows\":\"4\"}', '2017-11-17 07:45:50', '2017-11-17 07:45:50', '88788b78-8840-4c14-abc4-cb45008c0a11'),
 ('21', '5', 'Services Title', 'servicesTitle', 'global', '', '0', 'PlainText', '{\"placeholder\":\"\",\"maxLength\":\"\",\"multiline\":\"\",\"initialRows\":\"4\"}', '2017-11-17 07:47:23', '2017-11-17 07:47:23', '88d313c6-6b02-42c6-9c9a-dda573361ddf'),
 ('22', '5', 'Services Body', 'servicesBody', 'global', '', '0', 'RichText', '{\"configFile\":\"\",\"availableAssetSources\":\"*\",\"availableTransforms\":\"*\",\"cleanupHtml\":\"1\",\"purifyHtml\":\"1\",\"purifierConfig\":\"\",\"columnType\":\"text\"}', '2017-11-17 07:47:42', '2017-11-17 07:47:42', 'df985a0e-20fe-44d9-a8f3-259c18e51417'),
 ('23', '5', 'Services Cards', 'servicesCards', 'global', '', '0', 'Entries', '{\"sources\":[\"section:4\"],\"limit\":\"\",\"selectionLabel\":\"\"}', '2017-11-17 07:48:05', '2017-11-17 07:48:05', '1bfd7e98-d7a0-4368-a8fa-5bdf74d0ada8'),
 ('24', '7', 'Training', 'training', 'global', '', '0', 'Venti_Event', NULL, '2017-11-21 12:21:38', '2017-11-21 12:21:38', 'be4ca22a-63af-42f8-ac3a-082ff7cec269'),
 ('26', '8', 'Meta Title', 'metaTitle', 'global', '', '0', 'PlainText', '{\"placeholder\":\"\",\"maxLength\":\"\",\"multiline\":\"\",\"initialRows\":\"4\"}', '2017-12-03 06:36:25', '2017-12-03 06:36:25', '7e12b333-fb9e-48e4-a767-31261c8e6b11'),
 ('27', '8', 'Meta Description', 'metaDescription', 'global', '', '0', 'PlainText', '{\"placeholder\":\"\",\"maxLength\":\"\",\"multiline\":\"1\",\"initialRows\":\"4\"}', '2017-12-03 06:37:21', '2017-12-03 06:37:21', '72fbf2d3-f81c-4e73-a28e-0203459e5548'),
 ('28', '8', 'Facebook', 'facebook', 'global', '', '0', 'PlainText', '{\"placeholder\":\"\",\"maxLength\":\"\",\"multiline\":\"\",\"initialRows\":\"4\"}', '2017-12-03 06:39:42', '2017-12-03 06:39:42', '32dc010f-19fb-4ee7-8196-853bea1f4291'),
 ('29', '8', 'Instagram', 'instagram', 'global', '', '0', 'PlainText', '{\"placeholder\":\"\",\"maxLength\":\"\",\"multiline\":\"\",\"initialRows\":\"4\"}', '2017-12-03 06:40:08', '2017-12-03 06:40:08', '0d6960f8-b9d7-43bf-a879-b5a0556ecd0b'),
 ('30', '8', 'Twitter', 'twitter', 'global', '', '0', 'PlainText', '{\"placeholder\":\"\",\"maxLength\":\"\",\"multiline\":\"\",\"initialRows\":\"4\"}', '2017-12-03 06:40:23', '2017-12-03 06:40:23', '0fcb7335-231d-41f6-8632-8d100e3a4b60'),
 ('31', '8', 'Pinterest', 'pinterest', 'global', '', '0', 'PlainText', '{\"placeholder\":\"\",\"maxLength\":\"\",\"multiline\":\"\",\"initialRows\":\"4\"}', '2017-12-03 06:40:41', '2017-12-03 06:40:41', 'ee9388b5-0268-43b8-b75d-9683b3023748'),
 ('32', '4', 'testimonialsTitle', 'testimonialstitle', 'global', '', '0', 'PlainText', '{\"placeholder\":\"\",\"maxLength\":\"\",\"multiline\":\"\",\"initialRows\":\"4\"}', '2017-12-03 14:01:11', '2017-12-03 14:01:11', '4bc10001-928b-4edd-ba2e-97bcf8989afa'),
 ('33', '8', 'Logo', 'logo', 'global', '', '0', 'Assets', '{\"useSingleFolder\":\"\",\"sources\":[\"folder:1\"],\"defaultUploadLocationSource\":\"1\",\"defaultUploadLocationSubpath\":\"\",\"singleUploadLocationSource\":\"1\",\"singleUploadLocationSubpath\":\"\",\"restrictFiles\":\"\",\"limit\":\"\",\"viewMode\":\"list\",\"selectionLabel\":\"\"}', '2017-12-04 12:01:21', '2017-12-04 12:01:21', '22a7ec62-0aaf-4275-86a8-d1b4feeca18d'),
 ('34', '4', 'Testimonials Background Image', 'testimonialsBackgroundImage', 'global', '', '0', 'Assets', '{\"useSingleFolder\":\"\",\"sources\":[\"folder:1\"],\"defaultUploadLocationSource\":\"1\",\"defaultUploadLocationSubpath\":\"\",\"singleUploadLocationSource\":\"1\",\"singleUploadLocationSubpath\":\"\",\"restrictFiles\":\"\",\"limit\":\"\",\"viewMode\":\"list\",\"selectionLabel\":\"\"}', '2017-12-09 15:53:52', '2017-12-09 15:53:52', 'e9909a63-ce40-4a78-89bd-1e93a119a983'),
 ('35', '9', 'Name', 'contactName', 'global', '', '0', 'PlainText', '{\"placeholder\":\"Name*\",\"maxLength\":\"\",\"multiline\":\"\",\"initialRows\":\"4\"}', '2017-12-11 15:06:53', '2017-12-12 07:46:17', '676575eb-137b-4a6b-8df7-5126b6046da4'),
 ('36', '9', 'Email', 'contactEmail', 'global', '', '0', 'PlainText', '{\"placeholder\":\"Email\",\"maxLength\":\"\",\"multiline\":\"\",\"initialRows\":\"4\"}', '2017-12-11 15:50:30', '2017-12-12 07:45:44', '07d46158-4d7f-4fbc-a497-7f7ded19412d'),
 ('37', '9', 'Phone', 'contactPhone', 'global', '', '0', 'PlainText', '{\"placeholder\":\"Phone*\",\"maxLength\":\"\",\"multiline\":\"\",\"initialRows\":\"4\"}', '2017-12-11 15:50:46', '2017-12-12 07:46:08', '995c38a2-542c-4c0d-8a89-d6a502faab61'),
 ('38', '9', 'Message', 'contactMessage', 'global', '', '0', 'PlainText', '{\"placeholder\":\"Message*\",\"maxLength\":\"\",\"multiline\":\"1\",\"initialRows\":\"4\"}', '2017-12-11 15:51:10', '2017-12-12 07:46:34', 'd59a6e61-fe96-48fe-80ba-92caf4b201c9'),
 ('39', '9', 'Location', 'location', 'global', '', '0', 'PlainText', '{\"placeholder\":\"\",\"maxLength\":\"\",\"multiline\":\"1\",\"initialRows\":\"4\"}', '2017-12-12 07:51:37', '2017-12-13 13:02:49', 'b7f61972-c16c-473b-aa3f-01adea39a760'),
 ('40', '9', 'Tel', 'tel', 'global', '', '0', 'PlainText', '{\"placeholder\":\"\",\"maxLength\":\"\",\"multiline\":\"\",\"initialRows\":\"4\"}', '2017-12-12 07:51:44', '2017-12-12 07:51:44', '7dfe6e00-b278-4798-bcc6-f7681e175d09'),
 ('41', '9', 'Email', 'email', 'global', '', '0', 'PlainText', '{\"placeholder\":\"\",\"maxLength\":\"\",\"multiline\":\"\",\"initialRows\":\"4\"}', '2017-12-12 07:51:52', '2017-12-12 07:51:52', '85a0bd3d-4364-44f0-9347-61f0fd28d510');



DROP TABLE IF EXISTS `craft_formbuilder_entries`;


--
-- Schema for table `craft_formbuilder_entries`
--
CREATE TABLE `craft_formbuilder_entries` (
  `id` int(11) NOT NULL,
  `formId` int(11) NOT NULL,
  `statusId` int(11) DEFAULT NULL,
  `title` varchar(255) COLLATE utf8_unicode_ci DEFAULT NULL,
  `options` text COLLATE utf8_unicode_ci,
  `ipAddress` varchar(255) COLLATE utf8_unicode_ci DEFAULT NULL,
  `userAgent` text COLLATE utf8_unicode_ci,
  `dateCreated` datetime NOT NULL,
  `dateUpdated` datetime NOT NULL,
  `uid` char(36) COLLATE utf8_unicode_ci NOT NULL DEFAULT '0',
  PRIMARY KEY (`id`),
  KEY `craft_formbuilder_entries_formId_fk` (`formId`),
  KEY `craft_formbuilder_entries_statusId_fk` (`statusId`)
) ENGINE=InnoDB DEFAULT CHARSET=utf8 COLLATE=utf8_unicode_ci;

DROP TABLE IF EXISTS `craft_formbuilder_entrystatuses`;


--
-- Schema for table `craft_formbuilder_entrystatuses`
--
CREATE TABLE `craft_formbuilder_entrystatuses` (
  `id` int(11) NOT NULL AUTO_INCREMENT,
  `name` varchar(255) COLLATE utf8_unicode_ci NOT NULL,
  `handle` varchar(255) COLLATE utf8_unicode_ci NOT NULL,
  `color` enum('green','blue','black') COLLATE utf8_unicode_ci NOT NULL DEFAULT 'blue',
  `sortOrder` smallint(6) unsigned DEFAULT NULL,
  `isDefault` tinyint(1) unsigned NOT NULL DEFAULT '0',
  `dateCreated` datetime NOT NULL,
  `dateUpdated` datetime NOT NULL,
  `uid` char(36) COLLATE utf8_unicode_ci NOT NULL DEFAULT '0',
  PRIMARY KEY (`id`)
) ENGINE=InnoDB AUTO_INCREMENT=4 DEFAULT CHARSET=utf8 COLLATE=utf8_unicode_ci;

--
-- Data for table `craft_formbuilder_entrystatuses`
--

INSERT INTO `craft_formbuilder_entrystatuses` (`id`, `name`, `handle`, `color`, `sortOrder`, `isDefault`, `dateCreated`, `dateUpdated`, `uid`) VALUES
 ('1', 'Unread', 'unread', 'blue', '1', '1', '2017-11-18 03:33:56', '2017-11-18 03:33:56', '90f7c018-68a5-4bdd-824f-ebe82073526a'),
 ('2', 'Read', 'read', 'green', '2', '0', '2017-11-18 03:33:56', '2017-11-18 03:33:56', '21c7faa0-4cc8-4f45-a89c-b9305bdef6ba'),
 ('3', 'Archived', 'archived', 'black', '3', '0', '2017-11-18 03:33:56', '2017-11-18 03:33:56', 'de35111e-29e4-4920-aba2-00006299faaa');



DROP TABLE IF EXISTS `craft_formbuilder_fields`;


--
-- Schema for table `craft_formbuilder_fields`
--
CREATE TABLE `craft_formbuilder_fields` (
  `id` int(11) NOT NULL AUTO_INCREMENT,
  `fieldId` int(11) DEFAULT NULL,
  `fieldLayoutId` int(11) DEFAULT NULL,
  `settings` text COLLATE utf8_unicode_ci,
  `input` text COLLATE utf8_unicode_ci,
  `html` text COLLATE utf8_unicode_ci,
  `template` varchar(255) COLLATE utf8_unicode_ci DEFAULT NULL,
  `dateCreated` datetime NOT NULL,
  `dateUpdated` datetime NOT NULL,
  `uid` char(36) COLLATE utf8_unicode_ci NOT NULL DEFAULT '0',
  PRIMARY KEY (`id`),
  KEY `craft_formbuilder_fields_fieldId_fk` (`fieldId`),
  KEY `craft_formbuilder_fields_fieldLayoutId_fk` (`fieldLayoutId`)
) ENGINE=InnoDB DEFAULT CHARSET=utf8 COLLATE=utf8_unicode_ci;

DROP TABLE IF EXISTS `craft_formbuilder_fieldsets`;


--
-- Schema for table `craft_formbuilder_fieldsets`
--
CREATE TABLE `craft_formbuilder_fieldsets` (
  `id` int(11) NOT NULL AUTO_INCREMENT,
  `tabId` int(11) DEFAULT NULL,
  `fieldLayoutId` int(11) DEFAULT NULL,
  `className` varchar(255) COLLATE utf8_unicode_ci NOT NULL,
  `dateCreated` datetime NOT NULL,
  `dateUpdated` datetime NOT NULL,
  `uid` char(36) COLLATE utf8_unicode_ci NOT NULL DEFAULT '0',
  PRIMARY KEY (`id`),
  KEY `craft_formbuilder_fieldsets_tabId_fk` (`tabId`),
  KEY `craft_formbuilder_fieldsets_fieldLayoutId_fk` (`fieldLayoutId`)
) ENGINE=InnoDB DEFAULT CHARSET=utf8 COLLATE=utf8_unicode_ci;

DROP TABLE IF EXISTS `craft_formbuilder_forms`;


--
-- Schema for table `craft_formbuilder_forms`
--
CREATE TABLE `craft_formbuilder_forms` (
  `id` int(11) NOT NULL,
  `fieldLayoutId` int(11) DEFAULT NULL,
  `groupId` int(11) NOT NULL,
  `statusId` int(11) DEFAULT NULL,
  `name` varchar(255) COLLATE utf8_unicode_ci NOT NULL,
  `handle` varchar(255) COLLATE utf8_unicode_ci NOT NULL,
  `options` text COLLATE utf8_unicode_ci,
  `spam` text COLLATE utf8_unicode_ci,
  `notifications` text COLLATE utf8_unicode_ci,
  `settings` text COLLATE utf8_unicode_ci,
  `dateCreated` datetime NOT NULL,
  `dateUpdated` datetime NOT NULL,
  `uid` char(36) COLLATE utf8_unicode_ci NOT NULL DEFAULT '0',
  PRIMARY KEY (`id`),
  KEY `craft_formbuilder_forms_fieldLayoutId_fk` (`fieldLayoutId`),
  KEY `craft_formbuilder_forms_groupId_fk` (`groupId`),
  KEY `craft_formbuilder_forms_statusId_fk` (`statusId`)
) ENGINE=InnoDB DEFAULT CHARSET=utf8 COLLATE=utf8_unicode_ci;

--
-- Data for table `craft_formbuilder_forms`
--

INSERT INTO `craft_formbuilder_forms` (`id`, `fieldLayoutId`, `groupId`, `statusId`, `name`, `handle`, `options`, `spam`, `notifications`, `settings`, `dateCreated`, `dateUpdated`, `uid`) VALUES
 ('19', '24', '1', '1', 'test1', 'test1', '{\"submitButton\":{\"text\":\"submit\",\"enabled\":\"1\"},\"redirect\":{\"url\":\"\",\"enabled\":\"0\"},\"ajax\":{\"messages\":{\"success\":\"\",\"error\":\"\"},\"enabled\":\"0\"},\"terms\":{\"label\":\"\",\"copy\":\"\",\"enabled\":\"0\"}}', '{\"honeypot\":{\"message\":\"\",\"enabled\":\"0\"},\"timed\":{\"number\":\"\",\"enabled\":\"0\"}}', 'null', '{\"sections\":{\"fields\":{\"collapsed\":\"1\"}},\"fields\":{\"globalInputTemplatePath\":\"\",\"globalInputContainerClass\":\"\",\"globalInputClass\":\"\"},\"database\":{\"titleFormat\":\"{date}\",\"enabled\":\"1\"}}', '2017-12-08 16:15:22', '2017-12-08 16:15:22', '764aaba7-1d39-4f12-a578-8e20dca35c2c'),
 ('51', '28', '1', '1', 'Contact Form', 'contactForm', '{\"submitButton\":{\"text\":\"SEND MESSAGE\",\"enabled\":\"1\"},\"redirect\":{\"url\":\"\",\"enabled\":\"0\"},\"ajax\":{\"messages\":{\"success\":\"Thank you for contact us.\",\"error\":\"Please try again.\"},\"enabled\":\"1\"},\"terms\":{\"label\":\"\",\"copy\":\"\",\"enabled\":\"0\"}}', '{\"honeypot\":{\"message\":\"robot\",\"enabled\":\"1\"},\"timed\":{\"number\":\"\",\"enabled\":\"0\"}}', 'null', '{\"sections\":{\"fields\":{\"collapsed\":\"0\"}},\"fields\":{\"globalInputTemplatePath\":\"\",\"globalInputContainerClass\":\"\",\"globalInputClass\":\"\"},\"database\":{\"titleFormat\":\"\",\"enabled\":\"0\"}}', '2017-12-11 15:49:38', '2017-12-12 07:49:31', 'b3a2d965-6a2a-4a59-a69a-ce53ebd7f96a');



DROP TABLE IF EXISTS `craft_formbuilder_formstatuses`;


--
-- Schema for table `craft_formbuilder_formstatuses`
--
CREATE TABLE `craft_formbuilder_formstatuses` (
  `id` int(11) NOT NULL AUTO_INCREMENT,
  `name` varchar(255) COLLATE utf8_unicode_ci NOT NULL,
  `handle` varchar(255) COLLATE utf8_unicode_ci NOT NULL,
  `color` enum('green','red') COLLATE utf8_unicode_ci NOT NULL DEFAULT 'green',
  `sortOrder` smallint(6) unsigned DEFAULT NULL,
  `isDefault` tinyint(1) unsigned NOT NULL DEFAULT '0',
  `dateCreated` datetime NOT NULL,
  `dateUpdated` datetime NOT NULL,
  `uid` char(36) COLLATE utf8_unicode_ci NOT NULL DEFAULT '0',
  PRIMARY KEY (`id`)
) ENGINE=InnoDB AUTO_INCREMENT=3 DEFAULT CHARSET=utf8 COLLATE=utf8_unicode_ci;

--
-- Data for table `craft_formbuilder_formstatuses`
--

INSERT INTO `craft_formbuilder_formstatuses` (`id`, `name`, `handle`, `color`, `sortOrder`, `isDefault`, `dateCreated`, `dateUpdated`, `uid`) VALUES
 ('1', 'Enabled', 'enabled', 'green', '1', '0', '2017-11-18 03:33:56', '2017-11-18 03:33:56', '5bb78b5a-bfac-4b29-b6e1-12ac8aa120bf'),
 ('2', 'Disabled', 'disabled', 'red', '2', '0', '2017-11-18 03:33:56', '2017-11-18 03:33:56', '6a0c59be-449f-4e30-8741-259e5c2ca2a2');



DROP TABLE IF EXISTS `craft_formbuilder_groups`;


--
-- Schema for table `craft_formbuilder_groups`
--
CREATE TABLE `craft_formbuilder_groups` (
  `id` int(11) NOT NULL AUTO_INCREMENT,
  `name` varchar(255) COLLATE utf8_unicode_ci NOT NULL,
  `settings` text COLLATE utf8_unicode_ci,
  `dateCreated` datetime NOT NULL,
  `dateUpdated` datetime NOT NULL,
  `uid` char(36) COLLATE utf8_unicode_ci NOT NULL DEFAULT '0',
  PRIMARY KEY (`id`),
  UNIQUE KEY `craft_formbuilder_groups_name_unq_idx` (`name`)
) ENGINE=InnoDB AUTO_INCREMENT=2 DEFAULT CHARSET=utf8 COLLATE=utf8_unicode_ci;

--
-- Data for table `craft_formbuilder_groups`
--

INSERT INTO `craft_formbuilder_groups` (`id`, `name`, `settings`, `dateCreated`, `dateUpdated`, `uid`) VALUES
 ('1', 'Default', '{\"icon\":{\"name\":\"list\"}}', '2017-11-18 03:33:56', '2017-11-18 03:33:56', 'acdb7ac0-ddb1-45c5-b14f-535cd312286c');



DROP TABLE IF EXISTS `craft_globalsets`;


--
-- Schema for table `craft_globalsets`
--
CREATE TABLE `craft_globalsets` (
  `id` int(11) NOT NULL,
  `name` varchar(255) COLLATE utf8_unicode_ci NOT NULL,
  `handle` varchar(255) COLLATE utf8_unicode_ci NOT NULL,
  `fieldLayoutId` int(10) DEFAULT NULL,
  `dateCreated` datetime NOT NULL,
  `dateUpdated` datetime NOT NULL,
  `uid` char(36) COLLATE utf8_unicode_ci NOT NULL DEFAULT '0',
  PRIMARY KEY (`id`),
  UNIQUE KEY `craft_globalsets_name_unq_idx` (`name`),
  UNIQUE KEY `craft_globalsets_handle_unq_idx` (`handle`),
  KEY `craft_globalsets_fieldLayoutId_fk` (`fieldLayoutId`)
) ENGINE=InnoDB DEFAULT CHARSET=utf8 COLLATE=utf8_unicode_ci;

--
-- Data for table `craft_globalsets`
--

INSERT INTO `craft_globalsets` (`id`, `name`, `handle`, `fieldLayoutId`, `dateCreated`, `dateUpdated`, `uid`) VALUES
 ('6', 'Site Info', 'siteInfo', '23', '2017-12-03 06:22:01', '2017-12-04 12:01:53', 'a1bda858-88e4-460f-8024-1e411b61669a'),
 ('7', 'SEO', 'seo', '18', '2017-12-03 06:38:13', '2017-12-03 06:38:13', '0d4ccdc8-26bd-4645-8340-8114e19861af');



DROP TABLE IF EXISTS `craft_info`;


--
-- Schema for table `craft_info`
--
CREATE TABLE `craft_info` (
  `id` int(11) NOT NULL AUTO_INCREMENT,
  `version` varchar(50) COLLATE utf8_unicode_ci NOT NULL,
  `schemaVersion` varchar(15) COLLATE utf8_unicode_ci NOT NULL,
  `edition` tinyint(1) unsigned NOT NULL DEFAULT '0',
  `siteName` varchar(100) COLLATE utf8_unicode_ci NOT NULL,
  `siteUrl` varchar(255) COLLATE utf8_unicode_ci NOT NULL,
  `timezone` varchar(30) COLLATE utf8_unicode_ci DEFAULT NULL,
  `on` tinyint(1) unsigned NOT NULL DEFAULT '0',
  `maintenance` tinyint(1) unsigned NOT NULL DEFAULT '0',
  `dateCreated` datetime NOT NULL,
  `dateUpdated` datetime NOT NULL,
  `uid` char(36) COLLATE utf8_unicode_ci NOT NULL DEFAULT '0',
  PRIMARY KEY (`id`)
) ENGINE=InnoDB AUTO_INCREMENT=2 DEFAULT CHARSET=utf8 COLLATE=utf8_unicode_ci;

--
-- Data for table `craft_info`
--

INSERT INTO `craft_info` (`id`, `version`, `schemaVersion`, `edition`, `siteName`, `siteUrl`, `timezone`, `on`, `maintenance`, `dateCreated`, `dateUpdated`, `uid`) VALUES
 ('1', '2.6.2997', '2.6.11', '0', 'Body by Robbie', 'http://localhost', 'UTC', '1', '0', '2017-11-17 06:35:14', '2017-11-17 06:35:14', 'c2682131-a530-4404-9905-9d6956c70a10');



DROP TABLE IF EXISTS `craft_locales`;


--
-- Schema for table `craft_locales`
--
CREATE TABLE `craft_locales` (
  `locale` char(12) COLLATE utf8_unicode_ci NOT NULL,
  `sortOrder` smallint(6) unsigned DEFAULT NULL,
  `dateCreated` datetime NOT NULL,
  `dateUpdated` datetime NOT NULL,
  `uid` char(36) COLLATE utf8_unicode_ci NOT NULL DEFAULT '0',
  PRIMARY KEY (`locale`),
  KEY `craft_locales_sortOrder_idx` (`sortOrder`)
) ENGINE=InnoDB DEFAULT CHARSET=utf8 COLLATE=utf8_unicode_ci;

--
-- Data for table `craft_locales`
--

INSERT INTO `craft_locales` (`locale`, `sortOrder`, `dateCreated`, `dateUpdated`, `uid`) VALUES
 ('en_us', '1', '2017-11-17 06:35:14', '2017-11-17 06:35:14', '5aa0bfde-bbe6-4c62-9906-75686c876006');



DROP TABLE IF EXISTS `craft_matrixblocks`;


--
-- Schema for table `craft_matrixblocks`
--
CREATE TABLE `craft_matrixblocks` (
  `id` int(11) NOT NULL,
  `ownerId` int(11) NOT NULL,
  `fieldId` int(11) NOT NULL,
  `typeId` int(11) DEFAULT NULL,
  `sortOrder` smallint(6) unsigned DEFAULT NULL,
  `ownerLocale` char(12) COLLATE utf8_unicode_ci DEFAULT NULL,
  `dateCreated` datetime NOT NULL,
  `dateUpdated` datetime NOT NULL,
  `uid` char(36) COLLATE utf8_unicode_ci NOT NULL DEFAULT '0',
  PRIMARY KEY (`id`),
  KEY `craft_matrixblocks_ownerId_idx` (`ownerId`),
  KEY `craft_matrixblocks_fieldId_idx` (`fieldId`),
  KEY `craft_matrixblocks_typeId_idx` (`typeId`),
  KEY `craft_matrixblocks_sortOrder_idx` (`sortOrder`),
  KEY `craft_matrixblocks_ownerLocale_fk` (`ownerLocale`)
) ENGINE=InnoDB DEFAULT CHARSET=utf8 COLLATE=utf8_unicode_ci;

DROP TABLE IF EXISTS `craft_matrixblocktypes`;


--
-- Schema for table `craft_matrixblocktypes`
--
CREATE TABLE `craft_matrixblocktypes` (
  `id` int(11) NOT NULL AUTO_INCREMENT,
  `fieldId` int(11) NOT NULL,
  `fieldLayoutId` int(11) DEFAULT NULL,
  `name` varchar(255) COLLATE utf8_unicode_ci NOT NULL,
  `handle` varchar(255) COLLATE utf8_unicode_ci NOT NULL,
  `sortOrder` smallint(6) unsigned DEFAULT NULL,
  `dateCreated` datetime NOT NULL,
  `dateUpdated` datetime NOT NULL,
  `uid` char(36) COLLATE utf8_unicode_ci NOT NULL DEFAULT '0',
  PRIMARY KEY (`id`),
  UNIQUE KEY `craft_matrixblocktypes_name_fieldId_unq_idx` (`name`,`fieldId`),
  UNIQUE KEY `craft_matrixblocktypes_handle_fieldId_unq_idx` (`handle`,`fieldId`),
  KEY `craft_matrixblocktypes_fieldId_fk` (`fieldId`),
  KEY `craft_matrixblocktypes_fieldLayoutId_fk` (`fieldLayoutId`)
) ENGINE=InnoDB DEFAULT CHARSET=utf8 COLLATE=utf8_unicode_ci;

DROP TABLE IF EXISTS `craft_migrations`;


--
-- Schema for table `craft_migrations`
--
CREATE TABLE `craft_migrations` (
  `id` int(11) NOT NULL AUTO_INCREMENT,
  `pluginId` int(11) DEFAULT NULL,
  `version` varchar(255) COLLATE utf8_unicode_ci NOT NULL,
  `applyTime` datetime NOT NULL,
  `dateCreated` datetime NOT NULL,
  `dateUpdated` datetime NOT NULL,
  `uid` char(36) COLLATE utf8_unicode_ci NOT NULL DEFAULT '0',
  PRIMARY KEY (`id`),
  UNIQUE KEY `craft_migrations_version_unq_idx` (`version`),
  KEY `craft_migrations_pluginId_fk` (`pluginId`)
) ENGINE=InnoDB AUTO_INCREMENT=44 DEFAULT CHARSET=utf8 COLLATE=utf8_unicode_ci;

--
-- Data for table `craft_migrations`
--

INSERT INTO `craft_migrations` (`id`, `pluginId`, `version`, `applyTime`, `dateCreated`, `dateUpdated`, `uid`) VALUES
 ('1', NULL, 'm000000_000000_base', '2017-11-17 06:35:14', '2017-11-17 06:35:14', '2017-11-17 06:35:14', 'de56260c-75ec-4177-8767-48c9d1f699fd'),
 ('2', NULL, 'm140730_000001_add_filename_and_format_to_transformindex', '2017-11-17 06:35:14', '2017-11-17 06:35:14', '2017-11-17 06:35:14', '8e35ca66-2d83-41c3-ad60-d8ef6f165f27'),
 ('3', NULL, 'm140815_000001_add_format_to_transforms', '2017-11-17 06:35:14', '2017-11-17 06:35:14', '2017-11-17 06:35:14', '20e6a779-b231-4a23-8904-491af0255796'),
 ('4', NULL, 'm140822_000001_allow_more_than_128_items_per_field', '2017-11-17 06:35:14', '2017-11-17 06:35:14', '2017-11-17 06:35:14', '64aef681-b681-4699-9ccc-0c3c90e408bb'),
 ('5', NULL, 'm140829_000001_single_title_formats', '2017-11-17 06:35:14', '2017-11-17 06:35:14', '2017-11-17 06:35:14', '3e3aa878-1f1e-45a2-82ed-74926b1e3ab0'),
 ('6', NULL, 'm140831_000001_extended_cache_keys', '2017-11-17 06:35:14', '2017-11-17 06:35:14', '2017-11-17 06:35:14', '9171d706-8e10-4c70-9f4a-1d45d2e24f3a'),
 ('7', NULL, 'm140922_000001_delete_orphaned_matrix_blocks', '2017-11-17 06:35:14', '2017-11-17 06:35:14', '2017-11-17 06:35:14', '001b1379-2c2c-4653-847f-694ee84b7426'),
 ('8', NULL, 'm141008_000001_elements_index_tune', '2017-11-17 06:35:14', '2017-11-17 06:35:14', '2017-11-17 06:35:14', '78048be3-8551-4edc-9faa-1ad4efdf4283'),
 ('9', NULL, 'm141009_000001_assets_source_handle', '2017-11-17 06:35:14', '2017-11-17 06:35:14', '2017-11-17 06:35:14', 'a0ae0484-3c18-4e7e-818e-b9bacc9f2271'),
 ('10', NULL, 'm141024_000001_field_layout_tabs', '2017-11-17 06:35:14', '2017-11-17 06:35:14', '2017-11-17 06:35:14', 'b05fafe7-f296-4d5a-9773-09b59606f42a'),
 ('11', NULL, 'm141030_000000_plugin_schema_versions', '2017-11-17 06:35:14', '2017-11-17 06:35:14', '2017-11-17 06:35:14', 'e28e14e9-5b66-4cf7-b9be-93810a92f569'),
 ('12', NULL, 'm141030_000001_drop_structure_move_permission', '2017-11-17 06:35:14', '2017-11-17 06:35:14', '2017-11-17 06:35:14', 'fd922f25-f8e1-4684-8901-ff09a9dbb01c'),
 ('13', NULL, 'm141103_000001_tag_titles', '2017-11-17 06:35:14', '2017-11-17 06:35:14', '2017-11-17 06:35:14', '8f0ca59d-749a-4455-81a7-510a8f5584c7'),
 ('14', NULL, 'm141109_000001_user_status_shuffle', '2017-11-17 06:35:14', '2017-11-17 06:35:14', '2017-11-17 06:35:14', 'b8da838c-a110-4a01-b1c2-8c4f778f541e'),
 ('15', NULL, 'm141126_000001_user_week_start_day', '2017-11-17 06:35:14', '2017-11-17 06:35:14', '2017-11-17 06:35:14', 'de7ff740-2e69-4c78-9b28-db3b4d47e08b'),
 ('16', NULL, 'm150210_000001_adjust_user_photo_size', '2017-11-17 06:35:14', '2017-11-17 06:35:14', '2017-11-17 06:35:14', '2840590e-62e0-4aab-88cf-6ed454791e24'),
 ('17', NULL, 'm150724_000001_adjust_quality_settings', '2017-11-17 06:35:14', '2017-11-17 06:35:14', '2017-11-17 06:35:14', 'b3b0196d-859d-4892-8668-9c2c57a88eda'),
 ('18', NULL, 'm150827_000000_element_index_settings', '2017-11-17 06:35:14', '2017-11-17 06:35:14', '2017-11-17 06:35:14', 'f5679540-3c3d-4997-a30f-4a1ebe744b9b'),
 ('19', NULL, 'm150918_000001_add_colspan_to_widgets', '2017-11-17 06:35:14', '2017-11-17 06:35:14', '2017-11-17 06:35:14', 'da1ee2a1-6ee3-4a0f-93ba-4012fd65f0d1'),
 ('20', NULL, 'm151007_000000_clear_asset_caches', '2017-11-17 06:35:14', '2017-11-17 06:35:14', '2017-11-17 06:35:14', 'c29fe640-f7cf-4e57-afc2-b694843e93f1'),
 ('21', NULL, 'm151109_000000_text_url_formats', '2017-11-17 06:35:14', '2017-11-17 06:35:14', '2017-11-17 06:35:14', '4a75bd50-df9a-4cb0-b56c-530dd9ae1ed5'),
 ('22', NULL, 'm151110_000000_move_logo', '2017-11-17 06:35:14', '2017-11-17 06:35:14', '2017-11-17 06:35:14', '0d271cbc-1e7a-495f-a995-b08a91de922f'),
 ('23', NULL, 'm151117_000000_adjust_image_widthheight', '2017-11-17 06:35:14', '2017-11-17 06:35:14', '2017-11-17 06:35:14', '914aa23e-3a06-47b3-85fa-6fe348a3d58c'),
 ('24', NULL, 'm151127_000000_clear_license_key_status', '2017-11-17 06:35:14', '2017-11-17 06:35:14', '2017-11-17 06:35:14', 'd836ec83-0174-4c67-a613-b22ca5f703e1'),
 ('25', NULL, 'm151127_000000_plugin_license_keys', '2017-11-17 06:35:14', '2017-11-17 06:35:14', '2017-11-17 06:35:14', '2a2f2047-5ec7-4071-912d-b8394008974d'),
 ('26', NULL, 'm151130_000000_update_pt_widget_feeds', '2017-11-17 06:35:14', '2017-11-17 06:35:14', '2017-11-17 06:35:14', '39a17643-bfa8-4f9f-9c9d-3ad77efb1415'),
 ('27', NULL, 'm160114_000000_asset_sources_public_url_default_true', '2017-11-17 06:35:14', '2017-11-17 06:35:14', '2017-11-17 06:35:14', '27a2886c-da15-4ab8-83ca-c6da4dd49ae7'),
 ('28', NULL, 'm160223_000000_sortorder_to_smallint', '2017-11-17 06:35:14', '2017-11-17 06:35:14', '2017-11-17 06:35:14', 'd2a68ee2-adeb-4325-96fe-0bbbe43307b9'),
 ('29', NULL, 'm160229_000000_set_default_entry_statuses', '2017-11-17 06:35:14', '2017-11-17 06:35:14', '2017-11-17 06:35:14', 'f4ddd8ba-bb09-471d-a5f1-169ffff9a1de'),
 ('30', NULL, 'm160304_000000_client_permissions', '2017-11-17 06:35:14', '2017-11-17 06:35:14', '2017-11-17 06:35:14', '0195fb28-7081-4fa2-9d0d-efcea783320f'),
 ('31', NULL, 'm160322_000000_asset_filesize', '2017-11-17 06:35:14', '2017-11-17 06:35:14', '2017-11-17 06:35:14', 'de85aeb1-f2b6-4f42-a1a8-70478874190b'),
 ('32', NULL, 'm160503_000000_orphaned_fieldlayouts', '2017-11-17 06:35:14', '2017-11-17 06:35:14', '2017-11-17 06:35:14', 'd4384be9-ccaf-47b1-8519-a0d490adb501'),
 ('33', NULL, 'm160510_000000_tasksettings', '2017-11-17 06:35:14', '2017-11-17 06:35:14', '2017-11-17 06:35:14', '39ba9483-9635-433a-bba8-0c037bbb7ab8'),
 ('34', NULL, 'm160829_000000_pending_user_content_cleanup', '2017-11-17 06:35:14', '2017-11-17 06:35:14', '2017-11-17 06:35:14', 'f691518f-77cc-475f-8f9b-4a95b01a2aa9'),
 ('35', NULL, 'm160830_000000_asset_index_uri_increase', '2017-11-17 06:35:14', '2017-11-17 06:35:14', '2017-11-17 06:35:14', 'dae20bd6-7ea4-4324-9944-49cb7b05789e'),
 ('36', NULL, 'm160919_000000_usergroup_handle_title_unique', '2017-11-17 06:35:14', '2017-11-17 06:35:14', '2017-11-17 06:35:14', '1712c3da-06ab-4106-92c7-0e854e730e5f'),
 ('37', NULL, 'm161108_000000_new_version_format', '2017-11-17 06:35:14', '2017-11-17 06:35:14', '2017-11-17 06:35:14', '2f3e02b8-ca69-4f38-9aaa-8b7b65d919d7'),
 ('38', NULL, 'm161109_000000_index_shuffle', '2017-11-17 06:35:14', '2017-11-17 06:35:14', '2017-11-17 06:35:14', '1d5e7b7c-c79e-4776-8770-ce3aa481913d'),
 ('39', NULL, 'm170612_000000_route_index_shuffle', '2017-11-17 06:35:14', '2017-11-17 06:35:14', '2017-11-17 06:35:14', 'e6824c7d-469e-425e-aeeb-025a1a9f3146'),
 ('40', NULL, 'm171107_000000_assign_group_permissions', '2017-11-17 06:35:14', '2017-11-17 06:35:14', '2017-11-17 06:35:14', 'd1a169aa-9ffe-434f-af37-614ca275bb6e'),
 ('41', '2', 'm151104_040245_venti_ResaveVentiElements', '2017-11-21 12:18:43', '2017-11-21 12:18:43', '2017-11-21 12:18:43', '47636004-4b22-4a47-9910-2650b34710f9'),
 ('42', '2', 'm160203_055928_venti_VentiEventLocalColumnAddition', '2017-11-21 12:18:43', '2017-11-21 12:18:43', '2017-11-21 12:18:43', 'd5f40498-ec31-48af-940a-fb69caf3ca62'),
 ('43', '2', 'm160204_055929_venti_VentiEventFieldColumnAdditions', '2017-11-21 12:18:43', '2017-11-21 12:18:43', '2017-11-21 12:18:43', 'f3b60d71-083e-4e9d-86f3-a53da92b7dbe');



DROP TABLE IF EXISTS `craft_plugins`;


--
-- Schema for table `craft_plugins`
--
CREATE TABLE `craft_plugins` (
  `id` int(11) NOT NULL AUTO_INCREMENT,
  `class` varchar(150) COLLATE utf8_unicode_ci NOT NULL,
  `version` varchar(15) COLLATE utf8_unicode_ci NOT NULL,
  `schemaVersion` varchar(15) COLLATE utf8_unicode_ci DEFAULT NULL,
  `licenseKey` char(24) COLLATE utf8_unicode_ci DEFAULT NULL,
  `licenseKeyStatus` enum('valid','invalid','mismatched','unknown') COLLATE utf8_unicode_ci NOT NULL DEFAULT 'unknown',
  `enabled` tinyint(1) unsigned NOT NULL DEFAULT '0',
  `settings` text COLLATE utf8_unicode_ci,
  `installDate` datetime NOT NULL,
  `dateCreated` datetime NOT NULL,
  `dateUpdated` datetime NOT NULL,
  `uid` char(36) COLLATE utf8_unicode_ci NOT NULL DEFAULT '0',
  PRIMARY KEY (`id`)
) ENGINE=InnoDB AUTO_INCREMENT=5 DEFAULT CHARSET=utf8 COLLATE=utf8_unicode_ci;

--
-- Data for table `craft_plugins`
--

INSERT INTO `craft_plugins` (`id`, `class`, `version`, `schemaVersion`, `licenseKey`, `licenseKeyStatus`, `enabled`, `settings`, `installDate`, `dateCreated`, `dateUpdated`, `uid`) VALUES
 ('1', 'FormBuilder', '1.0.1', '1.0.0', NULL, 'unknown', '1', NULL, '2017-11-18 03:33:55', '2017-11-18 03:33:55', '2017-12-12 16:06:09', '36b6a33b-cdaa-4213-b150-bbe0a53843c6'),
 ('2', 'Venti', '1.2.3', '1.2.3', NULL, 'unknown', '1', NULL, '2017-11-21 12:18:43', '2017-11-21 12:18:43', '2017-12-12 16:06:09', '57e1e614-2d94-4241-89de-142ab14c934b'),
 ('3', 'InstagramFeed', '1.0.0', '1.0.0', NULL, 'unknown', '1', '{\"userId\":\"bodybyrobbie\",\"accessToken\":\"1805870488.d961bdc.0a277c5fbb6d4bb3b137467a5f4cdecd\"}', '2017-12-08 15:24:19', '2017-12-08 15:24:19', '2017-12-12 16:06:09', '06744e2f-d2e8-47c1-a666-03f603850309'),
 ('4', 'InstaCraft', '0.1.0', NULL, NULL, 'unknown', '1', NULL, '2017-12-08 16:34:42', '2017-12-08 16:34:42', '2017-12-12 16:06:09', '99e08e88-a241-4319-ad51-54a5cead0298');



DROP TABLE IF EXISTS `craft_rackspaceaccess`;


--
-- Schema for table `craft_rackspaceaccess`
--
CREATE TABLE `craft_rackspaceaccess` (
  `id` int(11) NOT NULL AUTO_INCREMENT,
  `connectionKey` varchar(255) COLLATE utf8_unicode_ci NOT NULL,
  `token` varchar(255) COLLATE utf8_unicode_ci NOT NULL,
  `storageUrl` varchar(255) COLLATE utf8_unicode_ci NOT NULL,
  `cdnUrl` varchar(255) COLLATE utf8_unicode_ci NOT NULL,
  `dateCreated` datetime NOT NULL,
  `dateUpdated` datetime NOT NULL,
  `uid` char(36) COLLATE utf8_unicode_ci NOT NULL DEFAULT '0',
  PRIMARY KEY (`id`),
  UNIQUE KEY `craft_rackspaceaccess_connectionKey_unq_idx` (`connectionKey`)
) ENGINE=InnoDB DEFAULT CHARSET=utf8 COLLATE=utf8_unicode_ci;

DROP TABLE IF EXISTS `craft_relations`;


--
-- Schema for table `craft_relations`
--
CREATE TABLE `craft_relations` (
  `id` int(11) NOT NULL AUTO_INCREMENT,
  `fieldId` int(11) NOT NULL,
  `sourceId` int(11) NOT NULL,
  `sourceLocale` char(12) COLLATE utf8_unicode_ci DEFAULT NULL,
  `targetId` int(11) NOT NULL,
  `sortOrder` smallint(6) DEFAULT NULL,
  `dateCreated` datetime NOT NULL,
  `dateUpdated` datetime NOT NULL,
  `uid` char(36) COLLATE utf8_unicode_ci NOT NULL DEFAULT '0',
  PRIMARY KEY (`id`),
  UNIQUE KEY `craft_relations_fieldId_sourceId_sourceLocale_targetId_unq_idx` (`fieldId`,`sourceId`,`sourceLocale`,`targetId`),
  KEY `craft_relations_sourceId_fk` (`sourceId`),
  KEY `craft_relations_sourceLocale_fk` (`sourceLocale`),
  KEY `craft_relations_targetId_fk` (`targetId`)
) ENGINE=InnoDB AUTO_INCREMENT=99 DEFAULT CHARSET=utf8 COLLATE=utf8_unicode_ci;

--
-- Data for table `craft_relations`
--

INSERT INTO `craft_relations` (`id`, `fieldId`, `sourceId`, `sourceLocale`, `targetId`, `sortOrder`, `dateCreated`, `dateUpdated`, `uid`) VALUES
 ('53', '33', '6', NULL, '48', '1', '2017-12-09 14:32:16', '2017-12-09 14:32:16', '5a2f305c-7967-4d19-9ded-280f43653661'),
 ('83', '10', '2', NULL, '4', '1', '2017-12-13 13:03:26', '2017-12-13 13:03:26', '5ccce526-b951-43c6-9a89-d57dab611e37'),
 ('84', '10', '2', NULL, '45', '2', '2017-12-13 13:03:26', '2017-12-13 13:03:26', '3d904c1f-5d5f-4b96-9ca9-31ec30ff2204'),
 ('85', '13', '2', NULL, '5', '1', '2017-12-13 13:03:26', '2017-12-13 13:03:26', '99b2815f-350a-4e25-b05c-0731b9a9d2a6'),
 ('86', '34', '2', NULL, '47', '1', '2017-12-13 13:03:26', '2017-12-13 13:03:26', '4f9d5dc7-a448-4fa7-946c-bcfc85db9589'),
 ('87', '34', '2', NULL, '46', '2', '2017-12-13 13:03:26', '2017-12-13 13:03:26', '8aa643f2-1ca4-44d7-936c-dfa47a5d4310'),
 ('88', '18', '2', NULL, '8', '1', '2017-12-13 13:03:26', '2017-12-13 13:03:26', '660e32fc-f05b-4b2d-82d0-051d67a61593'),
 ('89', '18', '2', NULL, '50', '2', '2017-12-13 13:03:26', '2017-12-13 13:03:26', '9b38f90f-e9a4-4d80-92aa-29096cfc6bf9'),
 ('90', '18', '2', NULL, '49', '3', '2017-12-13 13:03:26', '2017-12-13 13:03:26', '8a4b63fb-c9fe-46f7-a48c-5033f361c939'),
 ('91', '23', '2', NULL, '9', '1', '2017-12-13 13:03:26', '2017-12-13 13:03:26', 'be410131-e1bc-4b5f-af81-40275baa1ad4'),
 ('92', '23', '2', NULL, '10', '2', '2017-12-13 13:03:26', '2017-12-13 13:03:26', '2a9c3f62-0b5e-465d-9661-72515323c35c'),
 ('93', '23', '2', NULL, '11', '3', '2017-12-13 13:03:26', '2017-12-13 13:03:26', '5c58bc7c-11b3-40c0-b6d3-63ccc0f6076a'),
 ('94', '23', '2', NULL, '12', '4', '2017-12-13 13:03:26', '2017-12-13 13:03:26', 'e129ac53-42c7-49a8-a182-33e8c8da0210'),
 ('95', '23', '2', NULL, '13', '5', '2017-12-13 13:03:26', '2017-12-13 13:03:26', '800a829c-e9d9-4b66-9aeb-d0b5fe9e2ffb'),
 ('96', '23', '2', NULL, '14', '6', '2017-12-13 13:03:26', '2017-12-13 13:03:26', 'c4724a39-6509-45f0-a5fd-3062e9b0b964'),
 ('97', '23', '2', NULL, '15', '7', '2017-12-13 13:03:26', '2017-12-13 13:03:26', 'd77cf49d-7a03-4de3-8d6d-0cfea1e00736'),
 ('98', '23', '2', NULL, '16', '8', '2017-12-13 13:03:26', '2017-12-13 13:03:26', '5a44f6fe-98cb-4678-a1fd-3b610ce7f7b1');



DROP TABLE IF EXISTS `craft_routes`;


--
-- Schema for table `craft_routes`
--
CREATE TABLE `craft_routes` (
  `id` int(11) NOT NULL AUTO_INCREMENT,
  `locale` char(12) COLLATE utf8_unicode_ci DEFAULT NULL,
  `urlParts` varchar(255) COLLATE utf8_unicode_ci NOT NULL,
  `urlPattern` varchar(255) COLLATE utf8_unicode_ci NOT NULL,
  `template` varchar(255) COLLATE utf8_unicode_ci NOT NULL,
  `sortOrder` smallint(6) unsigned DEFAULT NULL,
  `dateCreated` datetime NOT NULL,
  `dateUpdated` datetime NOT NULL,
  `uid` char(36) COLLATE utf8_unicode_ci NOT NULL DEFAULT '0',
  PRIMARY KEY (`id`),
  KEY `craft_routes_locale_idx` (`locale`),
  KEY `craft_routes_urlPattern_idx` (`urlPattern`)
) ENGINE=InnoDB DEFAULT CHARSET=utf8 COLLATE=utf8_unicode_ci;

DROP TABLE IF EXISTS `craft_searchindex`;


--
-- Schema for table `craft_searchindex`
--
CREATE TABLE `craft_searchindex` (
  `elementId` int(11) NOT NULL,
  `attribute` varchar(25) COLLATE utf8_unicode_ci NOT NULL,
  `fieldId` int(11) NOT NULL,
  `locale` char(12) COLLATE utf8_unicode_ci NOT NULL,
  `keywords` text COLLATE utf8_unicode_ci NOT NULL,
  PRIMARY KEY (`elementId`,`attribute`,`fieldId`,`locale`),
  FULLTEXT KEY `craft_searchindex_keywords_idx` (`keywords`)
) ENGINE=MyISAM DEFAULT CHARSET=utf8 COLLATE=utf8_unicode_ci;

--
-- Data for table `craft_searchindex`
--

INSERT INTO `craft_searchindex` (`elementId`, `attribute`, `fieldId`, `locale`, `keywords`) VALUES
 ('1', 'username', '0', 'en_us', ' admin '),
 ('1', 'firstname', '0', 'en_us', ''),
 ('1', 'lastname', '0', 'en_us', ''),
 ('1', 'fullname', '0', 'en_us', ''),
 ('1', 'email', '0', 'en_us', ' daituzhang outlook com '),
 ('1', 'slug', '0', 'en_us', ''),
 ('2', 'slug', '0', 'en_us', ' homepage '),
 ('2', 'title', '0', 'en_us', ' homepage '),
 ('2', 'field', '1', 'en_us', ' it s true this site doesn t have a whole lot of content yet but don t worry our web developers have just installed the cms and they re setting things up for the content editors this very moment soon localhost will be an oasis of fresh perspectives sharp analyses and astute opinions that will keep you coming back again and again '),
 ('5', 'filename', '0', 'en_us', ' robbie_circle png '),
 ('3', 'field', '1', 'en_us', ' craft is the cms that s powering localhost it s beautiful powerful flexible and easy to use and it s made by pixel tonic we can t wait to dive in and see what it s capable of this is even more captivating content which you couldn t see on the news index page because it was entered after a page break and the news index template only likes to show the content on the first page craft a nice alternative to word if you re making a website '),
 ('3', 'field', '2', 'en_us', ''),
 ('3', 'slug', '0', 'en_us', ' we just installed craft '),
 ('3', 'title', '0', 'en_us', ' we just installed craft '),
 ('4', 'filename', '0', 'en_us', ' bbr_hero jpg '),
 ('4', 'extension', '0', 'en_us', ' jpg '),
 ('4', 'kind', '0', 'en_us', ' image '),
 ('4', 'slug', '0', 'en_us', ' bbr hero '),
 ('4', 'title', '0', 'en_us', ' bbr hero '),
 ('2', 'field', '10', 'en_us', ' bbr hero bbr hero mobile 2x '),
 ('2', 'field', '9', 'en_us', ''),
 ('2', 'field', '8', 'en_us', ' view workouts '),
 ('2', 'field', '7', 'en_us', ' it s time to turn doubt into drive '),
 ('2', 'field', '16', 'en_us', ' for robbie birdwell fitness is more than a passion it s a lifestyle he s personally experienced the power of physical conditioning to provide mental spiritual and bodily healing having a diverse background in health and fitness robbie specializes in injury prevention rehabilitation and functional training his expertise in correcting mobility issues and faulty movement patterns has helped clients of all types from injury plagued couch potatoes to division 1 college athletes as a certified athletic trainer through the national board of certification for athletic training robbie earned his bachelor s degree in athletic training and sports medicine from baylor university he went on to receive a master s degree in kinesiology from the university of north texas he worked with several notable athletes throughout his collegiate career including track stars jeremy wariner darold williamson and stephen white as well as then up and coming nfl players robert griffin iii rg3 jason smith lance dunbar and zachary orr robbie also knows firsthand what it takes to prepare and compete he played professional arena football in the indoor football league ifl for two years and competed as a bodybuilder within the physique division for the better bodies championship robbie s extensive education and experience have prepared him to offer quality service and care his goal oriented approach and customized research based workout programs empower clients to be accountable stay motivated and have fun when robbie is not at the gym he enjoys riding his motorcycle playing the guitar and watching football no surprise '),
 ('2', 'field', '13', 'en_us', ' robbie circle '),
 ('2', 'field', '12', 'en_us', ' robbie birdwell '),
 ('2', 'field', '14', 'en_us', ' as iron sharpens iron so one man sharpens another '),
 ('2', 'field', '15', 'en_us', ' proverbs 27 17 '),
 ('2', 'field', '11', 'en_us', ' about '),
 ('2', 'field', '18', 'en_us', ' what my clients are saying test 3 test2 '),
 ('2', 'field', '22', 'en_us', ' working out eating healthy and losing weight does not have to be a chore it should be an energizing enjoyable and empowering experience that you look forward to every day together we will overcome your obstacles push your boundaries and have a ton of fun making your fitness dreams a reality '),
 ('2', 'field', '23', 'en_us', ' nutrition coaching ​personal training small group training ​online training ​bridal boot camps ​sport specific strength training workplace ergonomics consulting ​restorative therapy '),
 ('2', 'field', '21', 'en_us', ' services '),
 ('5', 'extension', '0', 'en_us', ' png '),
 ('5', 'kind', '0', 'en_us', ' image '),
 ('5', 'slug', '0', 'en_us', ' robbie circle '),
 ('5', 'title', '0', 'en_us', ' robbie circle '),
 ('6', 'slug', '0', 'en_us', ''),
 ('7', 'field', '26', 'en_us', ''),
 ('7', 'field', '27', 'en_us', ''),
 ('7', 'slug', '0', 'en_us', ''),
 ('6', 'field', '28', 'en_us', ''),
 ('6', 'field', '29', 'en_us', ''),
 ('6', 'field', '30', 'en_us', ''),
 ('6', 'field', '31', 'en_us', ''),
 ('8', 'field', '6', 'en_us', ' robbie challenges me in ways better than any gym i have ever belonged to he is friendly professional and so much fun to be around i tell whoever will listen robbie s your guy '),
 ('8', 'field', '17', 'en_us', ' jennifer s '),
 ('8', 'slug', '0', 'en_us', ' what my clients are saying '),
 ('8', 'title', '0', 'en_us', ' what my clients are saying '),
 ('2', 'field', '32', 'en_us', ' what my clients are saying '),
 ('9', 'field', '1', 'en_us', ' education is key when it comes to proper nutrition that s why i offer a separate service devoted to meal planning your dietary restrictions and workout goals should work together learn specific techniques to make meal prepping easier discover how to enjoy cheat days and still reach your fitness goals meal prepping and delivery are available through our partner prepped and ready meal prep '),
 ('9', 'field', '20', 'en_us', ''),
 ('9', 'slug', '0', 'en_us', ' nutrition coaching '),
 ('9', 'title', '0', 'en_us', ' nutrition coaching '),
 ('10', 'field', '1', 'en_us', ' intimidated by large groups my personal training program is a great option for those who desire one on one attention together we ll assess your current state and establish realistic goals by completing a fitness and nutrition assessment using this data i ll develop a customized guided workout program and nutrition plan meal prepping and delivery available upon request '),
 ('10', 'field', '20', 'en_us', ''),
 ('10', 'slug', '0', 'en_us', ' personal training '),
 ('10', 'title', '0', 'en_us', ' ​personal training '),
 ('11', 'field', '1', 'en_us', ' thrive in small groups grab a group of 2 5 friends relatives or colleagues and share the cost we ll use the fitness and nutrition assessment to create individual goals as well as to develop customized guided workout programs and nutrition plans you ll still enjoy the benefit of personalized attention but in a slightly more social environment meal prepping and delivery available upon request '),
 ('11', 'field', '20', 'en_us', ''),
 ('11', 'slug', '0', 'en_us', ' small group training '),
 ('11', 'title', '0', 'en_us', ' small group training '),
 ('12', 'field', '1', 'en_us', ' adapt your fitness program to your lifestyle with online training if you travel often for work or prefer the comfort of your own home i provide a customized experience suitable for any setting via the app trainerize view your workouts track your meals send me messages and more access everything you need on your mobile device or desktop meal prepping and delivery available upon request '),
 ('12', 'field', '20', 'en_us', ''),
 ('12', 'slug', '0', 'en_us', ' online training '),
 ('12', 'title', '0', 'en_us', ' ​online training '),
 ('13', 'field', '1', 'en_us', ' got the perfect dress now need to fit into it you re not alone our bridal boot camps provide the perfect environment to whip your body into shape and de stress at the same time bring your bridesmaids along discounts are available for groups so the more the merrier join now and get ready for the big day '),
 ('13', 'field', '20', 'en_us', ''),
 ('13', 'slug', '0', 'en_us', ' bridal boot camps '),
 ('13', 'title', '0', 'en_us', ' ​bridal boot camps '),
 ('14', 'field', '1', 'en_us', ' want to take your athletic ability to the next level want to train like the pros this program is for the serious athlete who needs help with distinct skills in order to compete drawing on my background as an athlete and athletic trainer i provide rigorous workouts tailored to your sport as well as insight on the best techniques to help you reach your goals '),
 ('14', 'field', '20', 'en_us', ''),
 ('14', 'slug', '0', 'en_us', ' sport specific strength training '),
 ('14', 'title', '0', 'en_us', ' ​sport specific strength training '),
 ('15', 'field', '1', 'en_us', ' optimize your work space are you sitting correctly is your monitor in the best position i ll observe your work environment as well as how you work and get an inventory of current physical issues ex headaches backaches etc from there i ll provide research based solutions to modify your work space and enhance your wellness gain insight on the best ways to stay highly productive and injury free '),
 ('15', 'field', '20', 'en_us', ''),
 ('15', 'slug', '0', 'en_us', ' workplace ergonomics consulting '),
 ('15', 'title', '0', 'en_us', ' workplace ergonomics consulting '),
 ('16', 'field', '1', 'en_us', ' aches and pains come see me my unique regimen of deep tissue massages and corrective exercises reduces the discomfort associated with many injuries i employ the same level of care i used when working with both professional and division i athletes sign up for a free consultation and we ll discuss the best way to restore proper function to your body '),
 ('16', 'field', '20', 'en_us', ''),
 ('16', 'slug', '0', 'en_us', ' restorative therapy '),
 ('16', 'title', '0', 'en_us', ' ​restorative therapy '),
 ('6', 'field', '33', 'en_us', ' logo '),
 ('18', 'kind', '0', 'en_us', ' image '),
 ('18', 'extension', '0', 'en_us', ' svg '),
 ('18', 'filename', '0', 'en_us', ' logo svg '),
 ('18', 'slug', '0', 'en_us', ' logo '),
 ('18', 'title', '0', 'en_us', ' logo '),
 ('19', 'name', '0', 'en_us', ' test1 '),
 ('19', 'handle', '0', 'en_us', ' test1 '),
 ('19', 'slug', '0', 'en_us', ''),
 ('2', 'field', '39', 'en_us', ' 5555 e mockingbird lane s 200 dallas texas 75206 '),
 ('2', 'field', '40', 'en_us', ' 254 214 2618 '),
 ('2', 'field', '41', 'en_us', ' bodybyrobbie gmail com '),
 ('51', 'name', '0', 'en_us', ' contact form '),
 ('51', 'handle', '0', 'en_us', ' contactform '),
 ('48', 'filename', '0', 'en_us', ' logo png '),
 ('48', 'extension', '0', 'en_us', ' png '),
 ('48', 'kind', '0', 'en_us', ' image '),
 ('48', 'slug', '0', 'en_us', ' logo ');
INSERT INTO `craft_searchindex` (`elementId`, `attribute`, `fieldId`, `locale`, `keywords`) VALUES
 ('48', 'title', '0', 'en_us', ' logo '),
 ('49', 'field', '6', 'en_us', ' sajfoweroiaf sajfoweroiaf sajfoweroiaf sajfoweroiaf sajfoweroiaf sajfoweroiaf sajfoweroiaf sajfoweroiaf sajfoweroiaf sajfoweroiaf '),
 ('49', 'field', '17', 'en_us', ' test2 author '),
 ('49', 'slug', '0', 'en_us', ' test2 '),
 ('49', 'title', '0', 'en_us', ' test2 '),
 ('50', 'field', '6', 'en_us', ' asdfa asdfa asdfa asdfa asdfa asdfa asdfa asdfa asdfa asdfa asdfa asdfa asdfa asdfa asdfa asdfa asdfa asdfa asdfa asdfa asdfa asdfa asdfa '),
 ('51', 'slug', '0', 'en_us', ''),
 ('50', 'field', '17', 'en_us', ' test3 author '),
 ('50', 'slug', '0', 'en_us', ' test 3 '),
 ('50', 'title', '0', 'en_us', ' test 3 '),
 ('2', 'field', '34', 'en_us', ' testimonial 2x testimonial mobile 2x '),
 ('47', 'slug', '0', 'en_us', ' testimonial 2x '),
 ('47', 'title', '0', 'en_us', ' testimonial 2x '),
 ('47', 'kind', '0', 'en_us', ' image '),
 ('47', 'filename', '0', 'en_us', ' testimonial 2x jpg '),
 ('47', 'extension', '0', 'en_us', ' jpg '),
 ('46', 'slug', '0', 'en_us', ' testimonial mobile 2x '),
 ('46', 'title', '0', 'en_us', ' testimonial mobile 2x '),
 ('46', 'kind', '0', 'en_us', ' image '),
 ('46', 'filename', '0', 'en_us', ' testimonial_mobile 2x jpg '),
 ('46', 'extension', '0', 'en_us', ' jpg '),
 ('45', 'extension', '0', 'en_us', ' jpg '),
 ('45', 'filename', '0', 'en_us', ' bbr_hero_mobile 2x jpg '),
 ('45', 'kind', '0', 'en_us', ' image '),
 ('45', 'slug', '0', 'en_us', ' bbr hero mobile 2x '),
 ('45', 'title', '0', 'en_us', ' bbr hero mobile 2x ');



DROP TABLE IF EXISTS `craft_sections`;


--
-- Schema for table `craft_sections`
--
CREATE TABLE `craft_sections` (
  `id` int(11) NOT NULL AUTO_INCREMENT,
  `structureId` int(11) DEFAULT NULL,
  `name` varchar(255) COLLATE utf8_unicode_ci NOT NULL,
  `handle` varchar(255) COLLATE utf8_unicode_ci NOT NULL,
  `type` enum('single','channel','structure') COLLATE utf8_unicode_ci NOT NULL DEFAULT 'channel',
  `hasUrls` tinyint(1) unsigned NOT NULL DEFAULT '1',
  `template` varchar(500) COLLATE utf8_unicode_ci DEFAULT NULL,
  `enableVersioning` tinyint(1) unsigned NOT NULL DEFAULT '0',
  `dateCreated` datetime NOT NULL,
  `dateUpdated` datetime NOT NULL,
  `uid` char(36) COLLATE utf8_unicode_ci NOT NULL DEFAULT '0',
  PRIMARY KEY (`id`),
  UNIQUE KEY `craft_sections_name_unq_idx` (`name`),
  UNIQUE KEY `craft_sections_handle_unq_idx` (`handle`),
  KEY `craft_sections_structureId_fk` (`structureId`)
) ENGINE=InnoDB AUTO_INCREMENT=6 DEFAULT CHARSET=utf8 COLLATE=utf8_unicode_ci;

--
-- Data for table `craft_sections`
--

INSERT INTO `craft_sections` (`id`, `structureId`, `name`, `handle`, `type`, `hasUrls`, `template`, `enableVersioning`, `dateCreated`, `dateUpdated`, `uid`) VALUES
 ('1', NULL, 'Homepage', 'homepage', 'single', '1', 'index', '1', '2017-11-17 06:35:17', '2017-11-17 06:35:17', 'fb3e1374-54e3-4a38-96f7-ed25baaca4b6'),
 ('2', NULL, 'News', 'news', 'channel', '1', 'news/_entry', '1', '2017-11-17 06:35:17', '2017-11-17 06:35:17', '21bf4e63-27c7-46eb-94db-b9b0df9623ac'),
 ('3', NULL, 'Testimonial', 'testimonial', 'channel', '1', 'testimonial/_entry', '1', '2017-11-17 07:38:10', '2017-11-17 07:38:10', 'dae37448-b51a-4639-ad9f-41086f7bdab6'),
 ('4', NULL, 'Service', 'service', 'channel', '1', 'service/_entry', '1', '2017-11-17 07:44:11', '2017-11-17 07:44:11', '3d531002-9288-43f9-a2dd-b2d0357b90ec'),
 ('5', NULL, 'Training', 'training', 'channel', '1', 'training/_entry', '1', '2017-11-21 12:22:04', '2017-11-21 12:22:04', 'aa7ab975-12f5-4f45-9293-d94c1b4ec7c3');



DROP TABLE IF EXISTS `craft_sections_i18n`;


--
-- Schema for table `craft_sections_i18n`
--
CREATE TABLE `craft_sections_i18n` (
  `id` int(11) NOT NULL AUTO_INCREMENT,
  `sectionId` int(11) NOT NULL,
  `locale` char(12) COLLATE utf8_unicode_ci NOT NULL,
  `enabledByDefault` tinyint(1) unsigned NOT NULL DEFAULT '1',
  `urlFormat` text COLLATE utf8_unicode_ci,
  `nestedUrlFormat` text COLLATE utf8_unicode_ci,
  `dateCreated` datetime NOT NULL,
  `dateUpdated` datetime NOT NULL,
  `uid` char(36) COLLATE utf8_unicode_ci NOT NULL DEFAULT '0',
  PRIMARY KEY (`id`),
  UNIQUE KEY `craft_sections_i18n_sectionId_locale_unq_idx` (`sectionId`,`locale`),
  KEY `craft_sections_i18n_locale_fk` (`locale`)
) ENGINE=InnoDB AUTO_INCREMENT=6 DEFAULT CHARSET=utf8 COLLATE=utf8_unicode_ci;

--
-- Data for table `craft_sections_i18n`
--

INSERT INTO `craft_sections_i18n` (`id`, `sectionId`, `locale`, `enabledByDefault`, `urlFormat`, `nestedUrlFormat`, `dateCreated`, `dateUpdated`, `uid`) VALUES
 ('1', '1', 'en_us', '1', '__home__', NULL, '2017-11-17 06:35:17', '2017-11-17 06:35:17', '97342bc4-bcd8-4b15-861b-632910192707'),
 ('2', '2', 'en_us', '1', 'news/{postDate.year}/{slug}', NULL, '2017-11-17 06:35:17', '2017-11-17 06:35:17', 'b253cde3-98ee-4a0c-b97f-b37dafce1f01'),
 ('3', '3', 'en_us', '1', 'testimonial/{slug}', NULL, '2017-11-17 07:38:10', '2017-11-17 07:38:10', 'c7801697-27e1-4b4e-82ff-30b07b683001'),
 ('4', '4', 'en_us', '1', 'service/{slug}', NULL, '2017-11-17 07:44:11', '2017-11-17 07:44:11', '8944b5ab-8feb-426b-bac5-1a1807741dc4'),
 ('5', '5', 'en_us', '1', 'training/{slug}', NULL, '2017-11-21 12:22:04', '2017-11-21 12:22:04', '8c0a6fc1-3b8f-4d42-b31c-43417dffa6fa');



DROP TABLE IF EXISTS `craft_sessions`;


--
-- Schema for table `craft_sessions`
--
CREATE TABLE `craft_sessions` (
  `id` int(11) NOT NULL AUTO_INCREMENT,
  `userId` int(11) NOT NULL,
  `token` char(100) COLLATE utf8_unicode_ci NOT NULL,
  `dateCreated` datetime NOT NULL,
  `dateUpdated` datetime NOT NULL,
  `uid` char(36) COLLATE utf8_unicode_ci NOT NULL DEFAULT '0',
  PRIMARY KEY (`id`),
  KEY `craft_sessions_uid_idx` (`uid`),
  KEY `craft_sessions_token_idx` (`token`),
  KEY `craft_sessions_dateUpdated_idx` (`dateUpdated`),
  KEY `craft_sessions_userId_fk` (`userId`)
) ENGINE=InnoDB AUTO_INCREMENT=4 DEFAULT CHARSET=utf8 COLLATE=utf8_unicode_ci;

DROP TABLE IF EXISTS `craft_shunnedmessages`;


--
-- Schema for table `craft_shunnedmessages`
--
CREATE TABLE `craft_shunnedmessages` (
  `id` int(11) NOT NULL AUTO_INCREMENT,
  `userId` int(11) NOT NULL,
  `message` varchar(255) COLLATE utf8_unicode_ci NOT NULL,
  `expiryDate` datetime DEFAULT NULL,
  `dateCreated` datetime NOT NULL,
  `dateUpdated` datetime NOT NULL,
  `uid` char(36) COLLATE utf8_unicode_ci NOT NULL DEFAULT '0',
  PRIMARY KEY (`id`),
  UNIQUE KEY `craft_shunnedmessages_userId_message_unq_idx` (`userId`,`message`)
) ENGINE=InnoDB DEFAULT CHARSET=utf8 COLLATE=utf8_unicode_ci;

DROP TABLE IF EXISTS `craft_structureelements`;


--
-- Schema for table `craft_structureelements`
--
CREATE TABLE `craft_structureelements` (
  `id` int(11) NOT NULL AUTO_INCREMENT,
  `structureId` int(11) NOT NULL,
  `elementId` int(11) DEFAULT NULL,
  `root` int(11) unsigned DEFAULT NULL,
  `lft` int(11) unsigned NOT NULL,
  `rgt` int(11) unsigned NOT NULL,
  `level` smallint(6) unsigned NOT NULL,
  `dateCreated` datetime NOT NULL,
  `dateUpdated` datetime NOT NULL,
  `uid` char(36) COLLATE utf8_unicode_ci NOT NULL DEFAULT '0',
  PRIMARY KEY (`id`),
  UNIQUE KEY `craft_structureelements_structureId_elementId_unq_idx` (`structureId`,`elementId`),
  KEY `craft_structureelements_root_idx` (`root`),
  KEY `craft_structureelements_lft_idx` (`lft`),
  KEY `craft_structureelements_rgt_idx` (`rgt`),
  KEY `craft_structureelements_level_idx` (`level`),
  KEY `craft_structureelements_elementId_fk` (`elementId`)
) ENGINE=InnoDB DEFAULT CHARSET=utf8 COLLATE=utf8_unicode_ci;

DROP TABLE IF EXISTS `craft_structures`;


--
-- Schema for table `craft_structures`
--
CREATE TABLE `craft_structures` (
  `id` int(11) NOT NULL AUTO_INCREMENT,
  `maxLevels` smallint(6) unsigned DEFAULT NULL,
  `dateCreated` datetime NOT NULL,
  `dateUpdated` datetime NOT NULL,
  `uid` char(36) COLLATE utf8_unicode_ci NOT NULL DEFAULT '0',
  PRIMARY KEY (`id`)
) ENGINE=InnoDB DEFAULT CHARSET=utf8 COLLATE=utf8_unicode_ci;

DROP TABLE IF EXISTS `craft_systemsettings`;


--
-- Schema for table `craft_systemsettings`
--
CREATE TABLE `craft_systemsettings` (
  `id` int(11) NOT NULL AUTO_INCREMENT,
  `category` varchar(15) COLLATE utf8_unicode_ci NOT NULL,
  `settings` text COLLATE utf8_unicode_ci,
  `dateCreated` datetime NOT NULL,
  `dateUpdated` datetime NOT NULL,
  `uid` char(36) COLLATE utf8_unicode_ci NOT NULL DEFAULT '0',
  PRIMARY KEY (`id`),
  UNIQUE KEY `craft_systemsettings_category_unq_idx` (`category`)
) ENGINE=InnoDB AUTO_INCREMENT=2 DEFAULT CHARSET=utf8 COLLATE=utf8_unicode_ci;

--
-- Data for table `craft_systemsettings`
--

INSERT INTO `craft_systemsettings` (`id`, `category`, `settings`, `dateCreated`, `dateUpdated`, `uid`) VALUES
 ('1', 'email', '{\"protocol\":\"php\",\"emailAddress\":\"daituzhang@outlook.com\",\"senderName\":\"Body by Robbie\"}', '2017-11-17 06:35:17', '2017-11-17 06:35:17', '4c39ef2e-8efe-4d81-bb1e-b4f01b4c68f9');



DROP TABLE IF EXISTS `craft_taggroups`;


--
-- Schema for table `craft_taggroups`
--
CREATE TABLE `craft_taggroups` (
  `id` int(11) NOT NULL AUTO_INCREMENT,
  `name` varchar(255) COLLATE utf8_unicode_ci NOT NULL,
  `handle` varchar(255) COLLATE utf8_unicode_ci NOT NULL,
  `fieldLayoutId` int(10) DEFAULT NULL,
  `dateCreated` datetime NOT NULL,
  `dateUpdated` datetime NOT NULL,
  `uid` char(36) COLLATE utf8_unicode_ci NOT NULL DEFAULT '0',
  PRIMARY KEY (`id`),
  UNIQUE KEY `craft_taggroups_name_unq_idx` (`name`),
  UNIQUE KEY `craft_taggroups_handle_unq_idx` (`handle`),
  KEY `craft_taggroups_fieldLayoutId_fk` (`fieldLayoutId`)
) ENGINE=InnoDB AUTO_INCREMENT=2 DEFAULT CHARSET=utf8 COLLATE=utf8_unicode_ci;

--
-- Data for table `craft_taggroups`
--

INSERT INTO `craft_taggroups` (`id`, `name`, `handle`, `fieldLayoutId`, `dateCreated`, `dateUpdated`, `uid`) VALUES
 ('1', 'Default', 'default', '1', '2017-11-17 06:35:17', '2017-11-17 06:35:17', '6c24494c-6a32-4bfc-aa73-bed5babc5747');



DROP TABLE IF EXISTS `craft_tags`;


--
-- Schema for table `craft_tags`
--
CREATE TABLE `craft_tags` (
  `id` int(11) NOT NULL,
  `groupId` int(11) NOT NULL,
  `dateCreated` datetime NOT NULL,
  `dateUpdated` datetime NOT NULL,
  `uid` char(36) COLLATE utf8_unicode_ci NOT NULL DEFAULT '0',
  PRIMARY KEY (`id`),
  KEY `craft_tags_groupId_fk` (`groupId`)
) ENGINE=InnoDB DEFAULT CHARSET=utf8 COLLATE=utf8_unicode_ci;

DROP TABLE IF EXISTS `craft_tasks`;


--
-- Schema for table `craft_tasks`
--
CREATE TABLE `craft_tasks` (
  `id` int(11) NOT NULL AUTO_INCREMENT,
  `root` int(11) unsigned DEFAULT NULL,
  `lft` int(11) unsigned NOT NULL,
  `rgt` int(11) unsigned NOT NULL,
  `level` smallint(6) unsigned NOT NULL,
  `currentStep` int(11) unsigned DEFAULT NULL,
  `totalSteps` int(11) unsigned DEFAULT NULL,
  `status` enum('pending','error','running') COLLATE utf8_unicode_ci DEFAULT NULL,
  `type` varchar(150) COLLATE utf8_unicode_ci NOT NULL,
  `description` varchar(255) COLLATE utf8_unicode_ci DEFAULT NULL,
  `settings` mediumtext COLLATE utf8_unicode_ci,
  `dateCreated` datetime NOT NULL,
  `dateUpdated` datetime NOT NULL,
  `uid` char(36) COLLATE utf8_unicode_ci NOT NULL DEFAULT '0',
  PRIMARY KEY (`id`),
  KEY `craft_tasks_root_idx` (`root`),
  KEY `craft_tasks_lft_idx` (`lft`),
  KEY `craft_tasks_rgt_idx` (`rgt`),
  KEY `craft_tasks_level_idx` (`level`)
) ENGINE=InnoDB AUTO_INCREMENT=22 DEFAULT CHARSET=utf8 COLLATE=utf8_unicode_ci;

DROP TABLE IF EXISTS `craft_templatecachecriteria`;


--
-- Schema for table `craft_templatecachecriteria`
--
CREATE TABLE `craft_templatecachecriteria` (
  `id` int(11) NOT NULL AUTO_INCREMENT,
  `cacheId` int(11) NOT NULL,
  `type` varchar(150) COLLATE utf8_unicode_ci NOT NULL,
  `criteria` text COLLATE utf8_unicode_ci NOT NULL,
  PRIMARY KEY (`id`),
  KEY `craft_templatecachecriteria_cacheId_fk` (`cacheId`),
  KEY `craft_templatecachecriteria_type_idx` (`type`)
) ENGINE=InnoDB AUTO_INCREMENT=470 DEFAULT CHARSET=utf8 COLLATE=utf8_unicode_ci;

DROP TABLE IF EXISTS `craft_templatecacheelements`;


--
-- Schema for table `craft_templatecacheelements`
--
CREATE TABLE `craft_templatecacheelements` (
  `cacheId` int(11) NOT NULL,
  `elementId` int(11) NOT NULL,
  KEY `craft_templatecacheelements_cacheId_fk` (`cacheId`),
  KEY `craft_templatecacheelements_elementId_fk` (`elementId`)
) ENGINE=InnoDB DEFAULT CHARSET=utf8 COLLATE=utf8_unicode_ci;

DROP TABLE IF EXISTS `craft_templatecaches`;


--
-- Schema for table `craft_templatecaches`
--
CREATE TABLE `craft_templatecaches` (
  `id` int(11) NOT NULL AUTO_INCREMENT,
  `cacheKey` varchar(255) COLLATE utf8_unicode_ci NOT NULL,
  `locale` char(12) COLLATE utf8_unicode_ci NOT NULL,
  `path` varchar(255) COLLATE utf8_unicode_ci DEFAULT NULL,
  `expiryDate` datetime NOT NULL,
  `body` mediumtext COLLATE utf8_unicode_ci NOT NULL,
  PRIMARY KEY (`id`),
  KEY `craft_templatecaches_expiryDate_cacheKey_locale_path_idx` (`expiryDate`,`cacheKey`,`locale`,`path`),
  KEY `craft_templatecaches_locale_fk` (`locale`)
) ENGINE=InnoDB AUTO_INCREMENT=845 DEFAULT CHARSET=utf8 COLLATE=utf8_unicode_ci;

DROP TABLE IF EXISTS `craft_tokens`;


--
-- Schema for table `craft_tokens`
--
CREATE TABLE `craft_tokens` (
  `id` int(11) NOT NULL AUTO_INCREMENT,
  `token` char(32) COLLATE utf8_unicode_ci NOT NULL,
  `route` text COLLATE utf8_unicode_ci,
  `usageLimit` tinyint(3) unsigned DEFAULT NULL,
  `usageCount` tinyint(3) unsigned DEFAULT NULL,
  `expiryDate` datetime NOT NULL,
  `dateCreated` datetime NOT NULL,
  `dateUpdated` datetime NOT NULL,
  `uid` char(36) COLLATE utf8_unicode_ci NOT NULL DEFAULT '0',
  PRIMARY KEY (`id`),
  UNIQUE KEY `craft_tokens_token_unq_idx` (`token`),
  KEY `craft_tokens_expiryDate_idx` (`expiryDate`)
) ENGINE=InnoDB DEFAULT CHARSET=utf8 COLLATE=utf8_unicode_ci;

DROP TABLE IF EXISTS `craft_usergroups`;


--
-- Schema for table `craft_usergroups`
--
CREATE TABLE `craft_usergroups` (
  `id` int(11) NOT NULL AUTO_INCREMENT,
  `name` varchar(255) COLLATE utf8_unicode_ci NOT NULL,
  `handle` varchar(255) COLLATE utf8_unicode_ci NOT NULL,
  `dateCreated` datetime NOT NULL,
  `dateUpdated` datetime NOT NULL,
  `uid` char(36) COLLATE utf8_unicode_ci NOT NULL DEFAULT '0',
  PRIMARY KEY (`id`),
  UNIQUE KEY `craft_usergroups_name_unq_idx` (`name`),
  UNIQUE KEY `craft_usergroups_handle_unq_idx` (`handle`)
) ENGINE=InnoDB DEFAULT CHARSET=utf8 COLLATE=utf8_unicode_ci;

DROP TABLE IF EXISTS `craft_usergroups_users`;


--
-- Schema for table `craft_usergroups_users`
--
CREATE TABLE `craft_usergroups_users` (
  `id` int(11) NOT NULL AUTO_INCREMENT,
  `groupId` int(11) NOT NULL,
  `userId` int(11) NOT NULL,
  `dateCreated` datetime NOT NULL,
  `dateUpdated` datetime NOT NULL,
  `uid` char(36) COLLATE utf8_unicode_ci NOT NULL DEFAULT '0',
  PRIMARY KEY (`id`),
  UNIQUE KEY `craft_usergroups_users_groupId_userId_unq_idx` (`groupId`,`userId`),
  KEY `craft_usergroups_users_userId_fk` (`userId`)
) ENGINE=InnoDB DEFAULT CHARSET=utf8 COLLATE=utf8_unicode_ci;

DROP TABLE IF EXISTS `craft_userpermissions`;


--
-- Schema for table `craft_userpermissions`
--
CREATE TABLE `craft_userpermissions` (
  `id` int(11) NOT NULL AUTO_INCREMENT,
  `name` varchar(255) COLLATE utf8_unicode_ci NOT NULL,
  `dateCreated` datetime NOT NULL,
  `dateUpdated` datetime NOT NULL,
  `uid` char(36) COLLATE utf8_unicode_ci NOT NULL DEFAULT '0',
  PRIMARY KEY (`id`),
  UNIQUE KEY `craft_userpermissions_name_unq_idx` (`name`)
) ENGINE=InnoDB DEFAULT CHARSET=utf8 COLLATE=utf8_unicode_ci;

DROP TABLE IF EXISTS `craft_userpermissions_usergroups`;


--
-- Schema for table `craft_userpermissions_usergroups`
--
CREATE TABLE `craft_userpermissions_usergroups` (
  `id` int(11) NOT NULL AUTO_INCREMENT,
  `permissionId` int(11) NOT NULL,
  `groupId` int(11) NOT NULL,
  `dateCreated` datetime NOT NULL,
  `dateUpdated` datetime NOT NULL,
  `uid` char(36) COLLATE utf8_unicode_ci NOT NULL DEFAULT '0',
  PRIMARY KEY (`id`),
  UNIQUE KEY `craft_userpermissions_usergroups_permissionId_groupId_unq_idx` (`permissionId`,`groupId`),
  KEY `craft_userpermissions_usergroups_groupId_fk` (`groupId`)
) ENGINE=InnoDB DEFAULT CHARSET=utf8 COLLATE=utf8_unicode_ci;

DROP TABLE IF EXISTS `craft_userpermissions_users`;


--
-- Schema for table `craft_userpermissions_users`
--
CREATE TABLE `craft_userpermissions_users` (
  `id` int(11) NOT NULL AUTO_INCREMENT,
  `permissionId` int(11) NOT NULL,
  `userId` int(11) NOT NULL,
  `dateCreated` datetime NOT NULL,
  `dateUpdated` datetime NOT NULL,
  `uid` char(36) COLLATE utf8_unicode_ci NOT NULL DEFAULT '0',
  PRIMARY KEY (`id`),
  UNIQUE KEY `craft_userpermissions_users_permissionId_userId_unq_idx` (`permissionId`,`userId`),
  KEY `craft_userpermissions_users_userId_fk` (`userId`)
) ENGINE=InnoDB DEFAULT CHARSET=utf8 COLLATE=utf8_unicode_ci;

DROP TABLE IF EXISTS `craft_users`;


--
-- Schema for table `craft_users`
--
CREATE TABLE `craft_users` (
  `id` int(11) NOT NULL,
  `username` varchar(100) COLLATE utf8_unicode_ci NOT NULL,
  `photo` varchar(100) COLLATE utf8_unicode_ci DEFAULT NULL,
  `firstName` varchar(100) COLLATE utf8_unicode_ci DEFAULT NULL,
  `lastName` varchar(100) COLLATE utf8_unicode_ci DEFAULT NULL,
  `email` varchar(255) COLLATE utf8_unicode_ci NOT NULL,
  `password` char(255) COLLATE utf8_unicode_ci DEFAULT NULL,
  `preferredLocale` char(12) COLLATE utf8_unicode_ci DEFAULT NULL,
  `weekStartDay` tinyint(1) unsigned NOT NULL DEFAULT '0',
  `admin` tinyint(1) unsigned NOT NULL DEFAULT '0',
  `client` tinyint(1) unsigned NOT NULL DEFAULT '0',
  `locked` tinyint(1) unsigned NOT NULL DEFAULT '0',
  `suspended` tinyint(1) unsigned NOT NULL DEFAULT '0',
  `pending` tinyint(1) unsigned NOT NULL DEFAULT '0',
  `archived` tinyint(1) unsigned NOT NULL DEFAULT '0',
  `lastLoginDate` datetime DEFAULT NULL,
  `lastLoginAttemptIPAddress` varchar(45) COLLATE utf8_unicode_ci DEFAULT NULL,
  `invalidLoginWindowStart` datetime DEFAULT NULL,
  `invalidLoginCount` tinyint(4) unsigned DEFAULT NULL,
  `lastInvalidLoginDate` datetime DEFAULT NULL,
  `lockoutDate` datetime DEFAULT NULL,
  `verificationCode` char(100) COLLATE utf8_unicode_ci DEFAULT NULL,
  `verificationCodeIssuedDate` datetime DEFAULT NULL,
  `unverifiedEmail` varchar(255) COLLATE utf8_unicode_ci DEFAULT NULL,
  `passwordResetRequired` tinyint(1) unsigned NOT NULL DEFAULT '0',
  `lastPasswordChangeDate` datetime DEFAULT NULL,
  `dateCreated` datetime NOT NULL,
  `dateUpdated` datetime NOT NULL,
  `uid` char(36) COLLATE utf8_unicode_ci NOT NULL DEFAULT '0',
  PRIMARY KEY (`id`),
  UNIQUE KEY `craft_users_username_unq_idx` (`username`),
  UNIQUE KEY `craft_users_email_unq_idx` (`email`),
  KEY `craft_users_verificationCode_idx` (`verificationCode`),
  KEY `craft_users_uid_idx` (`uid`),
  KEY `craft_users_preferredLocale_fk` (`preferredLocale`)
) ENGINE=InnoDB DEFAULT CHARSET=utf8 COLLATE=utf8_unicode_ci;

--
-- Data for table `craft_users`
--

INSERT INTO `craft_users` (`id`, `username`, `photo`, `firstName`, `lastName`, `email`, `password`, `preferredLocale`, `weekStartDay`, `admin`, `client`, `locked`, `suspended`, `pending`, `archived`, `lastLoginDate`, `lastLoginAttemptIPAddress`, `invalidLoginWindowStart`, `invalidLoginCount`, `lastInvalidLoginDate`, `lockoutDate`, `verificationCode`, `verificationCodeIssuedDate`, `unverifiedEmail`, `passwordResetRequired`, `lastPasswordChangeDate`, `dateCreated`, `dateUpdated`, `uid`) VALUES
 ('1', 'admin', NULL, NULL, NULL, 'daituzhang@outlook.com', '$2y$13$Uj75tYIuqRPGjKOzrandpeNW.u1PeHPYynpNsupqlxMngIea66MHS', NULL, '0', '1', '0', '0', '0', '0', '0', '2017-11-21 12:18:28', '10.0.2.2', NULL, NULL, '2017-11-18 01:59:14', NULL, NULL, NULL, NULL, '0', '2017-11-17 06:35:15', '2017-11-17 06:35:15', '2017-11-21 12:18:28', 'fa7866eb-5a1b-4c08-ab35-95de694c431e');



DROP TABLE IF EXISTS `craft_venti_events`;


--
-- Schema for table `craft_venti_events`
--
CREATE TABLE `craft_venti_events` (
  `eid` int(11) NOT NULL AUTO_INCREMENT,
  `eventid` int(10) DEFAULT NULL,
  `startDate` datetime DEFAULT NULL,
  `endDate` datetime DEFAULT NULL,
  `allDay` int(10) DEFAULT NULL,
  `repeat` int(10) DEFAULT NULL,
  `rRule` varchar(255) COLLATE utf8_unicode_ci DEFAULT NULL,
  `summary` varchar(255) COLLATE utf8_unicode_ci DEFAULT NULL,
  `isrepeat` int(10) DEFAULT NULL,
  `locale` varchar(255) COLLATE utf8_unicode_ci DEFAULT NULL,
  `dateCreated` datetime NOT NULL,
  `dateUpdated` datetime NOT NULL,
  `uid` char(36) COLLATE utf8_unicode_ci NOT NULL DEFAULT '0',
  PRIMARY KEY (`eid`),
  UNIQUE KEY `craft_venti_events_eid_unq_idx` (`eid`),
  KEY `craft_venti_events_eventid_fk` (`eventid`)
) ENGINE=InnoDB DEFAULT CHARSET=utf8 COLLATE=utf8_unicode_ci;

DROP TABLE IF EXISTS `craft_widgets`;


--
-- Schema for table `craft_widgets`
--
CREATE TABLE `craft_widgets` (
  `id` int(11) NOT NULL AUTO_INCREMENT,
  `userId` int(11) NOT NULL,
  `type` varchar(150) COLLATE utf8_unicode_ci NOT NULL,
  `sortOrder` smallint(6) unsigned DEFAULT NULL,
  `colspan` tinyint(4) unsigned DEFAULT NULL,
  `settings` text COLLATE utf8_unicode_ci,
  `enabled` tinyint(1) unsigned NOT NULL DEFAULT '1',
  `dateCreated` datetime NOT NULL,
  `dateUpdated` datetime NOT NULL,
  `uid` char(36) COLLATE utf8_unicode_ci NOT NULL DEFAULT '0',
  PRIMARY KEY (`id`),
  KEY `craft_widgets_userId_fk` (`userId`)
) ENGINE=InnoDB AUTO_INCREMENT=5 DEFAULT CHARSET=utf8 COLLATE=utf8_unicode_ci;

--
-- Data for table `craft_widgets`
--

INSERT INTO `craft_widgets` (`id`, `userId`, `type`, `sortOrder`, `colspan`, `settings`, `enabled`, `dateCreated`, `dateUpdated`, `uid`) VALUES
 ('1', '1', 'RecentEntries', '1', NULL, NULL, '1', '2017-11-17 06:35:21', '2017-11-17 06:35:21', '84241de7-fb3c-46ec-a4e1-4f4c9417d258'),
 ('2', '1', 'GetHelp', '2', NULL, NULL, '1', '2017-11-17 06:35:21', '2017-11-17 06:35:21', '4c97985a-ea67-411b-abd1-9aae75ce21bd'),
 ('3', '1', 'Updates', '3', NULL, NULL, '1', '2017-11-17 06:35:21', '2017-11-17 06:35:21', '72a4f1a2-a3cf-46e5-8646-171e334383aa'),
 ('4', '1', 'Feed', '4', NULL, '{\"url\":\"https:\\/\\/craftcms.com\\/news.rss\",\"title\":\"Craft News\"}', '1', '2017-11-17 06:35:21', '2017-11-17 06:35:21', 'da33a7f3-ec78-4276-b155-a698218da75b');


--
-- Constraints for tables
--


--
-- Constraints for table `craft_assetfiles`
--
ALTER TABLE `craft_assetfiles`
	ADD CONSTRAINT `craft_assetfiles_folderId_fk` FOREIGN KEY (`folderId`) REFERENCES `craft_assetfolders` (`id`) ON DELETE CASCADE,
	ADD CONSTRAINT `craft_assetfiles_id_fk` FOREIGN KEY (`id`) REFERENCES `craft_elements` (`id`) ON DELETE CASCADE,
	ADD CONSTRAINT `craft_assetfiles_sourceId_fk` FOREIGN KEY (`sourceId`) REFERENCES `craft_assetsources` (`id`) ON DELETE CASCADE;

--
-- Constraints for table `craft_assetfolders`
--
ALTER TABLE `craft_assetfolders`
	ADD CONSTRAINT `craft_assetfolders_parentId_fk` FOREIGN KEY (`parentId`) REFERENCES `craft_assetfolders` (`id`) ON DELETE CASCADE,
	ADD CONSTRAINT `craft_assetfolders_sourceId_fk` FOREIGN KEY (`sourceId`) REFERENCES `craft_assetsources` (`id`) ON DELETE CASCADE;

--
-- Constraints for table `craft_assetindexdata`
--
ALTER TABLE `craft_assetindexdata`
	ADD CONSTRAINT `craft_assetindexdata_sourceId_fk` FOREIGN KEY (`sourceId`) REFERENCES `craft_assetsources` (`id`) ON DELETE CASCADE;

--
-- Constraints for table `craft_assetsources`
--
ALTER TABLE `craft_assetsources`
	ADD CONSTRAINT `craft_assetsources_fieldLayoutId_fk` FOREIGN KEY (`fieldLayoutId`) REFERENCES `craft_fieldlayouts` (`id`) ON DELETE SET NULL;

--
-- Constraints for table `craft_categories`
--
ALTER TABLE `craft_categories`
	ADD CONSTRAINT `craft_categories_groupId_fk` FOREIGN KEY (`groupId`) REFERENCES `craft_categorygroups` (`id`) ON DELETE CASCADE,
	ADD CONSTRAINT `craft_categories_id_fk` FOREIGN KEY (`id`) REFERENCES `craft_elements` (`id`) ON DELETE CASCADE;

--
-- Constraints for table `craft_categorygroups`
--
ALTER TABLE `craft_categorygroups`
	ADD CONSTRAINT `craft_categorygroups_fieldLayoutId_fk` FOREIGN KEY (`fieldLayoutId`) REFERENCES `craft_fieldlayouts` (`id`) ON DELETE SET NULL,
	ADD CONSTRAINT `craft_categorygroups_structureId_fk` FOREIGN KEY (`structureId`) REFERENCES `craft_structures` (`id`) ON DELETE CASCADE;

--
-- Constraints for table `craft_categorygroups_i18n`
--
ALTER TABLE `craft_categorygroups_i18n`
	ADD CONSTRAINT `craft_categorygroups_i18n_groupId_fk` FOREIGN KEY (`groupId`) REFERENCES `craft_categorygroups` (`id`) ON DELETE CASCADE,
	ADD CONSTRAINT `craft_categorygroups_i18n_locale_fk` FOREIGN KEY (`locale`) REFERENCES `craft_locales` (`locale`) ON DELETE CASCADE ON UPDATE CASCADE;

--
-- Constraints for table `craft_content`
--
ALTER TABLE `craft_content`
	ADD CONSTRAINT `craft_content_elementId_fk` FOREIGN KEY (`elementId`) REFERENCES `craft_elements` (`id`) ON DELETE CASCADE,
	ADD CONSTRAINT `craft_content_locale_fk` FOREIGN KEY (`locale`) REFERENCES `craft_locales` (`locale`) ON DELETE CASCADE ON UPDATE CASCADE;

--
-- Constraints for table `craft_elements_i18n`
--
ALTER TABLE `craft_elements_i18n`
	ADD CONSTRAINT `craft_elements_i18n_elementId_fk` FOREIGN KEY (`elementId`) REFERENCES `craft_elements` (`id`) ON DELETE CASCADE,
	ADD CONSTRAINT `craft_elements_i18n_locale_fk` FOREIGN KEY (`locale`) REFERENCES `craft_locales` (`locale`) ON DELETE CASCADE ON UPDATE CASCADE;

--
-- Constraints for table `craft_emailmessages`
--
ALTER TABLE `craft_emailmessages`
	ADD CONSTRAINT `craft_emailmessages_locale_fk` FOREIGN KEY (`locale`) REFERENCES `craft_locales` (`locale`) ON DELETE CASCADE ON UPDATE CASCADE;

--
-- Constraints for table `craft_entries`
--
ALTER TABLE `craft_entries`
	ADD CONSTRAINT `craft_entries_authorId_fk` FOREIGN KEY (`authorId`) REFERENCES `craft_users` (`id`) ON DELETE CASCADE,
	ADD CONSTRAINT `craft_entries_id_fk` FOREIGN KEY (`id`) REFERENCES `craft_elements` (`id`) ON DELETE CASCADE,
	ADD CONSTRAINT `craft_entries_sectionId_fk` FOREIGN KEY (`sectionId`) REFERENCES `craft_sections` (`id`) ON DELETE CASCADE,
	ADD CONSTRAINT `craft_entries_typeId_fk` FOREIGN KEY (`typeId`) REFERENCES `craft_entrytypes` (`id`) ON DELETE CASCADE;

--
-- Constraints for table `craft_entrydrafts`
--
ALTER TABLE `craft_entrydrafts`
	ADD CONSTRAINT `craft_entrydrafts_creatorId_fk` FOREIGN KEY (`creatorId`) REFERENCES `craft_users` (`id`) ON DELETE CASCADE,
	ADD CONSTRAINT `craft_entrydrafts_entryId_fk` FOREIGN KEY (`entryId`) REFERENCES `craft_entries` (`id`) ON DELETE CASCADE,
	ADD CONSTRAINT `craft_entrydrafts_locale_fk` FOREIGN KEY (`locale`) REFERENCES `craft_locales` (`locale`) ON DELETE CASCADE ON UPDATE CASCADE,
	ADD CONSTRAINT `craft_entrydrafts_sectionId_fk` FOREIGN KEY (`sectionId`) REFERENCES `craft_sections` (`id`) ON DELETE CASCADE;

--
-- Constraints for table `craft_entrytypes`
--
ALTER TABLE `craft_entrytypes`
	ADD CONSTRAINT `craft_entrytypes_fieldLayoutId_fk` FOREIGN KEY (`fieldLayoutId`) REFERENCES `craft_fieldlayouts` (`id`) ON DELETE SET NULL,
	ADD CONSTRAINT `craft_entrytypes_sectionId_fk` FOREIGN KEY (`sectionId`) REFERENCES `craft_sections` (`id`) ON DELETE CASCADE;

--
-- Constraints for table `craft_entryversions`
--
ALTER TABLE `craft_entryversions`
	ADD CONSTRAINT `craft_entryversions_creatorId_fk` FOREIGN KEY (`creatorId`) REFERENCES `craft_users` (`id`) ON DELETE SET NULL,
	ADD CONSTRAINT `craft_entryversions_entryId_fk` FOREIGN KEY (`entryId`) REFERENCES `craft_entries` (`id`) ON DELETE CASCADE,
	ADD CONSTRAINT `craft_entryversions_locale_fk` FOREIGN KEY (`locale`) REFERENCES `craft_locales` (`locale`) ON DELETE CASCADE ON UPDATE CASCADE,
	ADD CONSTRAINT `craft_entryversions_sectionId_fk` FOREIGN KEY (`sectionId`) REFERENCES `craft_sections` (`id`) ON DELETE CASCADE;

--
-- Constraints for table `craft_fieldlayoutfields`
--
ALTER TABLE `craft_fieldlayoutfields`
	ADD CONSTRAINT `craft_fieldlayoutfields_fieldId_fk` FOREIGN KEY (`fieldId`) REFERENCES `craft_fields` (`id`) ON DELETE CASCADE,
	ADD CONSTRAINT `craft_fieldlayoutfields_layoutId_fk` FOREIGN KEY (`layoutId`) REFERENCES `craft_fieldlayouts` (`id`) ON DELETE CASCADE,
	ADD CONSTRAINT `craft_fieldlayoutfields_tabId_fk` FOREIGN KEY (`tabId`) REFERENCES `craft_fieldlayouttabs` (`id`) ON DELETE CASCADE;

--
-- Constraints for table `craft_fieldlayouttabs`
--
ALTER TABLE `craft_fieldlayouttabs`
	ADD CONSTRAINT `craft_fieldlayouttabs_layoutId_fk` FOREIGN KEY (`layoutId`) REFERENCES `craft_fieldlayouts` (`id`) ON DELETE CASCADE;

--
-- Constraints for table `craft_fields`
--
ALTER TABLE `craft_fields`
	ADD CONSTRAINT `craft_fields_groupId_fk` FOREIGN KEY (`groupId`) REFERENCES `craft_fieldgroups` (`id`) ON DELETE CASCADE;

--
-- Constraints for table `craft_formbuilder_entries`
--
ALTER TABLE `craft_formbuilder_entries`
	ADD CONSTRAINT `craft_formbuilder_entries_formId_fk` FOREIGN KEY (`formId`) REFERENCES `craft_formbuilder_forms` (`id`) ON DELETE CASCADE,
	ADD CONSTRAINT `craft_formbuilder_entries_id_fk` FOREIGN KEY (`id`) REFERENCES `craft_elements` (`id`) ON DELETE CASCADE,
	ADD CONSTRAINT `craft_formbuilder_entries_statusId_fk` FOREIGN KEY (`statusId`) REFERENCES `craft_formbuilder_entrystatuses` (`id`) ON DELETE SET NULL;

--
-- Constraints for table `craft_formbuilder_fields`
--
ALTER TABLE `craft_formbuilder_fields`
	ADD CONSTRAINT `craft_formbuilder_fields_fieldId_fk` FOREIGN KEY (`fieldId`) REFERENCES `craft_fields` (`id`) ON DELETE CASCADE,
	ADD CONSTRAINT `craft_formbuilder_fields_fieldLayoutId_fk` FOREIGN KEY (`fieldLayoutId`) REFERENCES `craft_fieldlayouts` (`id`) ON DELETE CASCADE;

--
-- Constraints for table `craft_formbuilder_fieldsets`
--
ALTER TABLE `craft_formbuilder_fieldsets`
	ADD CONSTRAINT `craft_formbuilder_fieldsets_fieldLayoutId_fk` FOREIGN KEY (`fieldLayoutId`) REFERENCES `craft_fieldlayouts` (`id`) ON DELETE CASCADE,
	ADD CONSTRAINT `craft_formbuilder_fieldsets_tabId_fk` FOREIGN KEY (`tabId`) REFERENCES `craft_fieldlayouttabs` (`id`) ON DELETE CASCADE;

--
-- Constraints for table `craft_formbuilder_forms`
--
ALTER TABLE `craft_formbuilder_forms`
	ADD CONSTRAINT `craft_formbuilder_forms_fieldLayoutId_fk` FOREIGN KEY (`fieldLayoutId`) REFERENCES `craft_fieldlayouts` (`id`) ON DELETE SET NULL,
	ADD CONSTRAINT `craft_formbuilder_forms_groupId_fk` FOREIGN KEY (`groupId`) REFERENCES `craft_formbuilder_groups` (`id`) ON DELETE CASCADE,
	ADD CONSTRAINT `craft_formbuilder_forms_id_fk` FOREIGN KEY (`id`) REFERENCES `craft_elements` (`id`) ON DELETE CASCADE,
	ADD CONSTRAINT `craft_formbuilder_forms_statusId_fk` FOREIGN KEY (`statusId`) REFERENCES `craft_formbuilder_formstatuses` (`id`) ON DELETE SET NULL;

--
-- Constraints for table `craft_globalsets`
--
ALTER TABLE `craft_globalsets`
	ADD CONSTRAINT `craft_globalsets_fieldLayoutId_fk` FOREIGN KEY (`fieldLayoutId`) REFERENCES `craft_fieldlayouts` (`id`) ON DELETE SET NULL,
	ADD CONSTRAINT `craft_globalsets_id_fk` FOREIGN KEY (`id`) REFERENCES `craft_elements` (`id`) ON DELETE CASCADE;

--
-- Constraints for table `craft_matrixblocks`
--
ALTER TABLE `craft_matrixblocks`
	ADD CONSTRAINT `craft_matrixblocks_fieldId_fk` FOREIGN KEY (`fieldId`) REFERENCES `craft_fields` (`id`) ON DELETE CASCADE,
	ADD CONSTRAINT `craft_matrixblocks_id_fk` FOREIGN KEY (`id`) REFERENCES `craft_elements` (`id`) ON DELETE CASCADE,
	ADD CONSTRAINT `craft_matrixblocks_ownerId_fk` FOREIGN KEY (`ownerId`) REFERENCES `craft_elements` (`id`) ON DELETE CASCADE,
	ADD CONSTRAINT `craft_matrixblocks_ownerLocale_fk` FOREIGN KEY (`ownerLocale`) REFERENCES `craft_locales` (`locale`) ON DELETE CASCADE ON UPDATE CASCADE,
	ADD CONSTRAINT `craft_matrixblocks_typeId_fk` FOREIGN KEY (`typeId`) REFERENCES `craft_matrixblocktypes` (`id`) ON DELETE CASCADE;

--
-- Constraints for table `craft_matrixblocktypes`
--
ALTER TABLE `craft_matrixblocktypes`
	ADD CONSTRAINT `craft_matrixblocktypes_fieldId_fk` FOREIGN KEY (`fieldId`) REFERENCES `craft_fields` (`id`) ON DELETE CASCADE,
	ADD CONSTRAINT `craft_matrixblocktypes_fieldLayoutId_fk` FOREIGN KEY (`fieldLayoutId`) REFERENCES `craft_fieldlayouts` (`id`) ON DELETE SET NULL;

--
-- Constraints for table `craft_migrations`
--
ALTER TABLE `craft_migrations`
	ADD CONSTRAINT `craft_migrations_pluginId_fk` FOREIGN KEY (`pluginId`) REFERENCES `craft_plugins` (`id`) ON DELETE CASCADE;

--
-- Constraints for table `craft_relations`
--
ALTER TABLE `craft_relations`
	ADD CONSTRAINT `craft_relations_fieldId_fk` FOREIGN KEY (`fieldId`) REFERENCES `craft_fields` (`id`) ON DELETE CASCADE,
	ADD CONSTRAINT `craft_relations_sourceId_fk` FOREIGN KEY (`sourceId`) REFERENCES `craft_elements` (`id`) ON DELETE CASCADE,
	ADD CONSTRAINT `craft_relations_sourceLocale_fk` FOREIGN KEY (`sourceLocale`) REFERENCES `craft_locales` (`locale`) ON DELETE CASCADE ON UPDATE CASCADE,
	ADD CONSTRAINT `craft_relations_targetId_fk` FOREIGN KEY (`targetId`) REFERENCES `craft_elements` (`id`) ON DELETE CASCADE;

--
-- Constraints for table `craft_routes`
--
ALTER TABLE `craft_routes`
	ADD CONSTRAINT `craft_routes_locale_fk` FOREIGN KEY (`locale`) REFERENCES `craft_locales` (`locale`) ON DELETE CASCADE ON UPDATE CASCADE;

--
-- Constraints for table `craft_sections`
--
ALTER TABLE `craft_sections`
	ADD CONSTRAINT `craft_sections_structureId_fk` FOREIGN KEY (`structureId`) REFERENCES `craft_structures` (`id`) ON DELETE SET NULL;

--
-- Constraints for table `craft_sections_i18n`
--
ALTER TABLE `craft_sections_i18n`
	ADD CONSTRAINT `craft_sections_i18n_locale_fk` FOREIGN KEY (`locale`) REFERENCES `craft_locales` (`locale`) ON DELETE CASCADE ON UPDATE CASCADE,
	ADD CONSTRAINT `craft_sections_i18n_sectionId_fk` FOREIGN KEY (`sectionId`) REFERENCES `craft_sections` (`id`) ON DELETE CASCADE;

--
-- Constraints for table `craft_sessions`
--
ALTER TABLE `craft_sessions`
	ADD CONSTRAINT `craft_sessions_userId_fk` FOREIGN KEY (`userId`) REFERENCES `craft_users` (`id`) ON DELETE CASCADE;

--
-- Constraints for table `craft_shunnedmessages`
--
ALTER TABLE `craft_shunnedmessages`
	ADD CONSTRAINT `craft_shunnedmessages_userId_fk` FOREIGN KEY (`userId`) REFERENCES `craft_users` (`id`) ON DELETE CASCADE;

--
-- Constraints for table `craft_structureelements`
--
ALTER TABLE `craft_structureelements`
	ADD CONSTRAINT `craft_structureelements_elementId_fk` FOREIGN KEY (`elementId`) REFERENCES `craft_elements` (`id`) ON DELETE CASCADE,
	ADD CONSTRAINT `craft_structureelements_structureId_fk` FOREIGN KEY (`structureId`) REFERENCES `craft_structures` (`id`) ON DELETE CASCADE;

--
-- Constraints for table `craft_taggroups`
--
ALTER TABLE `craft_taggroups`
	ADD CONSTRAINT `craft_taggroups_fieldLayoutId_fk` FOREIGN KEY (`fieldLayoutId`) REFERENCES `craft_fieldlayouts` (`id`) ON DELETE SET NULL;

--
-- Constraints for table `craft_tags`
--
ALTER TABLE `craft_tags`
	ADD CONSTRAINT `craft_tags_groupId_fk` FOREIGN KEY (`groupId`) REFERENCES `craft_taggroups` (`id`) ON DELETE CASCADE,
	ADD CONSTRAINT `craft_tags_id_fk` FOREIGN KEY (`id`) REFERENCES `craft_elements` (`id`) ON DELETE CASCADE;

--
-- Constraints for table `craft_templatecachecriteria`
--
ALTER TABLE `craft_templatecachecriteria`
	ADD CONSTRAINT `craft_templatecachecriteria_cacheId_fk` FOREIGN KEY (`cacheId`) REFERENCES `craft_templatecaches` (`id`) ON DELETE CASCADE;

--
-- Constraints for table `craft_templatecacheelements`
--
ALTER TABLE `craft_templatecacheelements`
	ADD CONSTRAINT `craft_templatecacheelements_cacheId_fk` FOREIGN KEY (`cacheId`) REFERENCES `craft_templatecaches` (`id`) ON DELETE CASCADE,
	ADD CONSTRAINT `craft_templatecacheelements_elementId_fk` FOREIGN KEY (`elementId`) REFERENCES `craft_elements` (`id`) ON DELETE CASCADE;

--
-- Constraints for table `craft_templatecaches`
--
ALTER TABLE `craft_templatecaches`
	ADD CONSTRAINT `craft_templatecaches_locale_fk` FOREIGN KEY (`locale`) REFERENCES `craft_locales` (`locale`) ON DELETE CASCADE ON UPDATE CASCADE;

--
-- Constraints for table `craft_usergroups_users`
--
ALTER TABLE `craft_usergroups_users`
	ADD CONSTRAINT `craft_usergroups_users_groupId_fk` FOREIGN KEY (`groupId`) REFERENCES `craft_usergroups` (`id`) ON DELETE CASCADE,
	ADD CONSTRAINT `craft_usergroups_users_userId_fk` FOREIGN KEY (`userId`) REFERENCES `craft_users` (`id`) ON DELETE CASCADE;

--
-- Constraints for table `craft_userpermissions_usergroups`
--
ALTER TABLE `craft_userpermissions_usergroups`
	ADD CONSTRAINT `craft_userpermissions_usergroups_groupId_fk` FOREIGN KEY (`groupId`) REFERENCES `craft_usergroups` (`id`) ON DELETE CASCADE,
	ADD CONSTRAINT `craft_userpermissions_usergroups_permissionId_fk` FOREIGN KEY (`permissionId`) REFERENCES `craft_userpermissions` (`id`) ON DELETE CASCADE;

--
-- Constraints for table `craft_userpermissions_users`
--
ALTER TABLE `craft_userpermissions_users`
	ADD CONSTRAINT `craft_userpermissions_users_permissionId_fk` FOREIGN KEY (`permissionId`) REFERENCES `craft_userpermissions` (`id`) ON DELETE CASCADE,
	ADD CONSTRAINT `craft_userpermissions_users_userId_fk` FOREIGN KEY (`userId`) REFERENCES `craft_users` (`id`) ON DELETE CASCADE;

--
-- Constraints for table `craft_users`
--
ALTER TABLE `craft_users`
	ADD CONSTRAINT `craft_users_id_fk` FOREIGN KEY (`id`) REFERENCES `craft_elements` (`id`) ON DELETE CASCADE,
	ADD CONSTRAINT `craft_users_preferredLocale_fk` FOREIGN KEY (`preferredLocale`) REFERENCES `craft_locales` (`locale`) ON DELETE SET NULL ON UPDATE CASCADE;

--
-- Constraints for table `craft_venti_events`
--
ALTER TABLE `craft_venti_events`
	ADD CONSTRAINT `craft_venti_events_eventid_fk` FOREIGN KEY (`eventid`) REFERENCES `craft_elements` (`id`) ON DELETE CASCADE;

--
-- Constraints for table `craft_widgets`
--
ALTER TABLE `craft_widgets`
	ADD CONSTRAINT `craft_widgets_userId_fk` FOREIGN KEY (`userId`) REFERENCES `craft_users` (`id`) ON DELETE CASCADE;

SET FOREIGN_KEY_CHECKS = 1;
